id,period_start_art,period_end_art,period_start_utc,period_end_utc,min_value_c,max_value_c,avg_value_c,sample_count,created_at_art
92,2026-08-19T00:02:15-03:00,2026-08-19T00:07:16-03:00,2026-08-19T03:02:15+00:00,2026-08-19T03:07:16+00:00,-22.75,-21.9375,-22.36354,60,2026-08-19T00:05:45.292602-03:00
93,2026-08-19T00:07:16-03:00,2026-08-19T00:12:16-03:00,2026-08-19T03:07:16+00:00,2026-08-19T03:12:16+00:00,-22.875,-22,-22.49896,60,2026-08-19T00:10:45.832319-03:00
94,2026-08-19T00:12:16-03:00,2026-08-19T00:17:16-03:00,2026-08-19T03:12:16+00:00,2026-08-19T03:17:16+00:00,-21.9375,-21,-21.47083,60,2026-08-19T00:15:46.457028-03:00
95,2026-08-19T00:17:16-03:00,2026-08-19T00:22:16-03:00,2026-08-19T03:17:16+00:00,2026-08-19T03:22:16+00:00,-21,-20.25,-20.63333,60,2026-08-19T00:20:46.023270-03:00
96,2026-08-19T00:22:16-03:00,2026-08-19T00:27:16-03:00,2026-08-19T03:22:16+00:00,2026-08-19T03:27:16+00:00,-20.25,-19.6875,-19.96458,60,2026-08-19T00:25:45.786139-03:00
97,2026-08-19T00:27:16-03:00,2026-08-19T00:32:16-03:00,2026-08-19T03:27:16+00:00,2026-08-19T03:32:16+00:00,-19.6875,-19.1875,-19.43229,60,2026-08-19T00:30:46.092954-03:00
98,2026-08-19T00:32:16-03:00,2026-08-19T00:37:16-03:00,2026-08-19T03:32:16+00:00,2026-08-19T03:37:16+00:00,-19.1875,-18.75,-18.97708,60,2026-08-19T00:35:45.628622-03:00
99,2026-08-19T00:37:16-03:00,2026-08-19T00:42:16-03:00,2026-08-19T03:37:16+00:00,2026-08-19T03:42:16+00:00,-18.75,-18.4375,-18.59687,60,2026-08-19T00:40:45.620241-03:00
100,2026-08-19T00:42:16-03:00,2026-08-19T00:47:16-03:00,2026-08-19T03:42:16+00:00,2026-08-19T03:47:16+00:00,-18.4375,-18.125,-18.26875,60,2026-08-19T00:45:45.813893-03:00
101,2026-08-19T00:47:16-03:00,2026-08-19T00:52:16-03:00,2026-08-19T03:47:16+00:00,2026-08-19T03:52:16+00:00,-18.125,-17.875,-17.98021,60,2026-08-19T00:50:46.129108-03:00
102,2026-08-19T00:52:16-03:00,2026-08-19T00:57:16-03:00,2026-08-19T03:52:16+00:00,2026-08-19T03:57:16+00:00,-17.875,-17.625,-17.71875,60,2026-08-19T00:55:46.167479-03:00
103,2026-08-19T00:57:16-03:00,2026-08-19T01:02:16-03:00,2026-08-19T03:57:16+00:00,2026-08-19T04:02:16+00:00,-17.625,-17.375,-17.49375,60,2026-08-19T01:00:46.281037-03:00
104,2026-08-19T01:02:16-03:00,2026-08-19T01:07:16-03:00,2026-08-19T04:02:16+00:00,2026-08-19T04:07:16+00:00,-17.375,-17.1875,-17.28958,60,2026-08-19T01:05:46.171311-03:00
105,2026-08-19T01:07:16-03:00,2026-08-19T01:12:16-03:00,2026-08-19T04:07:16+00:00,2026-08-19T04:12:16+00:00,-17.1875,-17,-17.09896,60,2026-08-19T01:10:46.700192-03:00
106,2026-08-19T01:12:16-03:00,2026-08-19T01:17:16-03:00,2026-08-19T04:12:16+00:00,2026-08-19T04:17:16+00:00,-17,-16.875,-16.92917,60,2026-08-19T01:15:45.776486-03:00
107,2026-08-19T01:17:16-03:00,2026-08-19T01:22:16-03:00,2026-08-19T04:17:16+00:00,2026-08-19T04:22:16+00:00,-16.875,-16.75,-16.78333,60,2026-08-19T01:20:46.276994-03:00
108,2026-08-19T01:22:16-03:00,2026-08-19T01:27:16-03:00,2026-08-19T04:22:16+00:00,2026-08-19T04:27:16+00:00,-18.5625,-16.875,-17.6125,60,2026-08-19T01:25:46.253554-03:00
109,2026-08-19T01:27:16-03:00,2026-08-19T01:32:16-03:00,2026-08-19T04:27:16+00:00,2026-08-19T04:32:16+00:00,-20.4375,-18.5625,-19.53437,60,2026-08-19T01:30:46.074598-03:00
110,2026-08-19T01:32:16-03:00,2026-08-19T01:37:16-03:00,2026-08-19T04:32:16+00:00,2026-08-19T04:37:16+00:00,-21.8125,-20.4375,-21.16354,60,2026-08-19T01:35:46.254751-03:00
111,2026-08-19T01:37:16-03:00,2026-08-19T01:42:16-03:00,2026-08-19T04:37:16+00:00,2026-08-19T04:42:16+00:00,-22.625,-21.8125,-22.29792,60,2026-08-19T01:40:46.213939-03:00
112,2026-08-19T01:42:16-03:00,2026-08-19T01:47:16-03:00,2026-08-19T04:42:16+00:00,2026-08-19T04:47:16+00:00,-22.5,-21.4375,-21.95417,60,2026-08-19T01:45:46.586831-03:00
113,2026-08-19T01:47:16-03:00,2026-08-19T01:52:16-03:00,2026-08-19T04:47:16+00:00,2026-08-19T04:52:16+00:00,-21.375,-20.5625,-20.95625,60,2026-08-19T01:50:46.134710-03:00
114,2026-08-19T01:52:16-03:00,2026-08-19T01:57:16-03:00,2026-08-19T04:52:16+00:00,2026-08-19T04:57:16+00:00,-20.5625,-19.875,-20.21146,60,2026-08-19T01:55:46.333167-03:00
115,2026-08-19T01:57:16-03:00,2026-08-19T02:02:16-03:00,2026-08-19T04:57:16+00:00,2026-08-19T05:02:16+00:00,-19.875,-19.375,-19.61667,60,2026-08-19T02:00:46.165895-03:00
116,2026-08-19T02:02:16-03:00,2026-08-19T02:07:16-03:00,2026-08-19T05:02:16+00:00,2026-08-19T05:07:16+00:00,-19.375,-18.9375,-19.1375,60,2026-08-19T02:05:46.235871-03:00
117,2026-08-19T02:07:16-03:00,2026-08-19T02:12:16-03:00,2026-08-19T05:07:16+00:00,2026-08-19T05:12:16+00:00,-18.875,-18.5625,-18.71354,60,2026-08-19T02:10:46.408524-03:00
118,2026-08-19T02:12:16-03:00,2026-08-19T02:17:16-03:00,2026-08-19T05:12:16+00:00,2026-08-19T05:17:16+00:00,-18.5,-18.1875,-18.34896,60,2026-08-19T02:15:46.963259-03:00
119,2026-08-19T02:17:16-03:00,2026-08-19T02:22:17-03:00,2026-08-19T05:17:16+00:00,2026-08-19T05:22:17+00:00,-18.1875,-17.875,-18.02188,60,2026-08-19T02:20:46.332875-03:00
120,2026-08-19T02:22:17-03:00,2026-08-19T02:27:17-03:00,2026-08-19T05:22:17+00:00,2026-08-19T05:27:17+00:00,-17.875,-17.625,-17.74271,60,2026-08-19T02:25:46.391457-03:00
121,2026-08-19T02:27:17-03:00,2026-08-19T02:32:17-03:00,2026-08-19T05:27:17+00:00,2026-08-19T05:32:17+00:00,-17.625,-17.375,-17.49896,60,2026-08-19T02:30:46.050388-03:00
122,2026-08-19T02:32:17-03:00,2026-08-19T02:37:17-03:00,2026-08-19T05:32:17+00:00,2026-08-19T05:37:17+00:00,-17.375,-17.1875,-17.28021,60,2026-08-19T02:35:46.352000-03:00
123,2026-08-19T02:37:17-03:00,2026-08-19T02:42:17-03:00,2026-08-19T05:37:17+00:00,2026-08-19T05:42:17+00:00,-17.1875,-17,-17.08125,60,2026-08-19T02:40:46.026667-03:00
124,2026-08-19T02:42:17-03:00,2026-08-19T02:47:17-03:00,2026-08-19T05:42:17+00:00,2026-08-19T05:47:17+00:00,-17,-16.8125,-16.90417,60,2026-08-19T02:45:46.362876-03:00
125,2026-08-19T02:47:17-03:00,2026-08-19T02:52:17-03:00,2026-08-19T05:47:17+00:00,2026-08-19T05:52:17+00:00,-16.8125,-16.625,-16.73542,60,2026-08-19T02:50:46.492569-03:00
126,2026-08-19T02:52:17-03:00,2026-08-19T02:57:17-03:00,2026-08-19T05:52:17+00:00,2026-08-19T05:57:17+00:00,-16.625,-16.5,-16.58958,60,2026-08-19T02:55:46.433396-03:00
127,2026-08-19T02:57:17-03:00,2026-08-19T03:02:17-03:00,2026-08-19T05:57:17+00:00,2026-08-19T06:02:17+00:00,-16.5,-16.375,-16.45417,60,2026-08-19T03:00:46.333371-03:00
128,2026-08-19T03:02:17-03:00,2026-08-19T03:07:17-03:00,2026-08-19T06:02:17+00:00,2026-08-19T06:07:17+00:00,-16.625,-16.3125,-16.39688,60,2026-08-19T03:05:47.125281-03:00
129,2026-08-19T03:07:17-03:00,2026-08-19T03:12:17-03:00,2026-08-19T06:07:17+00:00,2026-08-19T06:12:17+00:00,-18.625,-16.625,-17.59687,60,2026-08-19T03:10:46.710153-03:00
130,2026-08-19T03:12:17-03:00,2026-08-19T03:17:17-03:00,2026-08-19T06:12:17+00:00,2026-08-19T06:17:17+00:00,-20.5,-18.6875,-19.64896,60,2026-08-19T03:15:46.354469-03:00
131,2026-08-19T03:17:17-03:00,2026-08-19T03:22:17-03:00,2026-08-19T06:17:17+00:00,2026-08-19T06:22:17+00:00,-21.875,-20.5625,-21.23646,60,2026-08-19T03:20:46.518317-03:00
132,2026-08-19T03:22:17-03:00,2026-08-19T03:27:17-03:00,2026-08-19T06:22:17+00:00,2026-08-19T06:27:17+00:00,-22.1875,-21.4375,-21.90417,60,2026-08-19T03:25:46.818917-03:00
133,2026-08-19T03:27:17-03:00,2026-08-19T03:32:17-03:00,2026-08-19T06:27:17+00:00,2026-08-19T06:32:17+00:00,-21.4375,-20.5,-20.93958,60,2026-08-19T03:30:46.515637-03:00
134,2026-08-19T03:32:17-03:00,2026-08-19T03:37:17-03:00,2026-08-19T06:32:17+00:00,2026-08-19T06:37:17+00:00,-20.5,-19.8125,-20.11875,60,2026-08-19T03:35:46.459102-03:00
135,2026-08-19T03:37:17-03:00,2026-08-19T03:42:17-03:00,2026-08-19T06:37:17+00:00,2026-08-19T06:42:17+00:00,-19.75,-19.1875,-19.48542,60,2026-08-19T03:40:46.377360-03:00
136,2026-08-19T03:42:17-03:00,2026-08-19T03:47:17-03:00,2026-08-19T06:42:17+00:00,2026-08-19T06:47:17+00:00,-19.1875,-18.75,-18.97604,60,2026-08-19T03:45:46.175466-03:00
137,2026-08-19T03:47:17-03:00,2026-08-19T03:52:17-03:00,2026-08-19T06:47:17+00:00,2026-08-19T06:52:17+00:00,-18.75,-18.375,-18.55521,60,2026-08-19T03:50:46.653045-03:00
138,2026-08-19T03:52:17-03:00,2026-08-19T03:57:17-03:00,2026-08-19T06:52:17+00:00,2026-08-19T06:57:17+00:00,-18.375,-18,-18.18542,60,2026-08-19T03:55:46.981709-03:00
139,2026-08-19T03:57:17-03:00,2026-08-19T04:02:17-03:00,2026-08-19T06:57:17+00:00,2026-08-19T07:02:17+00:00,-18,-17.6875,-17.85,60,2026-08-19T04:00:46.463662-03:00
140,2026-08-19T04:02:17-03:00,2026-08-19T04:07:17-03:00,2026-08-19T07:02:17+00:00,2026-08-19T07:07:17+00:00,-17.6875,-17.4375,-17.55625,60,2026-08-19T04:05:46.548239-03:00
141,2026-08-19T04:07:17-03:00,2026-08-19T04:12:17-03:00,2026-08-19T07:07:17+00:00,2026-08-19T07:12:17+00:00,-17.4375,-17.1875,-17.30104,60,2026-08-19T04:10:46.457486-03:00
142,2026-08-19T04:12:17-03:00,2026-08-19T04:17:17-03:00,2026-08-19T07:12:17+00:00,2026-08-19T07:17:17+00:00,-17.1875,-17,-17.09375,60,2026-08-19T04:15:47.249768-03:00
143,2026-08-19T04:17:17-03:00,2026-08-19T04:22:17-03:00,2026-08-19T07:17:17+00:00,2026-08-19T07:22:17+00:00,-17,-16.8125,-16.90729,60,2026-08-19T04:20:46.924273-03:00
144,2026-08-19T04:22:17-03:00,2026-08-19T04:27:17-03:00,2026-08-19T07:22:17+00:00,2026-08-19T07:27:17+00:00,-16.8125,-16.625,-16.74167,60,2026-08-19T04:25:46.943300-03:00
145,2026-08-19T04:27:17-03:00,2026-08-19T04:32:17-03:00,2026-08-19T07:27:17+00:00,2026-08-19T07:32:17+00:00,-16.6875,-16.5,-16.58542,60,2026-08-19T04:30:46.764116-03:00
146,2026-08-19T04:32:17-03:00,2026-08-19T04:37:17-03:00,2026-08-19T07:32:17+00:00,2026-08-19T07:37:17+00:00,-16.5,-16.375,-16.44167,60,2026-08-19T04:35:46.192921-03:00
147,2026-08-19T04:37:17-03:00,2026-08-19T04:42:18-03:00,2026-08-19T07:37:17+00:00,2026-08-19T07:42:18+00:00,-16.375,-16.25,-16.30625,60,2026-08-19T04:40:46.628460-03:00
148,2026-08-19T04:42:18-03:00,2026-08-19T04:47:18-03:00,2026-08-19T07:42:18+00:00,2026-08-19T07:47:18+00:00,-17.5,-16.25,-16.67708,60,2026-08-19T04:45:46.315119-03:00
149,2026-08-19T04:47:18-03:00,2026-08-19T04:52:18-03:00,2026-08-19T07:47:18+00:00,2026-08-19T07:52:18+00:00,-19.625,-17.5625,-18.59271,60,2026-08-19T04:50:46.762727-03:00
150,2026-08-19T04:52:18-03:00,2026-08-19T04:57:18-03:00,2026-08-19T07:52:18+00:00,2026-08-19T07:57:18+00:00,-21.1875,-19.625,-20.46042,60,2026-08-19T04:55:47.031728-03:00
151,2026-08-19T04:57:18-03:00,2026-08-19T05:02:18-03:00,2026-08-19T07:57:18+00:00,2026-08-19T08:02:18+00:00,-22,-21.25,-21.7125,60,2026-08-19T05:00:46.675861-03:00
152,2026-08-19T05:02:18-03:00,2026-08-19T05:07:18-03:00,2026-08-19T08:02:18+00:00,2026-08-19T08:07:18+00:00,-21.6875,-20.6875,-21.17396,60,2026-08-19T05:05:47.005225-03:00
153,2026-08-19T05:07:18-03:00,2026-08-19T05:12:18-03:00,2026-08-19T08:07:18+00:00,2026-08-19T08:12:18+00:00,-20.625,-19.875,-20.24375,60,2026-08-19T05:10:46.527909-03:00
154,2026-08-19T05:12:18-03:00,2026-08-19T05:17:18-03:00,2026-08-19T08:12:18+00:00,2026-08-19T08:17:18+00:00,-19.875,-19.25,-19.54271,60,2026-08-19T05:15:46.899999-03:00
155,2026-08-19T05:17:18-03:00,2026-08-19T05:22:18-03:00,2026-08-19T08:17:18+00:00,2026-08-19T08:22:18+00:00,-19.25,-18.75,-18.97708,60,2026-08-19T05:20:46.619833-03:00
156,2026-08-19T05:22:18-03:00,2026-08-19T05:27:18-03:00,2026-08-19T08:22:18+00:00,2026-08-19T08:27:18+00:00,-18.75,-18.375,-18.52292,60,2026-08-19T05:25:47.673761-03:00
157,2026-08-19T05:27:18-03:00,2026-08-19T05:32:18-03:00,2026-08-19T08:27:18+00:00,2026-08-19T08:32:18+00:00,-18.3125,-18,-18.16458,60,2026-08-19T05:30:46.668684-03:00
158,2026-08-19T05:32:18-03:00,2026-08-19T05:37:18-03:00,2026-08-19T08:32:18+00:00,2026-08-19T08:37:18+00:00,-18,-17.6875,-17.83646,60,2026-08-19T05:35:46.917071-03:00
159,2026-08-19T05:37:18-03:00,2026-08-19T05:42:18-03:00,2026-08-19T08:37:18+00:00,2026-08-19T08:42:18+00:00,-17.6875,-17.375,-17.54896,60,2026-08-19T05:40:46.893193-03:00
160,2026-08-19T05:42:18-03:00,2026-08-19T05:47:18-03:00,2026-08-19T08:42:18+00:00,2026-08-19T08:47:18+00:00,-17.4375,-17.1875,-17.28958,60,2026-08-19T05:45:47.030155-03:00
161,2026-08-19T05:47:18-03:00,2026-08-19T05:52:18-03:00,2026-08-19T08:47:18+00:00,2026-08-19T08:52:18+00:00,-17.1875,-16.9375,-17.0625,60,2026-08-19T05:50:46.874745-03:00
162,2026-08-19T05:52:18-03:00,2026-08-19T05:57:18-03:00,2026-08-19T08:52:18+00:00,2026-08-19T08:57:18+00:00,-16.9375,-16.8125,-16.875,60,2026-08-19T05:55:46.785400-03:00
163,2026-08-19T05:57:18-03:00,2026-08-19T06:02:18-03:00,2026-08-19T08:57:18+00:00,2026-08-19T09:02:18+00:00,-16.8125,-16.625,-16.69896,60,2026-08-19T06:00:46.744373-03:00
164,2026-08-19T06:02:18-03:00,2026-08-19T06:07:18-03:00,2026-08-19T09:02:18+00:00,2026-08-19T09:07:18+00:00,-16.625,-16.5,-16.55417,60,2026-08-19T06:05:47.212175-03:00
165,2026-08-19T06:07:18-03:00,2026-08-19T06:12:18-03:00,2026-08-19T09:07:18+00:00,2026-08-19T09:12:18+00:00,-16.5,-16.3125,-16.40417,60,2026-08-19T06:10:49.921709-03:00
166,2026-08-19T06:12:18-03:00,2026-08-19T06:17:18-03:00,2026-08-19T09:12:18+00:00,2026-08-19T09:17:18+00:00,-16.3125,-16.1875,-16.27119,59,2026-08-19T06:15:46.929691-03:00
167,2026-08-19T06:17:18-03:00,2026-08-19T06:22:18-03:00,2026-08-19T09:17:18+00:00,2026-08-19T09:22:18+00:00,-16.1875,-16.0625,-16.15,60,2026-08-19T06:20:47.029471-03:00
168,2026-08-19T06:22:18-03:00,2026-08-19T06:27:18-03:00,2026-08-19T09:22:18+00:00,2026-08-19T09:27:18+00:00,-16.0625,-16,-16.03125,60,2026-08-19T06:25:46.983849-03:00
169,2026-08-19T06:27:18-03:00,2026-08-19T06:32:18-03:00,2026-08-19T09:27:18+00:00,2026-08-19T09:32:18+00:00,-16,-15.875,-15.92188,60,2026-08-19T06:30:46.671347-03:00
170,2026-08-19T06:32:18-03:00,2026-08-19T06:37:18-03:00,2026-08-19T09:32:18+00:00,2026-08-19T09:37:18+00:00,-16.875,-15.875,-16.17292,60,2026-08-19T06:35:47.158934-03:00
171,2026-08-19T06:37:18-03:00,2026-08-19T06:42:18-03:00,2026-08-19T09:37:18+00:00,2026-08-19T09:42:18+00:00,-19.0625,-16.9375,-18.00625,60,2026-08-19T06:40:46.715375-03:00
172,2026-08-19T06:42:18-03:00,2026-08-19T06:47:18-03:00,2026-08-19T09:42:18+00:00,2026-08-19T09:47:18+00:00,-20.8125,-19.125,-20.0125,60,2026-08-19T06:45:46.769134-03:00
173,2026-08-19T06:47:18-03:00,2026-08-19T06:52:18-03:00,2026-08-19T09:47:18+00:00,2026-08-19T09:52:18+00:00,-21.625,-20.875,-21.32604,60,2026-08-19T06:50:47.064361-03:00
174,2026-08-19T06:52:18-03:00,2026-08-19T06:57:19-03:00,2026-08-19T09:52:18+00:00,2026-08-19T09:57:19+00:00,-21.1875,-20.1875,-20.67188,60,2026-08-19T06:55:46.720310-03:00
175,2026-08-19T06:57:19-03:00,2026-08-19T07:02:19-03:00,2026-08-19T09:57:19+00:00,2026-08-19T10:02:19+00:00,-20.1875,-19.4375,-19.78437,60,2026-08-19T07:00:46.868502-03:00
176,2026-08-19T07:02:19-03:00,2026-08-19T07:07:19-03:00,2026-08-19T10:02:19+00:00,2026-08-19T10:07:19+00:00,-19.4375,-18.8125,-19.09583,60,2026-08-19T07:05:47.016059-03:00
177,2026-08-19T07:07:19-03:00,2026-08-19T07:12:19-03:00,2026-08-19T10:07:19+00:00,2026-08-19T10:12:19+00:00,-18.75,-18.3125,-18.52396,60,2026-08-19T07:10:46.512947-03:00
178,2026-08-19T07:12:19-03:00,2026-08-19T07:17:19-03:00,2026-08-19T10:12:19+00:00,2026-08-19T10:17:19+00:00,-18.3125,-17.9375,-18.09479,60,2026-08-19T07:15:47.122682-03:00
179,2026-08-19T07:17:19-03:00,2026-08-19T07:22:19-03:00,2026-08-19T10:17:19+00:00,2026-08-19T10:22:19+00:00,-17.9375,-17.625,-17.76354,60,2026-08-19T07:20:46.871809-03:00
180,2026-08-19T07:22:19-03:00,2026-08-19T07:27:19-03:00,2026-08-19T10:22:19+00:00,2026-08-19T10:27:19+00:00,-17.625,-17.3125,-17.475,60,2026-08-19T07:25:47.407769-03:00
181,2026-08-19T07:27:19-03:00,2026-08-19T07:32:19-03:00,2026-08-19T10:27:19+00:00,2026-08-19T10:32:19+00:00,-17.3125,-17.0625,-17.20729,60,2026-08-19T07:30:46.906905-03:00
182,2026-08-19T07:32:19-03:00,2026-08-19T07:37:19-03:00,2026-08-19T10:32:19+00:00,2026-08-19T10:37:19+00:00,-17.0625,-16.875,-16.96979,60,2026-08-19T07:35:46.981287-03:00
183,2026-08-19T07:37:19-03:00,2026-08-19T07:42:19-03:00,2026-08-19T10:37:19+00:00,2026-08-19T10:42:19+00:00,-16.875,-16.625,-16.75208,60,2026-08-19T07:40:46.608305-03:00
184,2026-08-19T07:42:19-03:00,2026-08-19T07:47:19-03:00,2026-08-19T10:42:19+00:00,2026-08-19T10:47:19+00:00,-16.625,-16.5,-16.56562,60,2026-08-19T07:45:46.936739-03:00
185,2026-08-19T07:47:19-03:00,2026-08-19T07:52:19-03:00,2026-08-19T10:47:19+00:00,2026-08-19T10:52:19+00:00,-16.5,-16.3125,-16.39583,60,2026-08-19T07:50:46.801404-03:00
186,2026-08-19T07:52:19-03:00,2026-08-19T07:57:19-03:00,2026-08-19T10:52:19+00:00,2026-08-19T10:57:19+00:00,-16.3125,-16.1875,-16.25208,60,2026-08-19T07:55:47.049804-03:00
187,2026-08-19T07:57:19-03:00,2026-08-19T08:02:19-03:00,2026-08-19T10:57:19+00:00,2026-08-19T11:02:19+00:00,-16.1875,-16.0625,-16.13021,60,2026-08-19T08:00:47.213684-03:00
188,2026-08-19T08:02:19-03:00,2026-08-19T08:07:19-03:00,2026-08-19T11:02:19+00:00,2026-08-19T11:07:19+00:00,-16.0625,-15.9375,-16.00937,60,2026-08-19T08:05:46.892184-03:00
189,2026-08-19T08:07:19-03:00,2026-08-19T08:12:19-03:00,2026-08-19T11:07:19+00:00,2026-08-19T11:12:19+00:00,-15.9375,-15.8125,-15.90104,60,2026-08-19T08:10:47.008228-03:00
190,2026-08-19T08:12:19-03:00,2026-08-19T08:17:19-03:00,2026-08-19T11:12:19+00:00,2026-08-19T11:17:19+00:00,-15.875,-15.75,-15.78646,60,2026-08-19T08:15:47.005990-03:00
191,2026-08-19T08:17:19-03:00,2026-08-19T08:22:19-03:00,2026-08-19T11:17:19+00:00,2026-08-19T11:22:19+00:00,-15.75,-15.625,-15.6875,60,2026-08-19T08:20:46.928335-03:00
192,2026-08-19T08:22:19-03:00,2026-08-19T08:27:19-03:00,2026-08-19T11:22:19+00:00,2026-08-19T11:27:19+00:00,-15.625,-15.5625,-15.59167,60,2026-08-19T08:25:47.241479-03:00
193,2026-08-19T08:27:19-03:00,2026-08-19T08:32:19-03:00,2026-08-19T11:27:19+00:00,2026-08-19T11:32:19+00:00,-15.5625,-15.5,-15.51146,60,2026-08-19T08:30:47.090368-03:00
194,2026-08-19T08:32:19-03:00,2026-08-19T08:37:19-03:00,2026-08-19T11:32:19+00:00,2026-08-19T11:37:19+00:00,-17.5,-15.5625,-16.43542,60,2026-08-19T08:35:47.257044-03:00
195,2026-08-19T08:37:19-03:00,2026-08-19T08:42:19-03:00,2026-08-19T11:37:19+00:00,2026-08-19T11:42:19+00:00,-19.625,-17.5625,-18.60104,60,2026-08-19T08:40:47.178907-03:00
196,2026-08-19T08:42:19-03:00,2026-08-19T08:47:19-03:00,2026-08-19T11:42:19+00:00,2026-08-19T11:47:19+00:00,-21.1875,-19.625,-20.44167,60,2026-08-19T08:45:49.442014-03:00
197,2026-08-19T08:47:19-03:00,2026-08-19T08:52:19-03:00,2026-08-19T11:47:19+00:00,2026-08-19T11:52:19+00:00,-21.375,-20.4375,-20.96771,60,2026-08-19T08:50:46.780902-03:00
198,2026-08-19T08:52:19-03:00,2026-08-19T08:57:19-03:00,2026-08-19T11:52:19+00:00,2026-08-19T11:57:19+00:00,-20.4375,-19.5,-19.96146,60,2026-08-19T08:55:47.349801-03:00
199,2026-08-19T08:57:19-03:00,2026-08-19T09:02:19-03:00,2026-08-19T11:57:19+00:00,2026-08-19T12:02:19+00:00,-19.5,-18.0625,-18.525,60,2026-08-19T09:00:47.696405-03:00
200,2026-08-19T09:02:19-03:00,2026-08-19T09:07:19-03:00,2026-08-19T12:02:19+00:00,2026-08-19T12:07:19+00:00,-18.0625,-17.75,-17.90937,60,2026-08-19T09:05:47.195227-03:00
201,2026-08-19T09:07:19-03:00,2026-08-19T09:12:19-03:00,2026-08-19T12:07:19+00:00,2026-08-19T12:12:19+00:00,-17.75,-17.5,-17.61458,60,2026-08-19T09:10:47.558376-03:00
202,2026-08-19T09:12:19-03:00,2026-08-19T09:17:19-03:00,2026-08-19T12:12:19+00:00,2026-08-19T12:17:19+00:00,-17.4375,-17.25,-17.33958,60,2026-08-19T09:15:47.298500-03:00
203,2026-08-19T09:17:19-03:00,2026-08-19T09:22:20-03:00,2026-08-19T12:17:19+00:00,2026-08-19T12:22:20+00:00,-17.1875,-17,-17.10208,60,2026-08-19T09:20:47.156443-03:00
204,2026-08-19T09:22:20-03:00,2026-08-19T09:27:20-03:00,2026-08-19T12:22:20+00:00,2026-08-19T12:27:20+00:00,-17,-16.75,-16.86979,60,2026-08-19T09:25:47.346819-03:00
205,2026-08-19T09:27:20-03:00,2026-08-19T09:32:20-03:00,2026-08-19T12:27:20+00:00,2026-08-19T12:32:20+00:00,-16.75,-16.5,-16.63958,60,2026-08-19T09:30:47.112196-03:00
206,2026-08-19T09:32:20-03:00,2026-08-19T09:37:20-03:00,2026-08-19T12:32:20+00:00,2026-08-19T12:37:20+00:00,-16.5,-16.3125,-16.43229,60,2026-08-19T09:35:47.479975-03:00
207,2026-08-19T09:37:20-03:00,2026-08-19T09:42:20-03:00,2026-08-19T12:37:20+00:00,2026-08-19T12:42:20+00:00,-16.3125,-16.1875,-16.24583,60,2026-08-19T09:40:47.163730-03:00
208,2026-08-19T09:42:20-03:00,2026-08-19T09:47:20-03:00,2026-08-19T12:42:20+00:00,2026-08-19T12:47:20+00:00,-16.125,-16,-16.07604,60,2026-08-19T09:45:47.481405-03:00
209,2026-08-19T09:47:20-03:00,2026-08-19T09:52:20-03:00,2026-08-19T12:47:20+00:00,2026-08-19T12:52:20+00:00,-16,-15.875,-15.93437,60,2026-08-19T09:50:47.257141-03:00
210,2026-08-19T09:52:20-03:00,2026-08-19T09:57:20-03:00,2026-08-19T12:52:20+00:00,2026-08-19T12:57:20+00:00,-15.875,-15.75,-15.81042,60,2026-08-19T09:55:47.302625-03:00
211,2026-08-19T09:57:20-03:00,2026-08-19T10:02:20-03:00,2026-08-19T12:57:20+00:00,2026-08-19T13:02:20+00:00,-15.75,-15.625,-15.69167,60,2026-08-19T10:00:47.555800-03:00
212,2026-08-19T10:02:20-03:00,2026-08-19T10:07:20-03:00,2026-08-19T13:02:20+00:00,2026-08-19T13:07:20+00:00,-15.625,-15.5,-15.58125,60,2026-08-19T10:05:47.584358-03:00
213,2026-08-19T10:07:20-03:00,2026-08-19T10:12:20-03:00,2026-08-19T13:07:20+00:00,2026-08-19T13:12:20+00:00,-15.5,-15.4375,-15.46875,60,2026-08-19T10:10:47.325421-03:00
214,2026-08-19T10:12:20-03:00,2026-08-19T10:17:20-03:00,2026-08-19T13:12:20+00:00,2026-08-19T13:17:20+00:00,-15.4375,-15.3125,-15.36771,60,2026-08-19T10:15:47.586778-03:00
215,2026-08-19T10:17:20-03:00,2026-08-19T10:22:20-03:00,2026-08-19T13:17:20+00:00,2026-08-19T13:22:20+00:00,-15.3125,-15.25,-15.27083,60,2026-08-19T10:20:47.653816-03:00
216,2026-08-19T10:22:20-03:00,2026-08-19T10:27:20-03:00,2026-08-19T13:22:20+00:00,2026-08-19T13:27:20+00:00,-15.25,-15.125,-15.16667,60,2026-08-19T10:25:47.241309-03:00
217,2026-08-19T10:27:20-03:00,2026-08-19T10:32:20-03:00,2026-08-19T13:27:20+00:00,2026-08-19T13:32:20+00:00,-15.9375,-15.125,-15.33646,60,2026-08-19T10:30:47.137429-03:00
218,2026-08-19T10:32:20-03:00,2026-08-19T10:37:20-03:00,2026-08-19T13:32:20+00:00,2026-08-19T13:37:20+00:00,-18.1875,-16,-17.09271,60,2026-08-19T10:35:47.073313-03:00
219,2026-08-19T10:37:20-03:00,2026-08-19T10:42:20-03:00,2026-08-19T13:37:20+00:00,2026-08-19T13:42:20+00:00,-20.125,-18.25,-19.22604,60,2026-08-19T10:40:47.372470-03:00
220,2026-08-19T10:42:20-03:00,2026-08-19T10:47:20-03:00,2026-08-19T13:42:20+00:00,2026-08-19T13:47:20+00:00,-21.125,-20.125,-20.74271,60,2026-08-19T10:45:47.670562-03:00
221,2026-08-19T10:47:20-03:00,2026-08-19T10:52:20-03:00,2026-08-19T13:47:20+00:00,2026-08-19T13:52:20+00:00,-20.8125,-19.75,-20.28646,60,2026-08-19T10:50:47.337194-03:00
222,2026-08-19T10:52:20-03:00,2026-08-19T10:57:20-03:00,2026-08-19T13:52:20+00:00,2026-08-19T13:57:20+00:00,-19.75,-18.9375,-19.325,60,2026-08-19T10:55:47.577007-03:00
223,2026-08-19T10:57:20-03:00,2026-08-19T11:02:20-03:00,2026-08-19T13:57:20+00:00,2026-08-19T14:02:20+00:00,-18.9375,-18.3125,-18.59063,60,2026-08-19T11:00:47.703458-03:00
224,2026-08-19T11:02:20-03:00,2026-08-19T11:07:20-03:00,2026-08-19T14:02:20+00:00,2026-08-19T14:07:20+00:00,-18.25,-17.75,-17.99271,60,2026-08-19T11:05:46.939988-03:00
225,2026-08-19T11:07:20-03:00,2026-08-19T11:12:20-03:00,2026-08-19T14:07:20+00:00,2026-08-19T14:12:20+00:00,-17.75,-17.375,-17.54062,60,2026-08-19T11:10:47.526073-03:00
226,2026-08-19T11:12:20-03:00,2026-08-19T11:17:20-03:00,2026-08-19T14:12:20+00:00,2026-08-19T14:17:20+00:00,-17.3125,-17,-17.17292,60,2026-08-19T11:15:47.159117-03:00
227,2026-08-19T11:17:20-03:00,2026-08-19T11:22:20-03:00,2026-08-19T14:17:20+00:00,2026-08-19T14:22:20+00:00,-17,-15.875,-16.46458,60,2026-08-19T11:20:47.415487-03:00
228,2026-08-19T11:22:20-03:00,2026-08-19T11:27:20-03:00,2026-08-19T14:22:20+00:00,2026-08-19T14:27:20+00:00,-15.875,-15.8125,-15.87396,60,2026-08-19T11:25:47.603559-03:00
229,2026-08-19T11:27:20-03:00,2026-08-19T11:32:20-03:00,2026-08-19T14:27:20+00:00,2026-08-19T14:32:20+00:00,-15.875,-15.8125,-15.84167,60,2026-08-19T11:30:48.786461-03:00
230,2026-08-19T11:32:20-03:00,2026-08-19T11:37:21-03:00,2026-08-19T14:32:20+00:00,2026-08-19T14:37:21+00:00,-15.8125,-15.6875,-15.76771,60,2026-08-19T11:35:47.683620-03:00
231,2026-08-19T11:37:21-03:00,2026-08-19T11:42:21-03:00,2026-08-19T14:37:21+00:00,2026-08-19T14:42:21+00:00,-15.75,-15.625,-15.66146,60,2026-08-19T11:40:47.436607-03:00
232,2026-08-19T11:42:21-03:00,2026-08-19T11:47:21-03:00,2026-08-19T14:42:21+00:00,2026-08-19T14:47:21+00:00,-15.625,-15.5,-15.54792,60,2026-08-19T11:45:47.475825-03:00
233,2026-08-19T11:47:21-03:00,2026-08-19T11:52:21-03:00,2026-08-19T14:47:21+00:00,2026-08-19T14:52:21+00:00,-15.5,-15.375,-15.42083,60,2026-08-19T11:50:47.372487-03:00
234,2026-08-19T11:52:21-03:00,2026-08-19T11:57:21-03:00,2026-08-19T14:52:21+00:00,2026-08-19T14:57:21+00:00,-15.4375,-15.25,-15.31875,60,2026-08-19T11:55:47.514333-03:00
235,2026-08-19T11:57:21-03:00,2026-08-19T12:02:21-03:00,2026-08-19T14:57:21+00:00,2026-08-19T15:02:21+00:00,-17.375,-15.4375,-16.31562,60,2026-08-19T12:00:47.579694-03:00
236,2026-08-19T12:02:21-03:00,2026-08-19T12:07:21-03:00,2026-08-19T15:02:21+00:00,2026-08-19T15:07:21+00:00,-19.375,-17.4375,-18.45313,60,2026-08-19T12:05:47.548063-03:00
237,2026-08-19T12:07:21-03:00,2026-08-19T12:12:21-03:00,2026-08-19T15:07:21+00:00,2026-08-19T15:12:21+00:00,-20.875,-19.4375,-20.20313,60,2026-08-19T12:11:17.687096-03:00
238,2026-08-19T12:12:21-03:00,2026-08-19T12:17:21-03:00,2026-08-19T15:12:21+00:00,2026-08-19T15:17:21+00:00,-21.4375,-20.875,-21.20975,59,2026-08-19T12:15:48.402873-03:00
239,2026-08-19T12:17:21-03:00,2026-08-19T12:22:21-03:00,2026-08-19T15:17:21+00:00,2026-08-19T15:22:21+00:00,-20.9375,-19.875,-20.4,60,2026-08-19T12:20:47.523811-03:00
240,2026-08-19T12:22:21-03:00,2026-08-19T12:27:21-03:00,2026-08-19T15:22:21+00:00,2026-08-19T15:27:21+00:00,-19.875,-19.375,-19.60417,60,2026-08-19T12:25:47.741486-03:00
241,2026-08-19T12:27:21-03:00,2026-08-19T12:32:21-03:00,2026-08-19T15:27:21+00:00,2026-08-19T15:32:21+00:00,-21.125,-19.8125,-20.48438,60,2026-08-19T12:30:47.148187-03:00
242,2026-08-19T12:32:21-03:00,2026-08-19T12:37:21-03:00,2026-08-19T15:32:21+00:00,2026-08-19T15:37:21+00:00,-22.0625,-21.125,-21.65104,60,2026-08-19T12:35:47.613439-03:00
243,2026-08-19T12:37:21-03:00,2026-08-19T12:42:21-03:00,2026-08-19T15:37:21+00:00,2026-08-19T15:42:21+00:00,-22.6875,-22.0625,-22.37292,60,2026-08-19T12:40:48.312240-03:00
244,2026-08-19T12:42:21-03:00,2026-08-19T12:47:21-03:00,2026-08-19T15:42:21+00:00,2026-08-19T15:47:21+00:00,-23.1875,-22.6875,-22.91979,60,2026-08-19T12:45:47.850843-03:00
245,2026-08-19T12:47:21-03:00,2026-08-19T12:52:21-03:00,2026-08-19T15:47:21+00:00,2026-08-19T15:52:21+00:00,-23.5625,-23.1875,-23.39063,60,2026-08-19T12:50:47.565837-03:00
246,2026-08-19T12:52:21-03:00,2026-08-19T12:57:21-03:00,2026-08-19T15:52:21+00:00,2026-08-19T15:57:21+00:00,-23.625,-22.5625,-23.20521,60,2026-08-19T12:55:47.549146-03:00
247,2026-08-19T12:57:21-03:00,2026-08-19T13:02:21-03:00,2026-08-19T15:57:21+00:00,2026-08-19T16:02:21+00:00,-22.5625,-21.4375,-21.98542,60,2026-08-19T13:00:52.242090-03:00
248,2026-08-19T13:02:21-03:00,2026-08-19T13:07:21-03:00,2026-08-19T16:02:21+00:00,2026-08-19T16:07:21+00:00,-21.4375,-20.5625,-20.98623,59,2026-08-19T13:05:47.255882-03:00
249,2026-08-19T13:07:21-03:00,2026-08-19T13:12:21-03:00,2026-08-19T16:07:21+00:00,2026-08-19T16:12:21+00:00,-20.5625,-19.8125,-20.18854,60,2026-08-19T13:10:48.627134-03:00
250,2026-08-19T13:12:21-03:00,2026-08-19T13:17:21-03:00,2026-08-19T16:12:21+00:00,2026-08-19T16:17:21+00:00,-19.8125,-19.25,-19.52604,60,2026-08-19T13:15:47.939107-03:00
251,2026-08-19T13:17:21-03:00,2026-08-19T13:22:21-03:00,2026-08-19T16:17:21+00:00,2026-08-19T16:22:21+00:00,-19.5625,-18.9375,-19.17083,60,2026-08-19T13:20:48.439871-03:00
252,2026-08-19T13:22:21-03:00,2026-08-19T13:27:21-03:00,2026-08-19T16:22:21+00:00,2026-08-19T16:27:21+00:00,-20.9375,-19.5625,-20.24167,60,2026-08-19T13:25:47.966099-03:00
253,2026-08-19T13:27:21-03:00,2026-08-19T13:32:21-03:00,2026-08-19T16:27:21+00:00,2026-08-19T16:32:21+00:00,-22,-20.9375,-21.49479,60,2026-08-19T13:30:47.831380-03:00
254,2026-08-19T13:32:21-03:00,2026-08-19T13:37:21-03:00,2026-08-19T16:32:21+00:00,2026-08-19T16:37:21+00:00,-22.625,-22,-22.31771,60,2026-08-19T13:35:47.221471-03:00
255,2026-08-19T13:37:21-03:00,2026-08-19T13:42:21-03:00,2026-08-19T16:37:21+00:00,2026-08-19T16:42:21+00:00,-22.75,-21.875,-22.38437,60,2026-08-19T13:40:51.409017-03:00
256,2026-08-19T13:42:21-03:00,2026-08-19T13:47:21-03:00,2026-08-19T16:42:21+00:00,2026-08-19T16:47:21+00:00,-21.875,-20.9375,-21.38559,59,2026-08-19T13:45:48.037222-03:00
257,2026-08-19T13:47:21-03:00,2026-08-19T13:52:22-03:00,2026-08-19T16:47:21+00:00,2026-08-19T16:52:22+00:00,-20.9375,-20.0625,-20.48646,60,2026-08-19T13:50:47.988939-03:00
258,2026-08-19T13:52:22-03:00,2026-08-19T13:57:22-03:00,2026-08-19T16:52:22+00:00,2026-08-19T16:57:22+00:00,-20.0625,-19.375,-19.71146,60,2026-08-19T13:55:47.808632-03:00
259,2026-08-19T13:57:22-03:00,2026-08-19T14:02:22-03:00,2026-08-19T16:57:22+00:00,2026-08-19T17:02:22+00:00,-19.375,-18.3125,-18.86667,60,2026-08-19T14:00:47.861940-03:00
260,2026-08-19T14:02:22-03:00,2026-08-19T14:07:22-03:00,2026-08-19T17:02:22+00:00,2026-08-19T17:07:22+00:00,-18.3125,-16.9375,-17.67188,60,2026-08-19T14:05:47.737698-03:00
262,2026-08-19T14:07:22-03:00,2026-08-19T14:12:22-03:00,2026-08-19T17:07:22+00:00,2026-08-19T17:12:22+00:00,-16.9375,-14.9375,-15.98542,60,2026-08-19T14:11:23.597131-03:00
263,2026-08-19T14:12:22-03:00,2026-08-19T14:17:22-03:00,2026-08-19T17:12:22+00:00,2026-08-19T17:17:22+00:00,-14.875,-12.8125,-13.81789,58,2026-08-19T14:15:48.191688-03:00
264,2026-08-19T14:17:22-03:00,2026-08-19T14:22:22-03:00,2026-08-19T17:17:22+00:00,2026-08-19T17:22:22+00:00,-12.75,-10.375,-11.78958,60,2026-08-19T14:20:47.707306-03:00
265,2026-08-19T14:22:22-03:00,2026-08-19T14:27:22-03:00,2026-08-19T17:22:22+00:00,2026-08-19T17:27:22+00:00,-10.3125,-9.5625,-9.783334,60,2026-08-19T14:25:47.873878-03:00
266,2026-08-19T14:27:22-03:00,2026-08-19T14:32:22-03:00,2026-08-19T17:27:22+00:00,2026-08-19T17:32:22+00:00,-12.75,-10.125,-11.36458,60,2026-08-19T14:30:47.563196-03:00
267,2026-08-19T14:32:22-03:00,2026-08-19T14:37:22-03:00,2026-08-19T17:32:22+00:00,2026-08-19T17:37:22+00:00,-15.4375,-12.8125,-14.21042,60,2026-08-19T14:35:48.129817-03:00
268,2026-08-19T14:37:22-03:00,2026-08-19T14:42:22-03:00,2026-08-19T17:37:22+00:00,2026-08-19T17:42:22+00:00,-17.4375,-15.5,-16.52917,60,2026-08-19T14:40:47.700934-03:00
269,2026-08-19T14:42:22-03:00,2026-08-19T14:47:22-03:00,2026-08-19T17:42:22+00:00,2026-08-19T17:47:22+00:00,-18.9375,-17.4375,-18.25417,60,2026-08-19T14:45:57.068638-03:00
270,2026-08-19T14:47:22-03:00,2026-08-19T14:52:22-03:00,2026-08-19T17:47:22+00:00,2026-08-19T17:52:22+00:00,-20,-19,-19.50216,58,2026-08-19T14:50:47.568868-03:00
271,2026-08-19T14:52:22-03:00,2026-08-19T14:57:22-03:00,2026-08-19T17:52:22+00:00,2026-08-19T17:57:22+00:00,-20.8125,-20,-20.42188,60,2026-08-19T14:55:47.598955-03:00
272,2026-08-19T14:57:22-03:00,2026-08-19T15:02:22-03:00,2026-08-19T17:57:22+00:00,2026-08-19T18:02:22+00:00,-21.4375,-20.8125,-21.13021,60,2026-08-19T15:00:50.806012-03:00
273,2026-08-19T15:02:22-03:00,2026-08-19T15:07:23-03:00,2026-08-19T18:02:22+00:00,2026-08-19T18:07:23+00:00,-21.9375,-21.4375,-21.70208,60,2026-08-19T15:05:50.806330-03:00
274,2026-08-19T15:07:23-03:00,2026-08-19T15:12:23-03:00,2026-08-19T18:07:23+00:00,2026-08-19T18:12:23+00:00,-22.375,-21.9375,-22.14479,60,2026-08-19T15:10:48.528085-03:00
275,2026-08-19T15:12:23-03:00,2026-08-19T15:17:23-03:00,2026-08-19T18:12:23+00:00,2026-08-19T18:17:23+00:00,-22.6875,-22.375,-22.53333,60,2026-08-19T15:15:49.024342-03:00
276,2026-08-19T15:17:23-03:00,2026-08-19T15:22:23-03:00,2026-08-19T18:17:23+00:00,2026-08-19T18:22:23+00:00,-22.9375,-22.6875,-22.85,60,2026-08-19T15:20:48.578832-03:00
277,2026-08-19T15:22:23-03:00,2026-08-19T15:27:23-03:00,2026-08-19T18:22:23+00:00,2026-08-19T18:27:23+00:00,-23.25,-22.9375,-23.12083,60,2026-08-19T15:25:49.325054-03:00
278,2026-08-19T15:27:23-03:00,2026-08-19T15:32:23-03:00,2026-08-19T18:27:23+00:00,2026-08-19T18:32:23+00:00,-23.375,-23.25,-23.31875,60,2026-08-19T15:30:49.670625-03:00
279,2026-08-19T15:32:23-03:00,2026-08-19T15:37:23-03:00,2026-08-19T18:32:23+00:00,2026-08-19T18:37:23+00:00,-23.5,-23.375,-23.44792,60,2026-08-19T15:35:48.545031-03:00
280,2026-08-19T15:37:23-03:00,2026-08-19T15:42:23-03:00,2026-08-19T18:37:23+00:00,2026-08-19T18:42:23+00:00,-23.5,-22.5,-23.02083,60,2026-08-19T15:40:48.559561-03:00
281,2026-08-19T15:42:23-03:00,2026-08-19T15:47:23-03:00,2026-08-19T18:42:23+00:00,2026-08-19T18:47:23+00:00,-22.5,-21.5,-21.97396,60,2026-08-19T15:45:48.333003-03:00
282,2026-08-19T15:47:23-03:00,2026-08-19T15:52:23-03:00,2026-08-19T18:47:23+00:00,2026-08-19T18:52:23+00:00,-21.5,-20.6875,-21.075,60,2026-08-19T15:50:55.456397-03:00
283,2026-08-19T15:52:23-03:00,2026-08-19T15:57:23-03:00,2026-08-19T18:52:23+00:00,2026-08-19T18:57:23+00:00,-20.6875,-20,-20.3178,59,2026-08-19T15:55:48.447072-03:00
284,2026-08-19T15:57:23-03:00,2026-08-19T16:02:23-03:00,2026-08-19T18:57:23+00:00,2026-08-19T19:02:23+00:00,-20,-19.375,-19.67813,60,2026-08-19T16:00:48.598158-03:00
285,2026-08-19T16:02:23-03:00,2026-08-19T16:07:23-03:00,2026-08-19T19:02:23+00:00,2026-08-19T19:07:23+00:00,-19.375,-18.875,-19.13021,60,2026-08-19T16:05:49.448256-03:00
286,2026-08-19T16:07:23-03:00,2026-08-19T16:12:23-03:00,2026-08-19T19:07:23+00:00,2026-08-19T19:12:23+00:00,-18.875,-18.4375,-18.64896,60,2026-08-19T16:10:48.582313-03:00
287,2026-08-19T16:12:23-03:00,2026-08-19T16:17:23-03:00,2026-08-19T19:12:23+00:00,2026-08-19T19:17:23+00:00,-18.4375,-18.125,-18.25521,60,2026-08-19T16:15:49.154212-03:00
288,2026-08-19T16:17:23-03:00,2026-08-19T16:22:23-03:00,2026-08-19T19:17:23+00:00,2026-08-19T19:22:23+00:00,-19.5,-18.3125,-18.84687,60,2026-08-19T16:20:48.716388-03:00
289,2026-08-19T16:22:23-03:00,2026-08-19T16:27:23-03:00,2026-08-19T19:22:23+00:00,2026-08-19T19:27:23+00:00,-20.875,-19.5625,-20.25833,60,2026-08-19T16:25:48.661609-03:00
290,2026-08-19T16:27:23-03:00,2026-08-19T16:32:23-03:00,2026-08-19T19:27:23+00:00,2026-08-19T19:32:23+00:00,-21.875,-20.9375,-21.41146,60,2026-08-19T16:30:48.282022-03:00
291,2026-08-19T16:32:23-03:00,2026-08-19T16:37:23-03:00,2026-08-19T19:32:23+00:00,2026-08-19T19:37:23+00:00,-22.625,-21.875,-22.25208,60,2026-08-19T16:35:49.282916-03:00
292,2026-08-19T16:37:23-03:00,2026-08-19T16:42:23-03:00,2026-08-19T19:37:23+00:00,2026-08-19T19:42:23+00:00,-23.125,-22.625,-22.87604,60,2026-08-19T16:40:48.742977-03:00
293,2026-08-19T16:42:23-03:00,2026-08-19T16:47:23-03:00,2026-08-19T19:42:23+00:00,2026-08-19T19:47:23+00:00,-23.5625,-23.125,-23.34583,60,2026-08-19T16:45:48.572286-03:00
294,2026-08-19T16:47:23-03:00,2026-08-19T16:52:23-03:00,2026-08-19T19:47:23+00:00,2026-08-19T19:52:23+00:00,-23.875,-23.5625,-23.7,60,2026-08-19T16:50:48.533616-03:00
295,2026-08-19T16:52:23-03:00,2026-08-19T16:57:24-03:00,2026-08-19T19:52:23+00:00,2026-08-19T19:57:24+00:00,-24.125,-23.875,-23.98646,60,2026-08-19T16:55:48.996940-03:00
296,2026-08-19T16:57:24-03:00,2026-08-19T17:02:24-03:00,2026-08-19T19:57:24+00:00,2026-08-19T20:02:24+00:00,-24.1875,-23.625,-24.00625,60,2026-08-19T17:00:48.809178-03:00
297,2026-08-19T17:02:24-03:00,2026-08-19T17:07:24-03:00,2026-08-19T20:02:24+00:00,2026-08-19T20:07:24+00:00,-23.5625,-22.5625,-23.05625,60,2026-08-19T17:05:49.067247-03:00
298,2026-08-19T17:07:24-03:00,2026-08-19T17:12:24-03:00,2026-08-19T20:07:24+00:00,2026-08-19T20:12:24+00:00,-22.5625,-21.6875,-22.09479,60,2026-08-19T17:10:49.439419-03:00
299,2026-08-19T17:12:24-03:00,2026-08-19T17:17:24-03:00,2026-08-19T20:12:24+00:00,2026-08-19T20:17:24+00:00,-21.6875,-21,-21.3125,60,2026-08-19T17:15:49.102457-03:00
300,2026-08-19T17:17:24-03:00,2026-08-19T17:22:24-03:00,2026-08-19T20:17:24+00:00,2026-08-19T20:22:24+00:00,-20.9375,-20.375,-20.66354,60,2026-08-19T17:20:48.462238-03:00
301,2026-08-19T17:22:24-03:00,2026-08-19T17:27:24-03:00,2026-08-19T20:22:24+00:00,2026-08-19T20:27:24+00:00,-20.375,-19.8125,-20.09479,60,2026-08-19T17:25:48.943100-03:00
302,2026-08-19T17:27:24-03:00,2026-08-19T17:32:24-03:00,2026-08-19T20:27:24+00:00,2026-08-19T20:32:24+00:00,-19.8125,-19.375,-19.58646,60,2026-08-19T17:30:48.790172-03:00
303,2026-08-19T17:32:24-03:00,2026-08-19T17:37:24-03:00,2026-08-19T20:32:24+00:00,2026-08-19T20:37:24+00:00,-19.375,-18.9375,-19.14375,60,2026-08-19T17:35:48.910611-03:00
304,2026-08-19T17:37:24-03:00,2026-08-19T17:42:24-03:00,2026-08-19T20:37:24+00:00,2026-08-19T20:42:24+00:00,-18.9375,-18.5625,-18.75,60,2026-08-19T17:40:48.905164-03:00
305,2026-08-19T17:42:24-03:00,2026-08-19T17:47:24-03:00,2026-08-19T20:42:24+00:00,2026-08-19T20:47:24+00:00,-19.875,-18.6875,-19.21354,60,2026-08-19T17:45:48.791170-03:00
306,2026-08-19T17:47:24-03:00,2026-08-19T17:52:24-03:00,2026-08-19T20:47:24+00:00,2026-08-19T20:52:24+00:00,-21.1875,-19.875,-20.55521,60,2026-08-19T17:50:48.795325-03:00
307,2026-08-19T17:52:24-03:00,2026-08-19T17:57:24-03:00,2026-08-19T20:52:24+00:00,2026-08-19T20:57:24+00:00,-22.125,-21.25,-21.7125,60,2026-08-19T17:55:49.038694-03:00
308,2026-08-19T17:57:24-03:00,2026-08-19T18:02:24-03:00,2026-08-19T20:57:24+00:00,2026-08-19T21:02:24+00:00,-22.875,-22.1875,-22.52917,60,2026-08-19T18:00:49.035033-03:00
309,2026-08-19T18:02:24-03:00,2026-08-19T18:07:24-03:00,2026-08-19T21:02:24+00:00,2026-08-19T21:07:24+00:00,-23.375,-22.875,-23.11667,60,2026-08-19T18:05:48.941501-03:00
310,2026-08-19T18:07:24-03:00,2026-08-19T18:12:24-03:00,2026-08-19T21:07:24+00:00,2026-08-19T21:12:24+00:00,-23.8125,-23.375,-23.6,60,2026-08-19T18:10:49.046938-03:00
311,2026-08-19T18:12:24-03:00,2026-08-19T18:17:24-03:00,2026-08-19T21:12:24+00:00,2026-08-19T21:17:24+00:00,-24.1875,-23.8125,-23.98646,60,2026-08-19T18:15:49.164516-03:00
312,2026-08-19T18:17:24-03:00,2026-08-19T18:22:24-03:00,2026-08-19T21:17:24+00:00,2026-08-19T21:22:24+00:00,-24.375,-24.1875,-24.28333,60,2026-08-19T18:21:11.527008-03:00
313,2026-08-19T18:22:24-03:00,2026-08-19T18:27:25-03:00,2026-08-19T21:22:24+00:00,2026-08-19T21:27:25+00:00,-24.625,-24.4375,-24.5346,56,2026-08-19T18:25:49.386516-03:00
314,2026-08-19T18:27:25-03:00,2026-08-19T18:32:25-03:00,2026-08-19T21:27:25+00:00,2026-08-19T21:32:25+00:00,-24.5625,-23.5,-24.025,60,2026-08-19T18:30:51.270193-03:00
315,2026-08-19T18:32:25-03:00,2026-08-19T18:37:25-03:00,2026-08-19T21:32:25+00:00,2026-08-19T21:37:25+00:00,-23.5,-22.5625,-23.02188,60,2026-08-19T18:35:52.336312-03:00
316,2026-08-19T18:37:25-03:00,2026-08-19T18:42:25-03:00,2026-08-19T21:37:25+00:00,2026-08-19T21:42:25+00:00,-22.5625,-21.8125,-22.17585,59,2026-08-19T18:40:48.993265-03:00
317,2026-08-19T18:42:25-03:00,2026-08-19T18:47:25-03:00,2026-08-19T21:42:25+00:00,2026-08-19T21:47:25+00:00,-21.8125,-21.25,-21.51771,60,2026-08-19T18:45:50.588336-03:00
318,2026-08-19T18:47:25-03:00,2026-08-19T18:52:25-03:00,2026-08-19T21:47:25+00:00,2026-08-19T21:52:25+00:00,-21.1875,-20.6875,-20.94062,60,2026-08-19T18:50:49.121018-03:00
319,2026-08-19T18:52:25-03:00,2026-08-19T18:57:25-03:00,2026-08-19T21:52:25+00:00,2026-08-19T21:57:25+00:00,-20.6875,-20.1875,-20.4375,60,2026-08-19T18:55:49.530501-03:00
320,2026-08-19T18:57:25-03:00,2026-08-19T19:02:25-03:00,2026-08-19T21:57:25+00:00,2026-08-19T22:02:25+00:00,-20.1875,-19.8125,-20.00521,60,2026-08-19T19:00:49.431835-03:00
321,2026-08-19T19:02:25-03:00,2026-08-19T19:07:25-03:00,2026-08-19T22:02:25+00:00,2026-08-19T22:07:25+00:00,-19.8125,-19.4375,-19.60625,60,2026-08-19T19:05:49.390636-03:00
322,2026-08-19T19:07:25-03:00,2026-08-19T19:12:25-03:00,2026-08-19T22:07:25+00:00,2026-08-19T22:12:25+00:00,-19.4375,-19.125,-19.25625,60,2026-08-19T19:10:51.510339-03:00
323,2026-08-19T19:12:25-03:00,2026-08-19T19:17:25-03:00,2026-08-19T22:12:25+00:00,2026-08-19T22:17:25+00:00,-19.0625,-18.8125,-18.94703,59,2026-08-19T19:15:55.439309-03:00
324,2026-08-19T19:17:25-03:00,2026-08-19T19:22:25-03:00,2026-08-19T22:17:25+00:00,2026-08-19T22:22:25+00:00,-20.0625,-18.9375,-19.44386,59,2026-08-19T19:21:20.524387-03:00
325,2026-08-19T19:22:25-03:00,2026-08-19T19:27:25-03:00,2026-08-19T22:22:25+00:00,2026-08-19T22:27:25+00:00,-21.5,-20.25,-20.91088,54,2026-08-19T19:25:49.279244-03:00
326,2026-08-19T19:27:25-03:00,2026-08-19T19:32:25-03:00,2026-08-19T22:27:25+00:00,2026-08-19T22:32:25+00:00,-22.625,-21.5625,-22.11354,60,2026-08-19T19:30:56.182952-03:00
327,2026-08-19T19:32:25-03:00,2026-08-19T19:37:25-03:00,2026-08-19T22:32:25+00:00,2026-08-19T22:37:25+00:00,-23.375,-22.6875,-23.04343,59,2026-08-19T19:35:49.562902-03:00
328,2026-08-19T19:37:25-03:00,2026-08-19T19:42:25-03:00,2026-08-19T22:37:25+00:00,2026-08-19T22:42:25+00:00,-24,-23.4375,-23.70729,60,2026-08-19T19:40:49.318230-03:00
329,2026-08-19T19:42:25-03:00,2026-08-19T19:47:25-03:00,2026-08-19T22:42:25+00:00,2026-08-19T22:47:25+00:00,-24.375,-24,-24.19271,60,2026-08-19T19:45:50.008088-03:00
330,2026-08-19T19:47:25-03:00,2026-08-19T19:52:25-03:00,2026-08-19T22:47:25+00:00,2026-08-19T22:52:25+00:00,-24.75,-24.375,-24.56771,60,2026-08-19T19:50:49.248680-03:00
331,2026-08-19T19:52:25-03:00,2026-08-19T19:57:25-03:00,2026-08-19T22:52:25+00:00,2026-08-19T22:57:25+00:00,-24.8125,-24.1875,-24.59792,60,2026-08-19T19:56:00.685639-03:00
332,2026-08-19T19:57:25-03:00,2026-08-19T20:02:25-03:00,2026-08-19T22:57:25+00:00,2026-08-19T23:02:25+00:00,-24.125,-23.1875,-23.65086,58,2026-08-19T20:00:49.296109-03:00
333,2026-08-19T20:02:25-03:00,2026-08-19T20:07:25-03:00,2026-08-19T23:02:25+00:00,2026-08-19T23:07:25+00:00,-23.1875,-22.375,-22.76563,60,2026-08-19T20:05:49.424028-03:00
334,2026-08-19T20:07:25-03:00,2026-08-19T20:12:25-03:00,2026-08-19T23:07:25+00:00,2026-08-19T23:12:25+00:00,-22.375,-21.75,-22.05625,60,2026-08-19T20:10:49.567138-03:00
335,2026-08-19T20:12:25-03:00,2026-08-19T20:17:25-03:00,2026-08-19T23:12:25+00:00,2026-08-19T23:17:25+00:00,-21.75,-21.1875,-21.46771,60,2026-08-19T20:15:49.617843-03:00
336,2026-08-19T20:17:25-03:00,2026-08-19T20:22:25-03:00,2026-08-19T23:17:25+00:00,2026-08-19T23:22:25+00:00,-21.1875,-20.6875,-20.93854,60,2026-08-19T20:20:49.432856-03:00
337,2026-08-19T20:22:25-03:00,2026-08-19T20:27:25-03:00,2026-08-19T23:22:25+00:00,2026-08-19T23:27:25+00:00,-20.6875,-20.25,-20.47812,60,2026-08-19T20:25:49.443290-03:00
338,2026-08-19T20:27:25-03:00,2026-08-19T20:32:25-03:00,2026-08-19T23:27:25+00:00,2026-08-19T23:32:25+00:00,-20.25,-19.875,-20.07187,60,2026-08-19T20:30:49.940229-03:00
339,2026-08-19T20:32:25-03:00,2026-08-19T20:37:25-03:00,2026-08-19T23:32:25+00:00,2026-08-19T23:37:25+00:00,-19.875,-19.5625,-19.70625,60,2026-08-19T20:35:49.314087-03:00
340,2026-08-19T20:37:25-03:00,2026-08-19T20:42:26-03:00,2026-08-19T23:37:25+00:00,2026-08-19T23:42:26+00:00,-19.5625,-19.25,-19.37812,60,2026-08-19T20:40:49.384754-03:00
341,2026-08-19T20:42:26-03:00,2026-08-19T20:47:26-03:00,2026-08-19T23:42:26+00:00,2026-08-19T23:47:26+00:00,-19.25,-18.9375,-19.09479,60,2026-08-19T20:45:49.267485-03:00
342,2026-08-19T20:47:26-03:00,2026-08-19T20:52:26-03:00,2026-08-19T23:47:26+00:00,2026-08-19T23:52:26+00:00,-18.9375,-18.75,-18.8375,60,2026-08-19T20:50:49.431667-03:00
343,2026-08-19T20:52:26-03:00,2026-08-19T20:57:26-03:00,2026-08-19T23:52:26+00:00,2026-08-19T23:57:26+00:00,-19.9375,-18.75,-19.25833,60,2026-08-19T20:55:49.913332-03:00
344,2026-08-19T20:57:26-03:00,2026-08-19T21:02:26-03:00,2026-08-19T23:57:26+00:00,2026-08-20T00:02:26+00:00,-21.3125,-19.9375,-20.66354,60,2026-08-19T21:00:58.305180-03:00
345,2026-08-19T21:02:26-03:00,2026-08-19T21:07:26-03:00,2026-08-20T00:02:26+00:00,2026-08-20T00:07:26+00:00,-22.4375,-21.375,-21.94504,58,2026-08-19T21:05:52.446492-03:00
346,2026-08-19T21:07:26-03:00,2026-08-19T21:12:26-03:00,2026-08-20T00:07:26+00:00,2026-08-20T00:12:26+00:00,-23.3125,-22.5,-22.91525,59,2026-08-19T21:10:49.659568-03:00
347,2026-08-19T21:12:26-03:00,2026-08-19T21:17:26-03:00,2026-08-20T00:12:26+00:00,2026-08-20T00:17:26+00:00,-23.9375,-23.3125,-23.61979,60,2026-08-19T21:15:58.718775-03:00
348,2026-08-19T21:17:26-03:00,2026-08-19T21:22:26-03:00,2026-08-20T00:17:26+00:00,2026-08-20T00:22:26+00:00,-24.4375,-23.9375,-24.18427,58,2026-08-19T21:20:49.662112-03:00
349,2026-08-19T21:22:26-03:00,2026-08-19T21:27:26-03:00,2026-08-20T00:22:26+00:00,2026-08-20T00:27:26+00:00,-24.75,-24.4375,-24.6125,60,2026-08-19T21:25:49.330788-03:00
350,2026-08-19T21:27:26-03:00,2026-08-19T21:32:26-03:00,2026-08-20T00:27:26+00:00,2026-08-20T00:32:26+00:00,-24.875,-20.6875,-22.75417,60,2026-08-19T21:30:49.589904-03:00
351,2026-08-19T21:32:26-03:00,2026-08-19T21:37:26-03:00,2026-08-20T00:32:26+00:00,2026-08-20T00:37:26+00:00,-23.375,-21.4375,-22.58021,60,2026-08-19T21:35:49.505913-03:00
352,2026-08-19T21:37:26-03:00,2026-08-19T21:42:26-03:00,2026-08-20T00:37:26+00:00,2026-08-20T00:42:26+00:00,-23.6875,-14.0625,-19.95521,60,2026-08-19T21:40:49.950656-03:00
353,2026-08-19T21:42:26-03:00,2026-08-19T21:47:26-03:00,2026-08-20T00:42:26+00:00,2026-08-20T00:47:26+00:00,-15.75,-14.0625,-14.89271,60,2026-08-19T21:45:49.967512-03:00
354,2026-08-19T21:47:26-03:00,2026-08-19T21:52:26-03:00,2026-08-20T00:47:26+00:00,2026-08-20T00:52:26+00:00,-16.5,-15.75,-16.17917,60,2026-08-19T21:50:52.173539-03:00
355,2026-08-19T21:52:26-03:00,2026-08-19T21:57:26-03:00,2026-08-20T00:52:26+00:00,2026-08-20T00:57:26+00:00,-16.8125,-16.5,-16.66771,60,2026-08-19T21:55:49.921046-03:00
356,2026-08-19T21:57:26-03:00,2026-08-19T22:02:26-03:00,2026-08-20T00:57:26+00:00,2026-08-20T01:02:26+00:00,-16.9375,-16.8125,-16.87917,60,2026-08-19T22:00:49.896012-03:00
357,2026-08-19T22:02:26-03:00,2026-08-19T22:07:26-03:00,2026-08-20T01:02:26+00:00,2026-08-20T01:07:26+00:00,-17,-16.9375,-16.94479,60,2026-08-19T22:05:51.405431-03:00
358,2026-08-19T22:07:26-03:00,2026-08-19T22:12:26-03:00,2026-08-20T01:07:26+00:00,2026-08-20T01:12:26+00:00,-17,-16.9375,-16.94167,60,2026-08-19T22:10:50.624681-03:00
359,2026-08-19T22:12:26-03:00,2026-08-19T22:17:26-03:00,2026-08-20T01:12:26+00:00,2026-08-20T01:17:26+00:00,-17.1875,-16.875,-16.94479,60,2026-08-19T22:15:57.056410-03:00
360,2026-08-19T22:17:26-03:00,2026-08-19T22:22:26-03:00,2026-08-20T01:17:26+00:00,2026-08-20T01:22:26+00:00,-18.875,-17.25,-18.02754,59,2026-08-19T22:20:49.842008-03:00
361,2026-08-19T22:22:26-03:00,2026-08-19T22:27:27-03:00,2026-08-20T01:22:26+00:00,2026-08-20T01:27:27+00:00,-20.375,-18.875,-19.67813,60,2026-08-19T22:25:50.442232-03:00
362,2026-08-19T22:27:27-03:00,2026-08-19T22:32:27-03:00,2026-08-20T01:27:27+00:00,2026-08-20T01:32:27+00:00,-21.4375,-20.375,-20.95833,60,2026-08-19T22:30:49.731535-03:00
363,2026-08-19T22:32:27-03:00,2026-08-19T22:37:27-03:00,2026-08-20T01:32:27+00:00,2026-08-20T01:37:27+00:00,-22.1875,-21.4375,-21.84375,60,2026-08-19T22:35:50.129619-03:00
364,2026-08-19T22:37:27-03:00,2026-08-19T22:42:27-03:00,2026-08-20T01:37:27+00:00,2026-08-20T01:42:27+00:00,-22.75,-22.1875,-22.47604,60,2026-08-19T22:40:50.696342-03:00
365,2026-08-19T22:42:27-03:00,2026-08-19T22:47:27-03:00,2026-08-20T01:42:27+00:00,2026-08-20T01:47:27+00:00,-23.125,-22.75,-22.93854,60,2026-08-19T22:46:01.823408-03:00
366,2026-08-19T22:47:27-03:00,2026-08-19T22:52:27-03:00,2026-08-20T01:47:27+00:00,2026-08-20T01:52:27+00:00,-23.4375,-23.1875,-23.33297,58,2026-08-19T22:50:50.623104-03:00
367,2026-08-19T22:52:27-03:00,2026-08-19T22:57:27-03:00,2026-08-20T01:52:27+00:00,2026-08-20T01:57:27+00:00,-23.4375,-22.8125,-23.15,60,2026-08-19T22:55:51.299411-03:00
368,2026-08-19T22:57:27-03:00,2026-08-19T23:02:27-03:00,2026-08-20T01:57:27+00:00,2026-08-20T02:02:27+00:00,-22.8125,-22.125,-22.47812,60,2026-08-19T23:00:49.992422-03:00
369,2026-08-19T23:02:27-03:00,2026-08-19T23:07:27-03:00,2026-08-20T02:02:27+00:00,2026-08-20T02:07:27+00:00,-22.125,-21.5,-21.8125,60,2026-08-19T23:05:49.811419-03:00
370,2026-08-19T23:07:27-03:00,2026-08-19T23:12:27-03:00,2026-08-20T02:07:27+00:00,2026-08-20T02:12:27+00:00,-21.5,-20.9375,-21.21458,60,2026-08-19T23:10:49.698844-03:00
371,2026-08-19T23:12:27-03:00,2026-08-19T23:17:27-03:00,2026-08-20T02:12:27+00:00,2026-08-20T02:17:27+00:00,-20.9375,-20.375,-20.65937,60,2026-08-19T23:16:22.338188-03:00
372,2026-08-19T23:17:27-03:00,2026-08-19T23:22:27-03:00,2026-08-20T02:17:27+00:00,2026-08-20T02:22:27+00:00,-20.375,-19.9375,-20.14583,54,2026-08-19T23:20:49.856298-03:00
373,2026-08-19T23:22:27-03:00,2026-08-19T23:27:27-03:00,2026-08-20T02:22:27+00:00,2026-08-20T02:27:27+00:00,-19.9375,-19.6875,-19.76354,60,2026-08-19T23:25:50.234290-03:00
374,2026-08-19T23:27:27-03:00,2026-08-19T23:32:27-03:00,2026-08-20T02:27:27+00:00,2026-08-20T02:32:27+00:00,-20.625,-19.6875,-20.1,60,2026-08-19T23:30:52.256569-03:00
375,2026-08-19T23:32:27-03:00,2026-08-19T23:37:27-03:00,2026-08-20T02:32:27+00:00,2026-08-20T02:37:27+00:00,-21.6875,-20.6875,-21.18021,60,2026-08-19T23:35:50.186154-03:00
376,2026-08-19T23:37:27-03:00,2026-08-19T23:42:27-03:00,2026-08-20T02:37:27+00:00,2026-08-20T02:42:27+00:00,-22.5,-21.6875,-22.10833,60,2026-08-19T23:40:50.144472-03:00
377,2026-08-19T23:42:27-03:00,2026-08-19T23:47:27-03:00,2026-08-20T02:42:27+00:00,2026-08-20T02:47:27+00:00,-23.125,-22.5,-22.85104,60,2026-08-19T23:45:50.449149-03:00
378,2026-08-19T23:47:27-03:00,2026-08-19T23:52:27-03:00,2026-08-20T02:47:27+00:00,2026-08-20T02:52:27+00:00,-23.6875,-23.1875,-23.425,60,2026-08-19T23:50:50.346405-03:00
379,2026-08-19T23:52:27-03:00,2026-08-19T23:57:27-03:00,2026-08-20T02:52:27+00:00,2026-08-20T02:57:27+00:00,-24,-23.6875,-23.84271,60,2026-08-19T23:55:50.168770-03:00
380,2026-08-19T23:57:27-03:00,2026-08-20T00:02:27-03:00,2026-08-20T02:57:27+00:00,2026-08-20T03:02:27+00:00,-23.8125,-23.25,-23.55,60,2026-08-20T00:00:50.127705-03:00
381,2026-08-20T00:02:27-03:00,2026-08-20T00:07:27-03:00,2026-08-20T03:02:27+00:00,2026-08-20T03:07:27+00:00,-23.1875,-22.5625,-22.89167,60,2026-08-20T00:05:49.976611-03:00
382,2026-08-20T00:07:27-03:00,2026-08-20T00:12:27-03:00,2026-08-20T03:07:27+00:00,2026-08-20T03:12:27+00:00,-22.5625,-22,-22.26563,60,2026-08-20T00:10:52.652335-03:00
383,2026-08-20T00:12:27-03:00,2026-08-20T00:17:28-03:00,2026-08-20T03:12:27+00:00,2026-08-20T03:17:28+00:00,-21.9375,-21.4375,-21.69687,60,2026-08-20T00:15:50.255628-03:00
384,2026-08-20T00:17:28-03:00,2026-08-20T00:22:28-03:00,2026-08-20T03:17:28+00:00,2026-08-20T03:22:28+00:00,-21.4375,-20.9375,-21.18021,60,2026-08-20T00:20:50.892500-03:00
385,2026-08-20T00:22:28-03:00,2026-08-20T00:27:28-03:00,2026-08-20T03:22:28+00:00,2026-08-20T03:27:28+00:00,-20.9375,-20.5,-20.71146,60,2026-08-20T00:25:50.527704-03:00
386,2026-08-20T00:27:28-03:00,2026-08-20T00:32:28-03:00,2026-08-20T03:27:28+00:00,2026-08-20T03:32:28+00:00,-20.5,-20.125,-20.29583,60,2026-08-20T00:30:51.394763-03:00
387,2026-08-20T00:32:28-03:00,2026-08-20T00:37:28-03:00,2026-08-20T03:32:28+00:00,2026-08-20T03:37:28+00:00,-20.125,-19.75,-19.92708,60,2026-08-20T00:35:50.568856-03:00
388,2026-08-20T00:37:28-03:00,2026-08-20T00:42:28-03:00,2026-08-20T03:37:28+00:00,2026-08-20T03:42:28+00:00,-19.75,-19.4375,-19.60312,60,2026-08-20T00:41:21.304358-03:00
389,2026-08-20T00:42:28-03:00,2026-08-20T00:47:28-03:00,2026-08-20T03:42:28+00:00,2026-08-20T03:47:28+00:00,-19.4375,-19.1875,-19.3125,59,2026-08-20T00:45:51.699096-03:00
390,2026-08-20T00:47:28-03:00,2026-08-20T00:52:28-03:00,2026-08-20T03:47:28+00:00,2026-08-20T03:52:28+00:00,-19.1875,-18.9375,-19.05104,60,2026-08-20T00:50:50.284914-03:00
391,2026-08-20T00:52:28-03:00,2026-08-20T00:57:28-03:00,2026-08-20T03:52:28+00:00,2026-08-20T03:57:28+00:00,-18.9375,-18.6875,-18.81354,60,2026-08-20T00:55:50.733924-03:00
392,2026-08-20T00:57:28-03:00,2026-08-20T01:02:28-03:00,2026-08-20T03:57:28+00:00,2026-08-20T04:02:28+00:00,-18.6875,-18.5,-18.59167,60,2026-08-20T01:00:50.415549-03:00
393,2026-08-20T01:02:28-03:00,2026-08-20T01:07:28-03:00,2026-08-20T04:02:28+00:00,2026-08-20T04:07:28+00:00,-18.5,-18.3125,-18.38958,60,2026-08-20T01:05:50.610754-03:00
394,2026-08-20T01:07:28-03:00,2026-08-20T01:12:28-03:00,2026-08-20T04:07:28+00:00,2026-08-20T04:12:28+00:00,-18.3125,-18.125,-18.19479,60,2026-08-20T01:10:50.584811-03:00
395,2026-08-20T01:12:28-03:00,2026-08-20T01:17:28-03:00,2026-08-20T04:12:28+00:00,2026-08-20T04:17:28+00:00,-18.125,-17.9375,-18.01667,60,2026-08-20T01:15:52.173144-03:00
396,2026-08-20T01:17:28-03:00,2026-08-20T01:22:28-03:00,2026-08-20T04:17:28+00:00,2026-08-20T04:22:28+00:00,-17.9375,-17.75,-17.84479,60,2026-08-20T01:20:50.427553-03:00
397,2026-08-20T01:22:28-03:00,2026-08-20T01:27:28-03:00,2026-08-20T04:22:28+00:00,2026-08-20T04:27:28+00:00,-17.75,-17.625,-17.68125,60,2026-08-20T01:25:50.768638-03:00
398,2026-08-20T01:27:28-03:00,2026-08-20T01:32:28-03:00,2026-08-20T04:27:28+00:00,2026-08-20T04:32:28+00:00,-17.625,-17.5,-17.5375,60,2026-08-20T01:30:50.816734-03:00
399,2026-08-20T01:32:28-03:00,2026-08-20T01:37:28-03:00,2026-08-20T04:32:28+00:00,2026-08-20T04:37:28+00:00,-18.9375,-17.5625,-18.16354,60,2026-08-20T01:35:50.433129-03:00
400,2026-08-20T01:37:28-03:00,2026-08-20T01:42:28-03:00,2026-08-20T04:37:28+00:00,2026-08-20T04:42:28+00:00,-20.5,-18.9375,-19.73854,60,2026-08-20T01:40:52.762351-03:00
401,2026-08-20T01:42:28-03:00,2026-08-20T01:47:28-03:00,2026-08-20T04:42:28+00:00,2026-08-20T04:47:28+00:00,-21.6875,-20.5,-21.14063,60,2026-08-20T01:45:50.517014-03:00
402,2026-08-20T01:47:28-03:00,2026-08-20T01:52:28-03:00,2026-08-20T04:47:28+00:00,2026-08-20T04:52:28+00:00,-22.4375,-21.75,-22.17396,60,2026-08-20T01:50:50.334808-03:00
403,2026-08-20T01:52:28-03:00,2026-08-20T01:57:28-03:00,2026-08-20T04:52:28+00:00,2026-08-20T04:57:28+00:00,-22.375,-21.875,-22.13333,60,2026-08-20T01:55:50.591258-03:00
404,2026-08-20T01:57:28-03:00,2026-08-20T02:02:28-03:00,2026-08-20T04:57:28+00:00,2026-08-20T05:02:28+00:00,-21.875,-21.3125,-21.56562,60,2026-08-20T02:00:50.358629-03:00
405,2026-08-20T02:02:28-03:00,2026-08-20T02:07:28-03:00,2026-08-20T05:02:28+00:00,2026-08-20T05:07:28+00:00,-21.25,-20.75,-21.01146,60,2026-08-20T02:05:51.317154-03:00
406,2026-08-20T02:07:28-03:00,2026-08-20T02:12:28-03:00,2026-08-20T05:07:28+00:00,2026-08-20T05:12:28+00:00,-20.75,-20.25,-20.51354,60,2026-08-20T02:10:50.446033-03:00
408,2026-08-20T02:12:28-03:00,2026-08-20T02:17:28-03:00,2026-08-20T05:12:28+00:00,2026-08-20T05:17:28+00:00,-20.25,-19.875,-20.06458,60,2026-08-20T02:16:22.793815-03:00
409,2026-08-20T02:17:28-03:00,2026-08-20T02:22:28-03:00,2026-08-20T05:17:28+00:00,2026-08-20T05:22:28+00:00,-19.875,-19.5,-19.65996,59,2026-08-20T02:20:50.701626-03:00
410,2026-08-20T02:22:28-03:00,2026-08-20T02:27:28-03:00,2026-08-20T05:22:28+00:00,2026-08-20T05:27:28+00:00,-19.4375,-19.125,-19.29896,60,2026-08-20T02:25:50.257431-03:00
411,2026-08-20T02:27:28-03:00,2026-08-20T02:32:29-03:00,2026-08-20T05:27:28+00:00,2026-08-20T05:32:29+00:00,-19.125,-18.8125,-18.98021,60,2026-08-20T02:30:50.332204-03:00
412,2026-08-20T02:32:29-03:00,2026-08-20T02:37:29-03:00,2026-08-20T05:32:29+00:00,2026-08-20T05:37:29+00:00,-18.8125,-18.5625,-18.69583,60,2026-08-20T02:35:51.029302-03:00
413,2026-08-20T02:37:29-03:00,2026-08-20T02:42:29-03:00,2026-08-20T05:37:29+00:00,2026-08-20T05:42:29+00:00,-18.5625,-18.3125,-18.44375,60,2026-08-20T02:40:50.575727-03:00
414,2026-08-20T02:42:29-03:00,2026-08-20T02:47:29-03:00,2026-08-20T05:42:29+00:00,2026-08-20T05:47:29+00:00,-18.3125,-18.125,-18.2125,60,2026-08-20T02:45:50.679645-03:00
415,2026-08-20T02:47:29-03:00,2026-08-20T02:52:29-03:00,2026-08-20T05:47:29+00:00,2026-08-20T05:52:29+00:00,-18.125,-17.9375,-18.01042,60,2026-08-20T02:50:50.673512-03:00
416,2026-08-20T02:52:29-03:00,2026-08-20T02:57:29-03:00,2026-08-20T05:52:29+00:00,2026-08-20T05:57:29+00:00,-17.9375,-17.6875,-17.82187,60,2026-08-20T02:55:50.925124-03:00
417,2026-08-20T02:57:29-03:00,2026-08-20T03:02:29-03:00,2026-08-20T05:57:29+00:00,2026-08-20T06:02:29+00:00,-17.75,-17.5625,-17.64479,60,2026-08-20T03:00:50.545170-03:00
418,2026-08-20T03:02:29-03:00,2026-08-20T03:07:29-03:00,2026-08-20T06:02:29+00:00,2026-08-20T06:07:29+00:00,-17.5625,-17.375,-17.47708,60,2026-08-20T03:05:50.808526-03:00
419,2026-08-20T03:07:29-03:00,2026-08-20T03:12:29-03:00,2026-08-20T06:07:29+00:00,2026-08-20T06:12:29+00:00,-17.75,-17.375,-17.43542,60,2026-08-20T03:10:51.078693-03:00
420,2026-08-20T03:12:29-03:00,2026-08-20T03:17:29-03:00,2026-08-20T06:12:29+00:00,2026-08-20T06:17:29+00:00,-19.3125,-17.75,-18.5,60,2026-08-20T03:15:50.509179-03:00
421,2026-08-20T03:17:29-03:00,2026-08-20T03:22:29-03:00,2026-08-20T06:17:29+00:00,2026-08-20T06:22:29+00:00,-20.8125,-19.3125,-20.09271,60,2026-08-20T03:20:50.681402-03:00
422,2026-08-20T03:22:29-03:00,2026-08-20T03:27:29-03:00,2026-08-20T06:22:29+00:00,2026-08-20T06:27:29+00:00,-21.9375,-20.8125,-21.38854,60,2026-08-20T03:25:50.570276-03:00
423,2026-08-20T03:27:29-03:00,2026-08-20T03:32:29-03:00,2026-08-20T06:27:29+00:00,2026-08-20T06:32:29+00:00,-22.3125,-21.9375,-22.16979,60,2026-08-20T03:30:50.521819-03:00
424,2026-08-20T03:32:29-03:00,2026-08-20T03:37:29-03:00,2026-08-20T06:32:29+00:00,2026-08-20T06:37:29+00:00,-22.0625,-21.5,-21.80208,60,2026-08-20T03:35:50.977626-03:00
425,2026-08-20T03:37:29-03:00,2026-08-20T03:42:29-03:00,2026-08-20T06:37:29+00:00,2026-08-20T06:42:29+00:00,-21.5,-20.9375,-21.21979,60,2026-08-20T03:40:50.981476-03:00
426,2026-08-20T03:42:29-03:00,2026-08-20T03:47:29-03:00,2026-08-20T06:42:29+00:00,2026-08-20T06:47:29+00:00,-20.9375,-20.4375,-20.68229,60,2026-08-20T03:45:51.158224-03:00
427,2026-08-20T03:47:29-03:00,2026-08-20T03:52:29-03:00,2026-08-20T06:47:29+00:00,2026-08-20T06:52:29+00:00,-20.4375,-19.9375,-20.18542,60,2026-08-20T03:50:50.524351-03:00
428,2026-08-20T03:52:29-03:00,2026-08-20T03:57:29-03:00,2026-08-20T06:52:29+00:00,2026-08-20T06:57:29+00:00,-19.9375,-19.5625,-19.74167,60,2026-08-20T03:55:53.542390-03:00
429,2026-08-20T03:57:29-03:00,2026-08-20T04:02:30-03:00,2026-08-20T06:57:29+00:00,2026-08-20T07:02:30+00:00,-19.5625,-19.1875,-19.34687,60,2026-08-20T04:00:50.884164-03:00
430,2026-08-20T04:02:30-03:00,2026-08-20T04:07:30-03:00,2026-08-20T07:02:30+00:00,2026-08-20T07:07:30+00:00,-19.1875,-18.8125,-18.99063,60,2026-08-20T04:05:50.667693-03:00
431,2026-08-20T04:07:30-03:00,2026-08-20T04:12:30-03:00,2026-08-20T07:07:30+00:00,2026-08-20T07:12:30+00:00,-18.8125,-18.5625,-18.67604,60,2026-08-20T04:10:51.564741-03:00
432,2026-08-20T04:12:30-03:00,2026-08-20T04:17:30-03:00,2026-08-20T07:12:30+00:00,2026-08-20T07:17:30+00:00,-18.5,-18.25,-18.39479,60,2026-08-20T04:15:51.380760-03:00
433,2026-08-20T04:17:30-03:00,2026-08-20T04:22:30-03:00,2026-08-20T07:17:30+00:00,2026-08-20T07:22:30+00:00,-18.25,-18,-18.14479,60,2026-08-20T04:20:51.005647-03:00
434,2026-08-20T04:22:30-03:00,2026-08-20T04:27:30-03:00,2026-08-20T07:22:30+00:00,2026-08-20T07:27:30+00:00,-18.0625,-17.8125,-17.91458,60,2026-08-20T04:25:51.324445-03:00
435,2026-08-20T04:27:30-03:00,2026-08-20T04:32:30-03:00,2026-08-20T07:27:30+00:00,2026-08-20T07:32:30+00:00,-17.8125,-17.625,-17.70938,60,2026-08-20T04:30:51.129923-03:00
436,2026-08-20T04:32:30-03:00,2026-08-20T04:37:30-03:00,2026-08-20T07:32:30+00:00,2026-08-20T07:37:30+00:00,-17.625,-17.4375,-17.52188,60,2026-08-20T04:35:51.272284-03:00
437,2026-08-20T04:37:30-03:00,2026-08-20T04:42:30-03:00,2026-08-20T07:37:30+00:00,2026-08-20T07:42:30+00:00,-17.4375,-17.25,-17.35208,60,2026-08-20T04:40:51.394423-03:00
438,2026-08-20T04:42:30-03:00,2026-08-20T04:47:30-03:00,2026-08-20T07:42:30+00:00,2026-08-20T07:47:30+00:00,-17.25,-17.125,-17.1875,60,2026-08-20T04:45:51.423192-03:00
439,2026-08-20T04:47:30-03:00,2026-08-20T04:52:30-03:00,2026-08-20T07:47:30+00:00,2026-08-20T07:52:30+00:00,-17.125,-16.9375,-17.03229,60,2026-08-20T04:50:51.267068-03:00
440,2026-08-20T04:52:30-03:00,2026-08-20T04:57:30-03:00,2026-08-20T07:52:30+00:00,2026-08-20T07:57:30+00:00,-17.5,-16.9375,-17.07396,60,2026-08-20T04:55:51.259924-03:00
441,2026-08-20T04:57:30-03:00,2026-08-20T05:02:30-03:00,2026-08-20T07:57:30+00:00,2026-08-20T08:02:30+00:00,-19.125,-17.5,-18.30521,60,2026-08-20T05:00:51.168709-03:00
442,2026-08-20T05:02:30-03:00,2026-08-20T05:07:30-03:00,2026-08-20T08:02:30+00:00,2026-08-20T08:07:30+00:00,-20.625,-19.125,-19.89688,60,2026-08-20T05:05:51.496497-03:00
443,2026-08-20T05:07:30-03:00,2026-08-20T05:12:30-03:00,2026-08-20T08:07:30+00:00,2026-08-20T08:12:30+00:00,-21.75,-20.625,-21.20313,60,2026-08-20T05:10:50.981570-03:00
444,2026-08-20T05:12:30-03:00,2026-08-20T05:17:30-03:00,2026-08-20T08:12:30+00:00,2026-08-20T08:17:30+00:00,-21.9375,-21.625,-21.82187,60,2026-08-20T05:15:51.399393-03:00
445,2026-08-20T05:17:30-03:00,2026-08-20T05:22:30-03:00,2026-08-20T08:17:30+00:00,2026-08-20T08:22:30+00:00,-21.625,-21.0625,-21.35938,60,2026-08-20T05:20:51.324682-03:00
446,2026-08-20T05:22:30-03:00,2026-08-20T05:27:30-03:00,2026-08-20T08:22:30+00:00,2026-08-20T08:27:30+00:00,-21.0625,-20.5,-20.78958,60,2026-08-20T05:25:51.524626-03:00
447,2026-08-20T05:27:30-03:00,2026-08-20T05:32:30-03:00,2026-08-20T08:27:30+00:00,2026-08-20T08:32:30+00:00,-20.5,-20,-20.25625,60,2026-08-20T05:30:51.498623-03:00
448,2026-08-20T05:32:30-03:00,2026-08-20T05:37:30-03:00,2026-08-20T08:32:30+00:00,2026-08-20T08:37:30+00:00,-20,-19.5625,-19.76979,60,2026-08-20T05:35:51.122481-03:00
449,2026-08-20T05:37:30-03:00,2026-08-20T05:42:30-03:00,2026-08-20T08:37:30+00:00,2026-08-20T08:42:30+00:00,-19.5625,-19.125,-19.34375,60,2026-08-20T05:40:51.007001-03:00
450,2026-08-20T05:42:30-03:00,2026-08-20T05:47:30-03:00,2026-08-20T08:42:30+00:00,2026-08-20T08:47:30+00:00,-19.125,-18.75,-18.95833,60,2026-08-20T05:45:54.118537-03:00
451,2026-08-20T05:47:30-03:00,2026-08-20T05:52:31-03:00,2026-08-20T08:47:30+00:00,2026-08-20T08:52:31+00:00,-18.75,-18.4375,-18.60833,60,2026-08-20T05:50:51.240407-03:00
452,2026-08-20T05:52:31-03:00,2026-08-20T05:57:31-03:00,2026-08-20T08:52:31+00:00,2026-08-20T08:57:31+00:00,-18.4375,-18.1875,-18.30625,60,2026-08-20T05:55:51.320260-03:00
453,2026-08-20T05:57:31-03:00,2026-08-20T06:02:31-03:00,2026-08-20T08:57:31+00:00,2026-08-20T09:02:31+00:00,-18.1875,-17.9375,-18.03437,60,2026-08-20T06:00:51.083300-03:00
454,2026-08-20T06:02:31-03:00,2026-08-20T06:07:31-03:00,2026-08-20T09:02:31+00:00,2026-08-20T09:07:31+00:00,-17.9375,-17.6875,-17.79271,60,2026-08-20T06:05:51.941695-03:00
455,2026-08-20T06:07:31-03:00,2026-08-20T06:12:31-03:00,2026-08-20T09:07:31+00:00,2026-08-20T09:12:31+00:00,-17.6875,-17.4375,-17.57187,60,2026-08-20T06:10:51.503947-03:00
456,2026-08-20T06:12:31-03:00,2026-08-20T06:17:31-03:00,2026-08-20T09:12:31+00:00,2026-08-20T09:17:31+00:00,-17.5,-17.3125,-17.37708,60,2026-08-20T06:15:51.999177-03:00
457,2026-08-20T06:17:31-03:00,2026-08-20T06:22:31-03:00,2026-08-20T09:17:31+00:00,2026-08-20T09:22:31+00:00,-17.3125,-17.125,-17.19375,60,2026-08-20T06:20:52.294716-03:00
458,2026-08-20T06:22:31-03:00,2026-08-20T06:27:31-03:00,2026-08-20T09:22:31+00:00,2026-08-20T09:27:31+00:00,-17.125,-16.9375,-17.02292,60,2026-08-20T06:25:51.832050-03:00
459,2026-08-20T06:27:31-03:00,2026-08-20T06:32:31-03:00,2026-08-20T09:27:31+00:00,2026-08-20T09:32:31+00:00,-16.9375,-16.8125,-16.86771,60,2026-08-20T06:30:51.748049-03:00
460,2026-08-20T06:32:31-03:00,2026-08-20T06:37:31-03:00,2026-08-20T09:32:31+00:00,2026-08-20T09:37:31+00:00,-16.8125,-16.625,-16.71354,60,2026-08-20T06:35:51.991152-03:00
461,2026-08-20T06:37:31-03:00,2026-08-20T06:42:31-03:00,2026-08-20T09:37:31+00:00,2026-08-20T09:42:31+00:00,-16.625,-16.5625,-16.59687,60,2026-08-20T06:40:52.153077-03:00
462,2026-08-20T06:42:31-03:00,2026-08-20T06:47:31-03:00,2026-08-20T09:42:31+00:00,2026-08-20T09:47:31+00:00,-18,-16.625,-17.22187,60,2026-08-20T06:45:51.924220-03:00
463,2026-08-20T06:47:31-03:00,2026-08-20T06:52:31-03:00,2026-08-20T09:47:31+00:00,2026-08-20T09:52:31+00:00,-19.625,-18,-18.85312,60,2026-08-20T06:50:51.765710-03:00
464,2026-08-20T06:52:31-03:00,2026-08-20T06:57:31-03:00,2026-08-20T09:52:31+00:00,2026-08-20T09:57:31+00:00,-21,-19.6875,-20.36042,60,2026-08-20T06:55:51.970865-03:00
465,2026-08-20T06:57:31-03:00,2026-08-20T07:02:31-03:00,2026-08-20T09:57:31+00:00,2026-08-20T10:02:31+00:00,-21.6875,-21,-21.46771,60,2026-08-20T07:00:51.565625-03:00
466,2026-08-20T07:02:31-03:00,2026-08-20T07:07:31-03:00,2026-08-20T10:02:31+00:00,2026-08-20T10:07:31+00:00,-21.625,-21.125,-21.38646,60,2026-08-20T07:05:51.705781-03:00
467,2026-08-20T07:07:31-03:00,2026-08-20T07:12:31-03:00,2026-08-20T10:07:31+00:00,2026-08-20T10:12:31+00:00,-21.125,-20.5,-20.8125,60,2026-08-20T07:10:51.835263-03:00
468,2026-08-20T07:12:31-03:00,2026-08-20T07:17:31-03:00,2026-08-20T10:12:31+00:00,2026-08-20T10:17:31+00:00,-20.5,-20,-20.25312,60,2026-08-20T07:15:52.257384-03:00
469,2026-08-20T07:17:31-03:00,2026-08-20T07:22:31-03:00,2026-08-20T10:17:31+00:00,2026-08-20T10:22:31+00:00,-20,-19.5,-19.74375,60,2026-08-20T07:20:51.947445-03:00
470,2026-08-20T07:22:31-03:00,2026-08-20T07:27:31-03:00,2026-08-20T10:22:31+00:00,2026-08-20T10:27:31+00:00,-19.5,-19.0625,-19.28542,60,2026-08-20T07:25:52.092798-03:00
471,2026-08-20T07:27:31-03:00,2026-08-20T07:32:31-03:00,2026-08-20T10:27:31+00:00,2026-08-20T10:32:31+00:00,-19.0625,-18.6875,-18.87917,60,2026-08-20T07:30:52.148789-03:00
472,2026-08-20T07:32:31-03:00,2026-08-20T07:37:32-03:00,2026-08-20T10:32:31+00:00,2026-08-20T10:37:32+00:00,-18.6875,-18.375,-18.51875,60,2026-08-20T07:35:51.966315-03:00
473,2026-08-20T07:37:32-03:00,2026-08-20T07:42:32-03:00,2026-08-20T10:37:32+00:00,2026-08-20T10:42:32+00:00,-18.375,-18.0625,-18.19583,60,2026-08-20T07:40:51.612697-03:00
474,2026-08-20T07:42:32-03:00,2026-08-20T07:47:32-03:00,2026-08-20T10:42:32+00:00,2026-08-20T10:47:32+00:00,-18.0625,-17.75,-17.91458,60,2026-08-20T07:45:51.998062-03:00
475,2026-08-20T07:47:32-03:00,2026-08-20T07:52:32-03:00,2026-08-20T10:47:32+00:00,2026-08-20T10:52:32+00:00,-17.8125,-17.5625,-17.6625,60,2026-08-20T07:50:52.077153-03:00
476,2026-08-20T07:52:32-03:00,2026-08-20T07:57:32-03:00,2026-08-20T10:52:32+00:00,2026-08-20T10:57:32+00:00,-17.5625,-17.3125,-17.44167,60,2026-08-20T07:56:01.083272-03:00
477,2026-08-20T07:57:32-03:00,2026-08-20T08:02:32-03:00,2026-08-20T10:57:32+00:00,2026-08-20T11:02:32+00:00,-17.3125,-17.125,-17.23384,58,2026-08-20T08:00:52.117106-03:00
478,2026-08-20T08:02:32-03:00,2026-08-20T08:07:32-03:00,2026-08-20T11:02:32+00:00,2026-08-20T11:07:32+00:00,-17.125,-16.9375,-17.05208,60,2026-08-20T08:05:51.510071-03:00
479,2026-08-20T08:07:32-03:00,2026-08-20T08:12:32-03:00,2026-08-20T11:07:32+00:00,2026-08-20T11:12:32+00:00,-17,-16.8125,-16.88229,60,2026-08-20T08:10:52.528423-03:00
480,2026-08-20T08:12:32-03:00,2026-08-20T08:17:32-03:00,2026-08-20T11:12:32+00:00,2026-08-20T11:17:32+00:00,-16.8125,-16.625,-16.71979,60,2026-08-20T08:16:22.661828-03:00
481,2026-08-20T08:17:32-03:00,2026-08-20T08:22:32-03:00,2026-08-20T11:17:32+00:00,2026-08-20T11:22:32+00:00,-16.625,-16.5,-16.58157,59,2026-08-20T08:20:51.854148-03:00
482,2026-08-20T08:22:32-03:00,2026-08-20T08:27:32-03:00,2026-08-20T11:22:32+00:00,2026-08-20T11:27:32+00:00,-16.5,-16.375,-16.44167,60,2026-08-20T08:25:52.179809-03:00
483,2026-08-20T08:27:32-03:00,2026-08-20T08:32:32-03:00,2026-08-20T11:27:32+00:00,2026-08-20T11:32:32+00:00,-16.625,-16.3125,-16.38958,60,2026-08-20T08:30:51.714869-03:00
484,2026-08-20T08:32:32-03:00,2026-08-20T08:37:32-03:00,2026-08-20T11:32:32+00:00,2026-08-20T11:37:32+00:00,-18.25,-16.625,-17.41667,60,2026-08-20T08:35:52.224110-03:00
485,2026-08-20T08:37:32-03:00,2026-08-20T08:42:32-03:00,2026-08-20T11:37:32+00:00,2026-08-20T11:42:32+00:00,-19.875,-18.25,-19.09063,60,2026-08-20T08:40:51.423331-03:00
486,2026-08-20T08:42:32-03:00,2026-08-20T08:47:32-03:00,2026-08-20T11:42:32+00:00,2026-08-20T11:47:32+00:00,-21.125,-19.875,-20.53021,60,2026-08-20T08:45:52.100624-03:00
487,2026-08-20T08:47:32-03:00,2026-08-20T08:52:32-03:00,2026-08-20T11:47:32+00:00,2026-08-20T11:52:32+00:00,-21.625,-21.125,-21.4375,60,2026-08-20T08:50:51.958925-03:00
488,2026-08-20T08:52:32-03:00,2026-08-20T08:57:32-03:00,2026-08-20T11:52:32+00:00,2026-08-20T11:57:32+00:00,-21.375,-20.8125,-21.11146,60,2026-08-20T08:55:52.164433-03:00
489,2026-08-20T08:57:32-03:00,2026-08-20T09:02:32-03:00,2026-08-20T11:57:32+00:00,2026-08-20T12:02:32+00:00,-20.8125,-20.25,-20.525,60,2026-08-20T09:00:52.533634-03:00
490,2026-08-20T09:02:32-03:00,2026-08-20T09:07:32-03:00,2026-08-20T12:02:32+00:00,2026-08-20T12:07:32+00:00,-20.25,-19.6875,-19.97708,60,2026-08-20T09:05:52.335136-03:00
491,2026-08-20T09:07:32-03:00,2026-08-20T09:12:32-03:00,2026-08-20T12:07:32+00:00,2026-08-20T12:12:32+00:00,-19.6875,-19.125,-19.43958,60,2026-08-20T09:10:51.803424-03:00
492,2026-08-20T09:12:32-03:00,2026-08-20T09:17:32-03:00,2026-08-20T12:12:32+00:00,2026-08-20T12:17:32+00:00,-19.125,-18.5,-18.80625,60,2026-08-20T09:15:52.262197-03:00
493,2026-08-20T09:17:32-03:00,2026-08-20T09:22:32-03:00,2026-08-20T12:17:32+00:00,2026-08-20T12:22:32+00:00,-18.5,-17.9375,-18.19479,60,2026-08-20T09:20:51.780356-03:00
494,2026-08-20T09:22:32-03:00,2026-08-20T09:27:32-03:00,2026-08-20T12:22:32+00:00,2026-08-20T12:27:32+00:00,-17.9375,-17.375,-17.64792,60,2026-08-20T09:25:52.077200-03:00
495,2026-08-20T09:27:32-03:00,2026-08-20T09:32:32-03:00,2026-08-20T12:27:32+00:00,2026-08-20T12:32:32+00:00,-17.375,-16.9375,-17.16771,60,2026-08-20T09:30:52.228320-03:00
496,2026-08-20T09:32:32-03:00,2026-08-20T09:37:32-03:00,2026-08-20T12:32:32+00:00,2026-08-20T12:37:32+00:00,-16.9375,-16.5625,-16.75,60,2026-08-20T09:35:52.361318-03:00
497,2026-08-20T09:37:32-03:00,2026-08-20T09:42:32-03:00,2026-08-20T12:37:32+00:00,2026-08-20T12:42:32+00:00,-16.5625,-16.25,-16.39688,60,2026-08-20T09:40:55.020933-03:00
498,2026-08-20T09:42:32-03:00,2026-08-20T09:47:33-03:00,2026-08-20T12:42:32+00:00,2026-08-20T12:47:33+00:00,-17.4375,-16.3125,-16.74896,60,2026-08-20T09:45:52.440609-03:00
499,2026-08-20T09:47:33-03:00,2026-08-20T09:52:33-03:00,2026-08-20T12:47:33+00:00,2026-08-20T12:52:33+00:00,-19.0625,-17.5,-18.28854,60,2026-08-20T09:50:52.370475-03:00
500,2026-08-20T09:52:33-03:00,2026-08-20T09:57:33-03:00,2026-08-20T12:52:33+00:00,2026-08-20T12:57:33+00:00,-20.375,-19.0625,-19.75729,60,2026-08-20T09:55:53.102568-03:00
501,2026-08-20T09:57:33-03:00,2026-08-20T10:02:33-03:00,2026-08-20T12:57:33+00:00,2026-08-20T13:02:33+00:00,-21.375,-20.375,-20.91979,60,2026-08-20T10:00:52.824226-03:00
502,2026-08-20T10:02:33-03:00,2026-08-20T10:07:33-03:00,2026-08-20T13:02:33+00:00,2026-08-20T13:07:33+00:00,-21.75,-21.4375,-21.58854,60,2026-08-20T10:05:53.199184-03:00
503,2026-08-20T10:07:33-03:00,2026-08-20T10:12:33-03:00,2026-08-20T13:07:33+00:00,2026-08-20T13:12:33+00:00,-21.4375,-20.875,-21.16771,60,2026-08-20T10:10:52.720320-03:00
504,2026-08-20T10:12:33-03:00,2026-08-20T10:17:33-03:00,2026-08-20T13:12:33+00:00,2026-08-20T13:17:33+00:00,-20.875,-20.3125,-20.56354,60,2026-08-20T10:15:52.579121-03:00
505,2026-08-20T10:17:33-03:00,2026-08-20T10:22:33-03:00,2026-08-20T13:17:33+00:00,2026-08-20T13:22:33+00:00,-20.25,-19.75,-20.01042,60,2026-08-20T10:20:52.706387-03:00
506,2026-08-20T10:22:33-03:00,2026-08-20T10:27:33-03:00,2026-08-20T13:22:33+00:00,2026-08-20T13:27:33+00:00,-19.75,-19.25,-19.50417,60,2026-08-20T10:25:52.969714-03:00
507,2026-08-20T10:27:33-03:00,2026-08-20T10:32:33-03:00,2026-08-20T13:27:33+00:00,2026-08-20T13:32:33+00:00,-19.25,-18.875,-19.06354,60,2026-08-20T10:30:52.637968-03:00
508,2026-08-20T10:32:33-03:00,2026-08-20T10:37:33-03:00,2026-08-20T13:32:33+00:00,2026-08-20T13:37:33+00:00,-18.875,-18.5,-18.67708,60,2026-08-20T10:35:53.451344-03:00
509,2026-08-20T10:37:33-03:00,2026-08-20T10:42:33-03:00,2026-08-20T13:37:33+00:00,2026-08-20T13:42:33+00:00,-18.5,-18.1875,-18.325,60,2026-08-20T10:40:52.818350-03:00
510,2026-08-20T10:42:33-03:00,2026-08-20T10:47:33-03:00,2026-08-20T13:42:33+00:00,2026-08-20T13:47:33+00:00,-18.125,-17.0625,-17.31771,60,2026-08-20T10:45:53.148538-03:00
511,2026-08-20T10:47:33-03:00,2026-08-20T10:52:33-03:00,2026-08-20T13:47:33+00:00,2026-08-20T13:52:33+00:00,-17.0625,-17,-17.0125,60,2026-08-20T10:50:52.689441-03:00
512,2026-08-20T10:52:33-03:00,2026-08-20T10:57:33-03:00,2026-08-20T13:52:33+00:00,2026-08-20T13:57:33+00:00,-17,-16.875,-16.95313,60,2026-08-20T10:55:53.368788-03:00
513,2026-08-20T10:57:33-03:00,2026-08-20T11:02:33-03:00,2026-08-20T13:57:33+00:00,2026-08-20T14:02:33+00:00,-16.9375,-16.8125,-16.85521,60,2026-08-20T11:01:52.805276-03:00
514,2026-08-20T11:02:33-03:00,2026-08-20T11:07:33-03:00,2026-08-20T14:02:33+00:00,2026-08-20T14:07:33+00:00,-16.8125,-16.6875,-16.73599,58,2026-08-20T11:06:02.054467-03:00
515,2026-08-20T11:07:33-03:00,2026-08-20T11:12:34-03:00,2026-08-20T14:07:33+00:00,2026-08-20T14:12:34+00:00,-16.6875,-16.5625,-16.62716,58,2026-08-20T11:10:53.345191-03:00
516,2026-08-20T11:12:34-03:00,2026-08-20T11:17:34-03:00,2026-08-20T14:12:34+00:00,2026-08-20T14:17:34+00:00,-16.5625,-16.4375,-16.5125,60,2026-08-20T11:15:53.082315-03:00
517,2026-08-20T11:17:34-03:00,2026-08-20T11:22:34-03:00,2026-08-20T14:17:34+00:00,2026-08-20T14:22:34+00:00,-16.4375,-16.3125,-16.39167,60,2026-08-20T11:20:53.377703-03:00
518,2026-08-20T11:22:34-03:00,2026-08-20T11:27:34-03:00,2026-08-20T14:22:34+00:00,2026-08-20T14:27:34+00:00,-17.25,-16.375,-16.66771,60,2026-08-20T11:25:52.625279-03:00
519,2026-08-20T11:27:34-03:00,2026-08-20T11:32:34-03:00,2026-08-20T14:27:34+00:00,2026-08-20T14:32:34+00:00,-18.9375,-17.25,-18.0875,60,2026-08-20T11:30:52.637967-03:00
520,2026-08-20T11:32:34-03:00,2026-08-20T11:37:34-03:00,2026-08-20T14:32:34+00:00,2026-08-20T14:37:34+00:00,-20.3125,-18.9375,-19.66979,60,2026-08-20T11:35:55.770486-03:00
521,2026-08-20T11:37:34-03:00,2026-08-20T11:42:34-03:00,2026-08-20T14:37:34+00:00,2026-08-20T14:42:34+00:00,-21.4375,-20.375,-20.94792,60,2026-08-20T11:40:53.414361-03:00
522,2026-08-20T11:42:34-03:00,2026-08-20T11:47:34-03:00,2026-08-20T14:42:34+00:00,2026-08-20T14:47:34+00:00,-21.5625,-21.1875,-21.38958,60,2026-08-20T11:45:53.702031-03:00
523,2026-08-20T11:47:34-03:00,2026-08-20T11:52:34-03:00,2026-08-20T14:47:34+00:00,2026-08-20T14:52:34+00:00,-21.125,-20.5625,-20.875,60,2026-08-20T11:50:53.732441-03:00
524,2026-08-20T11:52:34-03:00,2026-08-20T11:57:34-03:00,2026-08-20T14:52:34+00:00,2026-08-20T14:57:34+00:00,-20.5625,-20,-20.29271,60,2026-08-20T11:55:53.468167-03:00
525,2026-08-20T11:57:34-03:00,2026-08-20T12:02:34-03:00,2026-08-20T14:57:34+00:00,2026-08-20T15:02:34+00:00,-20,-19.5,-19.75312,60,2026-08-20T12:01:23.770227-03:00
526,2026-08-20T12:02:34-03:00,2026-08-20T12:07:34-03:00,2026-08-20T15:02:34+00:00,2026-08-20T15:07:34+00:00,-19.5,-19.0625,-19.2553,59,2026-08-20T12:05:52.924478-03:00
527,2026-08-20T12:07:34-03:00,2026-08-20T12:12:34-03:00,2026-08-20T15:07:34+00:00,2026-08-20T15:12:34+00:00,-19.0625,-18.625,-18.83021,60,2026-08-20T12:10:53.093803-03:00
528,2026-08-20T12:12:34-03:00,2026-08-20T12:17:35-03:00,2026-08-20T15:12:34+00:00,2026-08-20T15:17:35+00:00,-18.625,-18.25,-18.45104,60,2026-08-20T12:15:53.785448-03:00
529,2026-08-20T12:17:35-03:00,2026-08-20T12:22:35-03:00,2026-08-20T15:17:35+00:00,2026-08-20T15:22:35+00:00,-18.25,-17.9375,-18.1125,60,2026-08-20T12:20:53.517677-03:00
530,2026-08-20T12:22:35-03:00,2026-08-20T12:27:35-03:00,2026-08-20T15:22:35+00:00,2026-08-20T15:27:35+00:00,-17.9375,-17.6875,-17.81354,60,2026-08-20T12:25:53.540223-03:00
531,2026-08-20T12:27:35-03:00,2026-08-20T12:32:35-03:00,2026-08-20T15:27:35+00:00,2026-08-20T15:32:35+00:00,-17.6875,-17.4375,-17.54688,60,2026-08-20T12:30:55.625434-03:00
532,2026-08-20T12:32:35-03:00,2026-08-20T12:37:35-03:00,2026-08-20T15:32:35+00:00,2026-08-20T15:37:35+00:00,-17.4375,-17.1875,-17.30104,60,2026-08-20T12:35:53.643464-03:00
533,2026-08-20T12:37:35-03:00,2026-08-20T12:42:35-03:00,2026-08-20T15:37:35+00:00,2026-08-20T15:42:35+00:00,-17.1875,-17,-17.08854,60,2026-08-20T12:40:53.511615-03:00
534,2026-08-20T12:42:35-03:00,2026-08-20T12:47:35-03:00,2026-08-20T15:42:35+00:00,2026-08-20T15:47:35+00:00,-17,-16.8125,-16.89271,60,2026-08-20T12:45:53.652531-03:00
536,2026-08-20T12:47:35-03:00,2026-08-20T12:52:35-03:00,2026-08-20T15:47:35+00:00,2026-08-20T15:52:35+00:00,-16.8125,-16.625,-16.70208,60,2026-08-20T12:51:23.745872-03:00
537,2026-08-20T12:52:35-03:00,2026-08-20T12:57:35-03:00,2026-08-20T15:52:35+00:00,2026-08-20T15:57:35+00:00,-17.125,-15.875,-16.70127,59,2026-08-20T12:55:53.768537-03:00
538,2026-08-20T12:57:35-03:00,2026-08-20T13:02:35-03:00,2026-08-20T15:57:35+00:00,2026-08-20T16:02:35+00:00,-16.5,-15.5625,-15.96979,60,2026-08-20T13:01:00.601687-03:00
539,2026-08-20T13:02:35-03:00,2026-08-20T13:07:35-03:00,2026-08-20T16:02:35+00:00,2026-08-20T16:07:35+00:00,-16.875,-16.5625,-16.77225,59,2026-08-20T13:05:53.839252-03:00
540,2026-08-20T13:07:35-03:00,2026-08-20T13:12:35-03:00,2026-08-20T16:07:35+00:00,2026-08-20T16:12:35+00:00,-16.9375,-16.8125,-16.875,60,2026-08-20T13:11:27.465420-03:00
541,2026-08-20T13:12:35-03:00,2026-08-20T13:17:35-03:00,2026-08-20T16:12:35+00:00,2026-08-20T16:17:35+00:00,-16.875,-16.625,-16.74138,58,2026-08-20T13:15:54.150248-03:00
542,2026-08-20T13:17:35-03:00,2026-08-20T13:22:35-03:00,2026-08-20T16:17:35+00:00,2026-08-20T16:22:35+00:00,-16.625,-16.3125,-16.47292,60,2026-08-20T13:20:54.089548-03:00
543,2026-08-20T13:22:35-03:00,2026-08-20T13:27:35-03:00,2026-08-20T16:22:35+00:00,2026-08-20T16:27:35+00:00,-16.25,-15.75,-16.03229,60,2026-08-20T13:25:53.837435-03:00
544,2026-08-20T13:27:35-03:00,2026-08-20T13:32:35-03:00,2026-08-20T16:27:35+00:00,2026-08-20T16:32:35+00:00,-15.75,-14.8125,-15.29271,60,2026-08-20T13:30:54.154782-03:00
545,2026-08-20T13:32:35-03:00,2026-08-20T13:37:35-03:00,2026-08-20T16:32:35+00:00,2026-08-20T16:37:35+00:00,-14.8125,-13.625,-14.23854,60,2026-08-20T13:35:55.049863-03:00
546,2026-08-20T13:37:35-03:00,2026-08-20T13:42:35-03:00,2026-08-20T16:37:35+00:00,2026-08-20T16:42:35+00:00,-13.625,-12.4375,-13.01042,60,2026-08-20T13:40:54.012803-03:00
547,2026-08-20T13:42:35-03:00,2026-08-20T13:47:36-03:00,2026-08-20T16:42:35+00:00,2026-08-20T16:47:36+00:00,-12.4375,-10.875,-11.66042,60,2026-08-20T13:45:54.347601-03:00
548,2026-08-20T13:47:36-03:00,2026-08-20T13:52:36-03:00,2026-08-20T16:47:36+00:00,2026-08-20T16:52:36+00:00,-11.3125,-10.75,-10.90417,60,2026-08-20T13:50:53.955679-03:00
549,2026-08-20T13:52:36-03:00,2026-08-20T13:57:36-03:00,2026-08-20T16:52:36+00:00,2026-08-20T16:57:36+00:00,-12.9375,-11.3125,-12.10521,60,2026-08-20T13:55:55.292490-03:00
550,2026-08-20T13:57:36-03:00,2026-08-20T14:02:36-03:00,2026-08-20T16:57:36+00:00,2026-08-20T17:02:36+00:00,-14.625,-13,-13.84167,60,2026-08-20T14:00:54.139475-03:00
551,2026-08-20T14:02:36-03:00,2026-08-20T14:07:36-03:00,2026-08-20T17:02:36+00:00,2026-08-20T17:07:36+00:00,-16,-14.6875,-15.35938,60,2026-08-20T14:05:54.433640-03:00
552,2026-08-20T14:07:36-03:00,2026-08-20T14:12:36-03:00,2026-08-20T17:07:36+00:00,2026-08-20T17:12:36+00:00,-17.0625,-16,-16.54792,60,2026-08-20T14:10:54.450227-03:00
553,2026-08-20T14:12:36-03:00,2026-08-20T14:17:36-03:00,2026-08-20T17:12:36+00:00,2026-08-20T17:17:36+00:00,-17.875,-17.0625,-17.49792,60,2026-08-20T14:15:54.267955-03:00
554,2026-08-20T14:17:36-03:00,2026-08-20T14:22:36-03:00,2026-08-20T17:17:36+00:00,2026-08-20T17:22:36+00:00,-18.5625,-17.9375,-18.26354,60,2026-08-20T14:20:54.078095-03:00
555,2026-08-20T14:22:36-03:00,2026-08-20T14:27:36-03:00,2026-08-20T17:22:36+00:00,2026-08-20T17:27:36+00:00,-19.125,-18.5625,-18.87292,60,2026-08-20T14:25:54.773982-03:00
557,2026-08-20T14:27:36-03:00,2026-08-20T14:32:36-03:00,2026-08-20T17:27:36+00:00,2026-08-20T17:32:36+00:00,-19.625,-19.125,-19.38854,60,2026-08-20T14:31:23.817054-03:00
558,2026-08-20T14:32:36-03:00,2026-08-20T14:37:36-03:00,2026-08-20T17:32:36+00:00,2026-08-20T17:37:36+00:00,-20,-19.625,-19.82759,58,2026-08-20T14:35:53.937281-03:00
559,2026-08-20T14:37:36-03:00,2026-08-20T14:42:36-03:00,2026-08-20T17:37:36+00:00,2026-08-20T17:42:36+00:00,-20.375,-20,-20.19687,60,2026-08-20T14:41:31.697306-03:00
560,2026-08-20T14:42:36-03:00,2026-08-20T14:47:36-03:00,2026-08-20T17:42:36+00:00,2026-08-20T17:47:36+00:00,-20.6875,-20.4375,-20.55778,53,2026-08-20T14:45:54.603612-03:00
561,2026-08-20T14:47:36-03:00,2026-08-20T14:52:36-03:00,2026-08-20T17:47:36+00:00,2026-08-20T17:52:36+00:00,-21,-20.6875,-20.84167,60,2026-08-20T14:50:54.404861-03:00
562,2026-08-20T14:52:36-03:00,2026-08-20T14:57:36-03:00,2026-08-20T17:52:36+00:00,2026-08-20T17:57:36+00:00,-21.25,-21,-21.10938,60,2026-08-20T14:55:55.724000-03:00
564,2026-08-20T14:57:36-03:00,2026-08-20T15:02:36-03:00,2026-08-20T17:57:36+00:00,2026-08-20T18:02:36+00:00,-21.5,-21.25,-21.35938,60,2026-08-20T15:02:27.184444-03:00
565,2026-08-20T15:02:36-03:00,2026-08-20T15:07:37-03:00,2026-08-20T18:02:36+00:00,2026-08-20T18:07:37+00:00,-21.6875,-21.5,-21.5932,57,2026-08-20T15:05:54.760826-03:00
566,2026-08-20T15:07:37-03:00,2026-08-20T15:12:37-03:00,2026-08-20T18:07:37+00:00,2026-08-20T18:12:37+00:00,-21.9375,-21.6875,-21.8,60,2026-08-20T15:10:54.698316-03:00
567,2026-08-20T15:12:37-03:00,2026-08-20T15:17:37-03:00,2026-08-20T18:12:37+00:00,2026-08-20T18:17:37+00:00,-22,-21.75,-21.93646,60,2026-08-20T15:15:54.621868-03:00
568,2026-08-20T15:17:37-03:00,2026-08-20T15:22:37-03:00,2026-08-20T18:17:37+00:00,2026-08-20T18:22:37+00:00,-21.75,-21.0625,-21.41146,60,2026-08-20T15:20:56.886519-03:00
569,2026-08-20T15:22:37-03:00,2026-08-20T15:27:37-03:00,2026-08-20T18:22:37+00:00,2026-08-20T18:27:37+00:00,-21.0625,-20.375,-20.71146,60,2026-08-20T15:26:54.625818-03:00
570,2026-08-20T15:27:37-03:00,2026-08-20T15:32:37-03:00,2026-08-20T18:27:37+00:00,2026-08-20T18:32:37+00:00,-20.375,-19.875,-20.12177,58,2026-08-20T15:30:54.944840-03:00
571,2026-08-20T15:32:37-03:00,2026-08-20T15:37:37-03:00,2026-08-20T18:32:37+00:00,2026-08-20T18:37:37+00:00,-19.875,-19.4375,-19.65,60,2026-08-20T15:35:55.000911-03:00
572,2026-08-20T15:37:37-03:00,2026-08-20T15:42:37-03:00,2026-08-20T18:37:37+00:00,2026-08-20T18:42:37+00:00,-19.4375,-19.0625,-19.23958,60,2026-08-20T15:40:55.030814-03:00
573,2026-08-20T15:42:37-03:00,2026-08-20T15:47:37-03:00,2026-08-20T18:42:37+00:00,2026-08-20T18:47:37+00:00,-19.0625,-18.75,-18.89167,60,2026-08-20T15:45:56.836081-03:00
574,2026-08-20T15:47:37-03:00,2026-08-20T15:52:37-03:00,2026-08-20T18:47:37+00:00,2026-08-20T18:52:37+00:00,-18.75,-18.4375,-18.58125,60,2026-08-20T15:50:55.050305-03:00
575,2026-08-20T15:52:37-03:00,2026-08-20T15:57:37-03:00,2026-08-20T18:52:37+00:00,2026-08-20T18:57:37+00:00,-18.4375,-18.1875,-18.30625,60,2026-08-20T15:55:54.950709-03:00
576,2026-08-20T15:57:37-03:00,2026-08-20T16:02:37-03:00,2026-08-20T18:57:37+00:00,2026-08-20T19:02:37+00:00,-18.4375,-18.125,-18.23542,60,2026-08-20T16:00:54.939550-03:00
577,2026-08-20T16:02:37-03:00,2026-08-20T16:07:37-03:00,2026-08-20T19:02:37+00:00,2026-08-20T19:07:37+00:00,-19.4375,-18.4375,-18.925,60,2026-08-20T16:05:59.635138-03:00
578,2026-08-20T16:07:37-03:00,2026-08-20T16:12:37-03:00,2026-08-20T19:07:37+00:00,2026-08-20T19:12:37+00:00,-20.25,-19.4375,-19.85487,59,2026-08-20T16:10:54.868792-03:00
579,2026-08-20T16:12:37-03:00,2026-08-20T16:17:37-03:00,2026-08-20T19:12:37+00:00,2026-08-20T19:17:37+00:00,-20.9375,-20.25,-20.61458,60,2026-08-20T16:15:54.903306-03:00
580,2026-08-20T16:17:37-03:00,2026-08-20T16:22:37-03:00,2026-08-20T19:17:37+00:00,2026-08-20T19:22:37+00:00,-21.4375,-20.9375,-21.20521,60,2026-08-20T16:20:55.905949-03:00
581,2026-08-20T16:22:37-03:00,2026-08-20T16:27:37-03:00,2026-08-20T19:22:37+00:00,2026-08-20T19:27:37+00:00,-21.8125,-21.4375,-21.65729,60,2026-08-20T16:25:54.959227-03:00
582,2026-08-20T16:27:37-03:00,2026-08-20T16:32:37-03:00,2026-08-20T19:27:37+00:00,2026-08-20T19:32:37+00:00,-22.1875,-21.875,-22.01042,60,2026-08-20T16:30:55.110485-03:00
583,2026-08-20T16:32:37-03:00,2026-08-20T16:37:37-03:00,2026-08-20T19:32:37+00:00,2026-08-20T19:37:37+00:00,-22.4375,-22.1875,-22.30417,60,2026-08-20T16:35:55.214294-03:00
584,2026-08-20T16:37:37-03:00,2026-08-20T16:42:38-03:00,2026-08-20T19:37:37+00:00,2026-08-20T19:42:38+00:00,-22.6875,-22.4375,-22.54792,60,2026-08-20T16:41:03.613597-03:00
585,2026-08-20T16:42:38-03:00,2026-08-20T16:47:38-03:00,2026-08-20T19:42:38+00:00,2026-08-20T19:47:38+00:00,-22.6875,-22.375,-22.60129,58,2026-08-20T16:45:54.489188-03:00
586,2026-08-20T16:47:38-03:00,2026-08-20T16:52:38-03:00,2026-08-20T19:47:38+00:00,2026-08-20T19:52:38+00:00,-22.375,-21.75,-22.05729,60,2026-08-20T16:50:55.480068-03:00
587,2026-08-20T16:52:38-03:00,2026-08-20T16:57:38-03:00,2026-08-20T19:52:38+00:00,2026-08-20T19:57:38+00:00,-21.75,-21.125,-21.43333,60,2026-08-20T16:55:54.994550-03:00
588,2026-08-20T16:57:38-03:00,2026-08-20T17:02:38-03:00,2026-08-20T19:57:38+00:00,2026-08-20T20:02:38+00:00,-21.125,-20.6875,-20.90833,60,2026-08-20T17:00:55.000143-03:00
589,2026-08-20T17:02:38-03:00,2026-08-20T17:07:38-03:00,2026-08-20T20:02:38+00:00,2026-08-20T20:07:38+00:00,-20.6875,-20.25,-20.46979,60,2026-08-20T17:05:55.248135-03:00
590,2026-08-20T17:07:38-03:00,2026-08-20T17:12:38-03:00,2026-08-20T20:07:38+00:00,2026-08-20T20:12:38+00:00,-20.25,-19.875,-20.08229,60,2026-08-20T17:10:55.046896-03:00
591,2026-08-20T17:12:38-03:00,2026-08-20T17:17:38-03:00,2026-08-20T20:12:38+00:00,2026-08-20T20:17:38+00:00,-19.875,-19.625,-19.74375,60,2026-08-20T17:15:55.203300-03:00
592,2026-08-20T17:17:38-03:00,2026-08-20T17:22:38-03:00,2026-08-20T20:17:38+00:00,2026-08-20T20:22:38+00:00,-19.5625,-19.3125,-19.43125,60,2026-08-20T17:20:54.953725-03:00
593,2026-08-20T17:22:38-03:00,2026-08-20T17:27:38-03:00,2026-08-20T20:22:38+00:00,2026-08-20T20:27:38+00:00,-19.5625,-19.25,-19.34375,60,2026-08-20T17:25:55.580512-03:00
594,2026-08-20T17:27:38-03:00,2026-08-20T17:32:38-03:00,2026-08-20T20:27:38+00:00,2026-08-20T20:32:38+00:00,-20.375,-19.5625,-19.94792,60,2026-08-20T17:31:02.681022-03:00
595,2026-08-20T17:32:38-03:00,2026-08-20T17:37:38-03:00,2026-08-20T20:32:38+00:00,2026-08-20T20:37:38+00:00,-21.125,-20.375,-20.76589,59,2026-08-20T17:35:55.490163-03:00
596,2026-08-20T17:37:38-03:00,2026-08-20T17:42:38-03:00,2026-08-20T20:37:38+00:00,2026-08-20T20:42:38+00:00,-21.6875,-21.125,-21.41562,60,2026-08-20T17:40:55.486648-03:00
597,2026-08-20T17:42:38-03:00,2026-08-20T17:47:38-03:00,2026-08-20T20:42:38+00:00,2026-08-20T20:47:38+00:00,-22.125,-21.6875,-21.92083,60,2026-08-20T17:45:55.634279-03:00
598,2026-08-20T17:47:38-03:00,2026-08-20T17:52:38-03:00,2026-08-20T20:47:38+00:00,2026-08-20T20:52:38+00:00,-22.4375,-22.125,-22.29896,60,2026-08-20T17:50:55.077851-03:00
599,2026-08-20T17:52:38-03:00,2026-08-20T17:57:38-03:00,2026-08-20T20:52:38+00:00,2026-08-20T20:57:38+00:00,-22.6875,-22.4375,-22.59896,60,2026-08-20T17:55:55.747943-03:00
600,2026-08-20T17:57:38-03:00,2026-08-20T18:02:38-03:00,2026-08-20T20:57:38+00:00,2026-08-20T21:02:38+00:00,-22.9375,-22.6875,-22.83333,60,2026-08-20T18:00:55.402398-03:00
601,2026-08-20T18:02:38-03:00,2026-08-20T18:07:38-03:00,2026-08-20T21:02:38+00:00,2026-08-20T21:07:38+00:00,-22.9375,-22.5625,-22.77813,60,2026-08-20T18:05:55.228915-03:00
602,2026-08-20T18:07:38-03:00,2026-08-20T18:12:38-03:00,2026-08-20T21:07:38+00:00,2026-08-20T21:12:38+00:00,-22.5,-21.9375,-22.22083,60,2026-08-20T18:10:57.104927-03:00
603,2026-08-20T18:12:38-03:00,2026-08-20T18:17:38-03:00,2026-08-20T21:12:38+00:00,2026-08-20T21:17:38+00:00,-21.9375,-21.375,-21.62708,60,2026-08-20T18:15:55.955527-03:00
604,2026-08-20T18:17:38-03:00,2026-08-20T18:22:39-03:00,2026-08-20T21:17:38+00:00,2026-08-20T21:22:39+00:00,-21.375,-20.875,-21.11458,60,2026-08-20T18:20:55.591362-03:00
605,2026-08-20T18:22:39-03:00,2026-08-20T18:27:39-03:00,2026-08-20T21:22:39+00:00,2026-08-20T21:27:39+00:00,-20.875,-20.5,-20.67813,60,2026-08-20T18:26:25.820320-03:00
606,2026-08-20T18:27:39-03:00,2026-08-20T18:32:39-03:00,2026-08-20T21:27:39+00:00,2026-08-20T21:32:39+00:00,-20.4375,-20.125,-20.28588,54,2026-08-20T18:30:55.711614-03:00
607,2026-08-20T18:32:39-03:00,2026-08-20T18:37:39-03:00,2026-08-20T21:32:39+00:00,2026-08-20T21:37:39+00:00,-20.125,-19.8125,-19.975,60,2026-08-20T18:35:55.390890-03:00
608,2026-08-20T18:37:39-03:00,2026-08-20T18:42:39-03:00,2026-08-20T21:37:39+00:00,2026-08-20T21:42:39+00:00,-19.8125,-19.5625,-19.69167,60,2026-08-20T18:40:57.726702-03:00
609,2026-08-20T18:42:39-03:00,2026-08-20T18:47:39-03:00,2026-08-20T21:42:39+00:00,2026-08-20T21:47:39+00:00,-20.0625,-19.5625,-19.77292,60,2026-08-20T18:45:55.211855-03:00
610,2026-08-20T18:47:39-03:00,2026-08-20T18:52:39-03:00,2026-08-20T21:47:39+00:00,2026-08-20T21:52:39+00:00,-20.875,-20.0625,-20.48854,60,2026-08-20T18:50:55.498002-03:00
611,2026-08-20T18:52:39-03:00,2026-08-20T18:57:39-03:00,2026-08-20T21:52:39+00:00,2026-08-20T21:57:39+00:00,-21.625,-20.9375,-21.27708,60,2026-08-20T18:56:25.838849-03:00
612,2026-08-20T18:57:39-03:00,2026-08-20T19:02:39-03:00,2026-08-20T21:57:39+00:00,2026-08-20T22:02:39+00:00,-22.1875,-21.625,-21.91208,59,2026-08-20T19:00:55.730629-03:00
613,2026-08-20T19:02:39-03:00,2026-08-20T19:07:39-03:00,2026-08-20T22:02:39+00:00,2026-08-20T22:07:39+00:00,-22.625,-22.1875,-22.40937,60,2026-08-20T19:05:55.772335-03:00
614,2026-08-20T19:07:39-03:00,2026-08-20T19:12:39-03:00,2026-08-20T22:07:39+00:00,2026-08-20T22:12:39+00:00,-22.9375,-22.625,-22.79688,60,2026-08-20T19:10:55.614162-03:00
615,2026-08-20T19:12:39-03:00,2026-08-20T19:17:39-03:00,2026-08-20T22:12:39+00:00,2026-08-20T22:17:39+00:00,-23.25,-22.9375,-23.11146,60,2026-08-20T19:15:55.689506-03:00
616,2026-08-20T19:17:39-03:00,2026-08-20T19:22:39-03:00,2026-08-20T22:17:39+00:00,2026-08-20T22:22:39+00:00,-23.5,-23.25,-23.35521,60,2026-08-20T19:20:55.591882-03:00
617,2026-08-20T19:22:39-03:00,2026-08-20T19:27:39-03:00,2026-08-20T22:22:39+00:00,2026-08-20T22:27:39+00:00,-23.5625,-23.375,-23.49479,60,2026-08-20T19:26:55.704149-03:00
618,2026-08-20T19:27:39-03:00,2026-08-20T19:32:39-03:00,2026-08-20T22:27:39+00:00,2026-08-20T22:32:39+00:00,-23.375,-22.8125,-23.07435,58,2026-08-20T19:30:55.559699-03:00
619,2026-08-20T19:32:39-03:00,2026-08-20T19:37:39-03:00,2026-08-20T22:32:39+00:00,2026-08-20T22:37:39+00:00,-22.8125,-22.25,-22.50833,60,2026-08-20T19:35:55.891770-03:00
620,2026-08-20T19:37:39-03:00,2026-08-20T19:42:39-03:00,2026-08-20T22:37:39+00:00,2026-08-20T22:42:39+00:00,-22.25,-21.75,-21.99375,60,2026-08-20T19:40:55.591883-03:00
621,2026-08-20T19:42:39-03:00,2026-08-20T19:47:39-03:00,2026-08-20T22:42:39+00:00,2026-08-20T22:47:39+00:00,-21.75,-19.8125,-20.41979,60,2026-08-20T19:45:55.694616-03:00
622,2026-08-20T19:47:39-03:00,2026-08-20T19:52:39-03:00,2026-08-20T22:47:39+00:00,2026-08-20T22:52:39+00:00,-19.75,-19.25,-19.49375,60,2026-08-20T19:50:55.662505-03:00
623,2026-08-20T19:52:39-03:00,2026-08-20T19:57:39-03:00,2026-08-20T22:52:39+00:00,2026-08-20T22:57:39+00:00,-19.25,-18.375,-18.92708,60,2026-08-20T19:55:55.977673-03:00
624,2026-08-20T19:57:39-03:00,2026-08-20T20:02:39-03:00,2026-08-20T22:57:39+00:00,2026-08-20T23:02:39+00:00,-18.375,-18.25,-18.28125,60,2026-08-20T20:00:56.570453-03:00
625,2026-08-20T20:02:39-03:00,2026-08-20T20:07:39-03:00,2026-08-20T23:02:39+00:00,2026-08-20T23:07:39+00:00,-18.5,-18.3125,-18.43542,60,2026-08-20T20:06:09.803177-03:00
626,2026-08-20T20:07:39-03:00,2026-08-20T20:12:39-03:00,2026-08-20T23:07:39+00:00,2026-08-20T23:12:39+00:00,-18.5625,-18.5,-18.54057,57,2026-08-20T20:10:55.896099-03:00
628,2026-08-20T20:12:39-03:00,2026-08-20T20:17:39-03:00,2026-08-20T23:12:39+00:00,2026-08-20T23:17:39+00:00,-18.625,-18.5,-18.56146,60,2026-08-20T20:17:36.086400-03:00
629,2026-08-20T20:17:39-03:00,2026-08-20T20:22:39-03:00,2026-08-20T23:17:39+00:00,2026-08-20T23:22:39+00:00,-19.625,-18.75,-19.21037,41,2026-08-20T20:20:56.087294-03:00
630,2026-08-20T20:22:39-03:00,2026-08-20T20:27:39-03:00,2026-08-20T23:22:39+00:00,2026-08-20T23:27:39+00:00,-20.875,-19.625,-20.26667,60,2026-08-20T20:25:55.721538-03:00
631,2026-08-20T20:27:39-03:00,2026-08-20T20:32:39-03:00,2026-08-20T23:27:39+00:00,2026-08-20T23:32:39+00:00,-21.8125,-20.875,-21.35208,60,2026-08-20T20:31:00.095937-03:00
632,2026-08-20T20:32:39-03:00,2026-08-20T20:37:40-03:00,2026-08-20T23:32:39+00:00,2026-08-20T23:37:40+00:00,-22.5,-21.8125,-22.1822,59,2026-08-20T20:35:56.353062-03:00
633,2026-08-20T20:37:40-03:00,2026-08-20T20:42:40-03:00,2026-08-20T23:37:40+00:00,2026-08-20T23:42:40+00:00,-23,-22.5,-22.77604,60,2026-08-20T20:40:57.088025-03:00
634,2026-08-20T20:42:40-03:00,2026-08-20T20:47:40-03:00,2026-08-20T23:42:40+00:00,2026-08-20T23:47:40+00:00,-23.4375,-23,-23.24479,60,2026-08-20T20:45:55.571341-03:00
635,2026-08-20T20:47:40-03:00,2026-08-20T20:52:40-03:00,2026-08-20T23:47:40+00:00,2026-08-20T23:52:40+00:00,-23.75,-23.4375,-23.61667,60,2026-08-20T20:51:17.969352-03:00
636,2026-08-20T20:52:40-03:00,2026-08-20T20:57:40-03:00,2026-08-20T23:52:40+00:00,2026-08-20T23:57:40+00:00,-23.9375,-23.75,-23.86049,56,2026-08-20T20:56:00.209079-03:00
637,2026-08-20T20:57:40-03:00,2026-08-20T21:02:40-03:00,2026-08-20T23:57:40+00:00,2026-08-21T00:02:40+00:00,-24,-23.625,-23.83475,59,2026-08-20T21:00:55.999297-03:00
639,2026-08-20T21:02:40-03:00,2026-08-20T21:07:40-03:00,2026-08-21T00:02:40+00:00,2026-08-21T00:07:40+00:00,-23.5625,-22.9375,-23.26042,60,2026-08-20T21:07:34.704108-03:00
640,2026-08-20T21:07:40-03:00,2026-08-20T21:12:40-03:00,2026-08-21T00:07:40+00:00,2026-08-21T00:12:40+00:00,-22.875,-22.3125,-22.56127,51,2026-08-20T21:11:16.721255-03:00
641,2026-08-20T21:12:40-03:00,2026-08-20T21:17:40-03:00,2026-08-21T00:12:40+00:00,2026-08-21T00:17:40+00:00,-22.25,-21.75,-21.99553,56,2026-08-20T21:16:21.568384-03:00
642,2026-08-20T21:17:40-03:00,2026-08-20T21:22:40-03:00,2026-08-21T00:17:40+00:00,2026-08-21T00:22:40+00:00,-21.6875,-21.3125,-21.48636,55,2026-08-20T21:20:55.449806-03:00
643,2026-08-20T21:22:40-03:00,2026-08-20T21:27:40-03:00,2026-08-21T00:22:40+00:00,2026-08-21T00:27:40+00:00,-21.25,-20.875,-21.07083,60,2026-08-20T21:25:55.943099-03:00
644,2026-08-20T21:27:40-03:00,2026-08-20T21:32:40-03:00,2026-08-21T00:27:40+00:00,2026-08-21T00:32:40+00:00,-20.875,-20.5,-20.69687,60,2026-08-20T21:30:55.770620-03:00
645,2026-08-20T21:32:40-03:00,2026-08-20T21:37:40-03:00,2026-08-21T00:32:40+00:00,2026-08-21T00:37:40+00:00,-20.5,-20.1875,-20.3625,60,2026-08-20T21:35:55.925956-03:00
646,2026-08-20T21:37:40-03:00,2026-08-20T21:42:40-03:00,2026-08-21T00:37:40+00:00,2026-08-21T00:42:40+00:00,-20.1875,-19.9375,-20.06354,60,2026-08-20T21:41:56.868700-03:00
648,2026-08-20T21:42:40-03:00,2026-08-20T21:47:40-03:00,2026-08-21T00:42:40+00:00,2026-08-21T00:47:40+00:00,-19.9375,-19.8125,-19.86227,54,2026-08-20T21:46:56.721159-03:00
649,2026-08-20T21:47:40-03:00,2026-08-20T21:52:40-03:00,2026-08-21T00:47:40+00:00,2026-08-21T00:52:40+00:00,-20.8125,-20,-20.4033,53,2026-08-20T21:50:56.032909-03:00
650,2026-08-20T21:52:40-03:00,2026-08-20T21:57:40-03:00,2026-08-21T00:52:40+00:00,2026-08-21T00:57:40+00:00,-21.75,-20.8125,-21.30417,60,2026-08-20T21:55:56.187203-03:00
651,2026-08-20T21:57:40-03:00,2026-08-20T22:02:40-03:00,2026-08-21T00:57:40+00:00,2026-08-21T01:02:40+00:00,-22.5,-21.75,-22.1375,60,2026-08-20T22:01:00.192647-03:00
652,2026-08-20T22:02:40-03:00,2026-08-20T22:07:40-03:00,2026-08-21T01:02:40+00:00,2026-08-21T01:07:40+00:00,-23.0625,-22.5,-22.78178,59,2026-08-20T22:05:59.140968-03:00
653,2026-08-20T22:07:40-03:00,2026-08-20T22:12:40-03:00,2026-08-21T01:07:40+00:00,2026-08-21T01:12:40+00:00,-23.4375,-23.0625,-23.26695,59,2026-08-20T22:10:55.970815-03:00
654,2026-08-20T22:12:40-03:00,2026-08-20T22:17:40-03:00,2026-08-21T01:12:40+00:00,2026-08-21T01:17:40+00:00,-23.8125,-23.5,-23.64167,60,2026-08-20T22:15:57.035805-03:00
655,2026-08-20T22:17:40-03:00,2026-08-20T22:22:40-03:00,2026-08-21T01:17:40+00:00,2026-08-21T01:22:40+00:00,-24.0625,-23.8125,-23.93854,60,2026-08-20T22:20:58.517994-03:00
656,2026-08-20T22:22:40-03:00,2026-08-20T22:27:41-03:00,2026-08-21T01:22:40+00:00,2026-08-21T01:27:41+00:00,-24.125,-23.8125,-24.025,60,2026-08-20T22:26:56.255107-03:00
657,2026-08-20T22:27:41-03:00,2026-08-20T22:32:41-03:00,2026-08-21T01:27:41+00:00,2026-08-21T01:32:41+00:00,-23.8125,-23.1875,-23.50431,58,2026-08-20T22:31:29.087791-03:00
658,2026-08-20T22:32:41-03:00,2026-08-20T22:37:41-03:00,2026-08-21T01:32:41+00:00,2026-08-21T01:37:41+00:00,-23.1875,-22.5625,-22.86441,59,2026-08-20T22:37:33.787366-03:00
659,2026-08-20T22:37:41-03:00,2026-08-20T22:42:41-03:00,2026-08-21T01:37:41+00:00,2026-08-21T01:42:41+00:00,-22.375,-22.0625,-22.21189,41,2026-08-20T22:40:56.983552-03:00
660,2026-08-20T22:42:41-03:00,2026-08-20T22:47:41-03:00,2026-08-21T01:42:41+00:00,2026-08-21T01:47:41+00:00,-22.0625,-21.625,-21.81042,60,2026-08-20T22:45:58.059891-03:00
661,2026-08-20T22:47:41-03:00,2026-08-20T22:52:41-03:00,2026-08-21T01:47:41+00:00,2026-08-21T01:52:41+00:00,-21.5625,-21.25,-21.40208,60,2026-08-20T22:50:56.940767-03:00
662,2026-08-20T22:52:41-03:00,2026-08-20T22:57:41-03:00,2026-08-21T01:52:41+00:00,2026-08-21T01:57:41+00:00,-21.1875,-20.875,-21.04688,60,2026-08-20T22:55:56.616946-03:00
663,2026-08-20T22:57:41-03:00,2026-08-20T23:02:41-03:00,2026-08-21T01:57:41+00:00,2026-08-21T02:02:41+00:00,-20.875,-20.625,-20.74271,60,2026-08-20T23:01:27.130637-03:00
664,2026-08-20T23:02:41-03:00,2026-08-20T23:07:41-03:00,2026-08-21T02:02:41+00:00,2026-08-21T02:07:41+00:00,-20.625,-20.3125,-20.46398,59,2026-08-20T23:05:56.804031-03:00
665,2026-08-20T23:07:41-03:00,2026-08-20T23:12:42-03:00,2026-08-21T02:07:41+00:00,2026-08-21T02:12:42+00:00,-20.375,-20.125,-20.21458,60,2026-08-20T23:10:56.990295-03:00
666,2026-08-20T23:12:42-03:00,2026-08-20T23:17:42-03:00,2026-08-21T02:12:42+00:00,2026-08-21T02:17:42+00:00,-20.125,-19.875,-19.9875,60,2026-08-20T23:15:57.848521-03:00
669,2026-08-20T23:17:42-03:00,2026-08-20T23:22:42-03:00,2026-08-21T02:17:42+00:00,2026-08-21T02:22:42+00:00,-20.1875,-19.875,-19.96354,60,2026-08-20T23:22:29.300857-03:00
670,2026-08-20T23:22:42-03:00,2026-08-20T23:27:42-03:00,2026-08-21T02:22:42+00:00,2026-08-21T02:27:42+00:00,-21.1875,-20.25,-20.75961,52,2026-08-20T23:26:30.449322-03:00
671,2026-08-20T23:27:42-03:00,2026-08-20T23:32:42-03:00,2026-08-21T02:27:42+00:00,2026-08-21T02:32:42+00:00,-22.125,-21.3125,-21.72569,54,2026-08-20T23:30:56.956779-03:00
672,2026-08-20T23:32:42-03:00,2026-08-20T23:37:42-03:00,2026-08-21T02:32:42+00:00,2026-08-21T02:37:42+00:00,-22.8125,-22.125,-22.50208,60,2026-08-20T23:37:27.480811-03:00
673,2026-08-20T23:37:42-03:00,2026-08-20T23:42:42-03:00,2026-08-21T02:37:42+00:00,2026-08-21T02:42:42+00:00,-23.375,-22.875,-23.16627,53,2026-08-20T23:40:56.950698-03:00
674,2026-08-20T23:42:42-03:00,2026-08-20T23:47:42-03:00,2026-08-21T02:42:42+00:00,2026-08-21T02:47:42+00:00,-23.8125,-23.375,-23.61354,60,2026-08-20T23:45:56.656438-03:00
675,2026-08-20T23:47:42-03:00,2026-08-20T23:52:42-03:00,2026-08-21T02:47:42+00:00,2026-08-21T02:52:42+00:00,-24.125,-23.8125,-23.9875,60,2026-08-20T23:50:57.186434-03:00
676,2026-08-20T23:52:42-03:00,2026-08-20T23:57:42-03:00,2026-08-21T02:52:42+00:00,2026-08-21T02:57:42+00:00,-24.375,-24.125,-24.26875,60,2026-08-20T23:55:57.065521-03:00
677,2026-08-20T23:57:42-03:00,2026-08-21T00:02:42-03:00,2026-08-21T02:57:42+00:00,2026-08-21T03:02:42+00:00,-24.3125,-23.75,-24.05625,60,2026-08-21T00:01:01.524793-03:00
678,2026-08-21T00:02:42-03:00,2026-08-21T00:07:42-03:00,2026-08-21T03:02:42+00:00,2026-08-21T03:07:42+00:00,-23.75,-23.125,-23.4428,59,2026-08-21T00:05:57.145435-03:00
679,2026-08-21T00:07:42-03:00,2026-08-21T00:12:42-03:00,2026-08-21T03:07:42+00:00,2026-08-21T03:12:42+00:00,-23.125,-22.5625,-22.8375,60,2026-08-21T00:10:57.211732-03:00
680,2026-08-21T00:12:42-03:00,2026-08-21T00:17:42-03:00,2026-08-21T03:12:42+00:00,2026-08-21T03:17:42+00:00,-22.5625,-22.0625,-22.30729,60,2026-08-21T00:15:57.310066-03:00
681,2026-08-21T00:17:42-03:00,2026-08-21T00:22:42-03:00,2026-08-21T03:17:42+00:00,2026-08-21T03:22:42+00:00,-22.0625,-21.6875,-21.86563,60,2026-08-21T00:20:57.065311-03:00
682,2026-08-21T00:22:42-03:00,2026-08-21T00:27:42-03:00,2026-08-21T03:22:42+00:00,2026-08-21T03:27:42+00:00,-21.6875,-21.3125,-21.47917,60,2026-08-21T00:25:57.191558-03:00
683,2026-08-21T00:27:42-03:00,2026-08-21T00:32:42-03:00,2026-08-21T03:27:42+00:00,2026-08-21T03:32:42+00:00,-21.3125,-21,-21.15417,60,2026-08-21T00:30:57.505444-03:00
684,2026-08-21T00:32:42-03:00,2026-08-21T00:37:42-03:00,2026-08-21T03:32:42+00:00,2026-08-21T03:37:42+00:00,-21,-20.6875,-20.8625,60,2026-08-21T00:35:57.475845-03:00
685,2026-08-21T00:37:42-03:00,2026-08-21T00:42:42-03:00,2026-08-21T03:37:42+00:00,2026-08-21T03:42:42+00:00,-20.75,-20.5,-20.59896,60,2026-08-21T00:40:56.741174-03:00
686,2026-08-21T00:42:42-03:00,2026-08-21T00:47:42-03:00,2026-08-21T03:42:42+00:00,2026-08-21T03:47:42+00:00,-20.4375,-20.25,-20.35521,60,2026-08-21T00:45:56.748853-03:00
687,2026-08-21T00:47:42-03:00,2026-08-21T00:52:42-03:00,2026-08-21T03:47:42+00:00,2026-08-21T03:52:42+00:00,-20.25,-20.0625,-20.14063,60,2026-08-21T00:50:57.470381-03:00
688,2026-08-21T00:52:42-03:00,2026-08-21T00:57:42-03:00,2026-08-21T03:52:42+00:00,2026-08-21T03:57:42+00:00,-20.0625,-19.8125,-19.93958,60,2026-08-21T00:56:05.918506-03:00
689,2026-08-21T00:57:42-03:00,2026-08-21T01:02:42-03:00,2026-08-21T03:57:42+00:00,2026-08-21T04:02:42+00:00,-20,-19.75,-19.83513,58,2026-08-21T01:01:27.476298-03:00
690,2026-08-21T01:02:42-03:00,2026-08-21T01:07:42-03:00,2026-08-21T04:02:42+00:00,2026-08-21T04:07:42+00:00,-20.9375,-20,-20.42903,59,2026-08-21T01:06:04.332831-03:00
691,2026-08-21T01:07:42-03:00,2026-08-21T01:12:42-03:00,2026-08-21T04:07:42+00:00,2026-08-21T04:12:42+00:00,-21.9375,-20.9375,-21.45975,59,2026-08-21T01:11:05.983985-03:00
692,2026-08-21T01:12:42-03:00,2026-08-21T01:17:42-03:00,2026-08-21T04:12:42+00:00,2026-08-21T04:17:42+00:00,-22.6875,-21.9375,-22.35668,58,2026-08-21T01:16:03.254343-03:00
693,2026-08-21T01:17:42-03:00,2026-08-21T01:22:43-03:00,2026-08-21T04:17:42+00:00,2026-08-21T04:22:43+00:00,-23.3125,-22.75,-23.04025,59,2026-08-21T01:20:57.554169-03:00
694,2026-08-21T01:22:43-03:00,2026-08-21T01:27:43-03:00,2026-08-21T04:22:43+00:00,2026-08-21T04:27:43+00:00,-23.8125,-23.3125,-23.56875,60,2026-08-21T01:25:57.448374-03:00
695,2026-08-21T01:27:43-03:00,2026-08-21T01:32:43-03:00,2026-08-21T04:27:43+00:00,2026-08-21T04:32:43+00:00,-24.1875,-23.8125,-23.99896,60,2026-08-21T01:30:57.061247-03:00
696,2026-08-21T01:32:43-03:00,2026-08-21T01:37:43-03:00,2026-08-21T04:32:43+00:00,2026-08-21T04:37:43+00:00,-24.375,-24.1875,-24.28542,60,2026-08-21T01:35:57.550810-03:00
697,2026-08-21T01:37:43-03:00,2026-08-21T01:42:43-03:00,2026-08-21T04:37:43+00:00,2026-08-21T04:42:43+00:00,-24.25,-23.6875,-23.95938,60,2026-08-21T01:40:57.982118-03:00
698,2026-08-21T01:42:43-03:00,2026-08-21T01:47:43-03:00,2026-08-21T04:42:43+00:00,2026-08-21T04:47:43+00:00,-23.625,-23.0625,-23.35521,60,2026-08-21T01:46:03.371888-03:00
699,2026-08-21T01:47:43-03:00,2026-08-21T01:52:43-03:00,2026-08-21T04:47:43+00:00,2026-08-21T04:52:43+00:00,-23.0625,-22.5625,-22.79237,59,2026-08-21T01:50:57.026639-03:00
700,2026-08-21T01:52:43-03:00,2026-08-21T01:57:43-03:00,2026-08-21T04:52:43+00:00,2026-08-21T04:57:43+00:00,-22.5625,-22.125,-22.31042,60,2026-08-21T01:55:57.484605-03:00
701,2026-08-21T01:57:43-03:00,2026-08-21T02:02:43-03:00,2026-08-21T04:57:43+00:00,2026-08-21T05:02:43+00:00,-22.0625,-21.6875,-21.89271,60,2026-08-21T02:00:57.225931-03:00
702,2026-08-21T02:02:43-03:00,2026-08-21T02:07:43-03:00,2026-08-21T05:02:43+00:00,2026-08-21T05:07:43+00:00,-21.6875,-21.375,-21.54583,60,2026-08-21T02:05:57.704410-03:00
703,2026-08-21T02:07:43-03:00,2026-08-21T02:12:43-03:00,2026-08-21T05:07:43+00:00,2026-08-21T05:12:43+00:00,-21.375,-21.125,-21.24167,60,2026-08-21T02:10:57.077469-03:00
704,2026-08-21T02:12:43-03:00,2026-08-21T02:17:43-03:00,2026-08-21T05:12:43+00:00,2026-08-21T05:17:43+00:00,-21.125,-20.8125,-20.97187,60,2026-08-21T02:15:57.302237-03:00
705,2026-08-21T02:17:43-03:00,2026-08-21T02:22:43-03:00,2026-08-21T05:17:43+00:00,2026-08-21T05:22:43+00:00,-20.8125,-20.625,-20.72292,60,2026-08-21T02:20:57.236531-03:00
706,2026-08-21T02:22:43-03:00,2026-08-21T02:27:43-03:00,2026-08-21T05:22:43+00:00,2026-08-21T05:27:43+00:00,-20.625,-20.375,-20.50417,60,2026-08-21T02:25:57.398927-03:00
707,2026-08-21T02:27:43-03:00,2026-08-21T02:32:43-03:00,2026-08-21T05:27:43+00:00,2026-08-21T05:32:43+00:00,-20.375,-20.1875,-20.3,60,2026-08-21T02:30:57.254990-03:00
708,2026-08-21T02:32:43-03:00,2026-08-21T02:37:43-03:00,2026-08-21T05:32:43+00:00,2026-08-21T05:37:43+00:00,-20.1875,-20,-20.10417,60,2026-08-21T02:35:57.327481-03:00
709,2026-08-21T02:37:43-03:00,2026-08-21T02:42:43-03:00,2026-08-21T05:37:43+00:00,2026-08-21T05:42:43+00:00,-20,-19.8125,-19.92083,60,2026-08-21T02:40:56.961520-03:00
710,2026-08-21T02:42:43-03:00,2026-08-21T02:47:43-03:00,2026-08-21T05:42:43+00:00,2026-08-21T05:47:43+00:00,-19.8125,-19.6875,-19.74688,60,2026-08-21T02:45:57.368853-03:00
711,2026-08-21T02:47:43-03:00,2026-08-21T02:52:43-03:00,2026-08-21T05:47:43+00:00,2026-08-21T05:52:43+00:00,-19.6875,-19.5,-19.57813,60,2026-08-21T02:50:57.052920-03:00
712,2026-08-21T02:52:43-03:00,2026-08-21T02:57:43-03:00,2026-08-21T05:52:43+00:00,2026-08-21T05:57:43+00:00,-19.5,-19.375,-19.425,60,2026-08-21T02:55:57.400262-03:00
713,2026-08-21T02:57:43-03:00,2026-08-21T03:02:43-03:00,2026-08-21T05:57:43+00:00,2026-08-21T06:02:43+00:00,-19.375,-19.1875,-19.26979,60,2026-08-21T03:00:57.074083-03:00
714,2026-08-21T03:02:43-03:00,2026-08-21T03:07:43-03:00,2026-08-21T06:02:43+00:00,2026-08-21T06:07:43+00:00,-19.1875,-19.0625,-19.125,60,2026-08-21T03:05:57.346739-03:00
715,2026-08-21T03:07:43-03:00,2026-08-21T03:12:43-03:00,2026-08-21T06:07:43+00:00,2026-08-21T06:12:43+00:00,-19.0625,-18.875,-18.97604,60,2026-08-21T03:10:58.261601-03:00
716,2026-08-21T03:12:43-03:00,2026-08-21T03:17:43-03:00,2026-08-21T06:12:43+00:00,2026-08-21T06:17:43+00:00,-18.9375,-18.75,-18.83229,60,2026-08-21T03:16:01.643347-03:00
717,2026-08-21T03:17:43-03:00,2026-08-21T03:22:43-03:00,2026-08-21T06:17:43+00:00,2026-08-21T06:22:43+00:00,-18.75,-18.625,-18.69492,59,2026-08-21T03:20:57.509320-03:00
718,2026-08-21T03:22:43-03:00,2026-08-21T03:27:43-03:00,2026-08-21T06:22:43+00:00,2026-08-21T06:27:43+00:00,-18.625,-18.5,-18.56042,60,2026-08-21T03:25:57.802411-03:00
719,2026-08-21T03:27:43-03:00,2026-08-21T03:32:43-03:00,2026-08-21T06:27:43+00:00,2026-08-21T06:32:43+00:00,-18.5,-18.375,-18.42604,60,2026-08-21T03:31:03.363248-03:00
720,2026-08-21T03:32:43-03:00,2026-08-21T03:37:44-03:00,2026-08-21T06:32:43+00:00,2026-08-21T06:37:44+00:00,-18.375,-18.25,-18.29025,59,2026-08-21T03:36:01.632293-03:00
722,2026-08-21T03:37:44-03:00,2026-08-21T03:42:44-03:00,2026-08-21T06:37:44+00:00,2026-08-21T06:42:44+00:00,-18.25,-18.125,-18.15784,59,2026-08-21T03:41:27.458700-03:00
723,2026-08-21T03:42:44-03:00,2026-08-21T03:47:44-03:00,2026-08-21T06:42:44+00:00,2026-08-21T06:47:44+00:00,-18.125,-17.9375,-18.03284,59,2026-08-21T03:45:58.462005-03:00
724,2026-08-21T03:47:44-03:00,2026-08-21T03:52:44-03:00,2026-08-21T06:47:44+00:00,2026-08-21T06:52:44+00:00,-18,-17.875,-17.90833,60,2026-08-21T03:51:00.305384-03:00
725,2026-08-21T03:52:44-03:00,2026-08-21T03:57:44-03:00,2026-08-21T06:52:44+00:00,2026-08-21T06:57:44+00:00,-17.875,-17.6875,-17.78437,60,2026-08-21T03:55:58.191299-03:00
726,2026-08-21T03:57:44-03:00,2026-08-21T04:02:44-03:00,2026-08-21T06:57:44+00:00,2026-08-21T07:02:44+00:00,-17.75,-17.5625,-17.64792,60,2026-08-21T04:00:57.781779-03:00
727,2026-08-21T04:02:44-03:00,2026-08-21T04:07:44-03:00,2026-08-21T07:02:44+00:00,2026-08-21T07:07:44+00:00,-18.3125,-17.625,-17.88021,60,2026-08-21T04:05:57.926322-03:00
728,2026-08-21T04:07:44-03:00,2026-08-21T04:12:44-03:00,2026-08-21T07:07:44+00:00,2026-08-21T07:12:44+00:00,-19.5625,-18.375,-18.95833,60,2026-08-21T04:10:57.740563-03:00
729,2026-08-21T04:12:44-03:00,2026-08-21T04:17:44-03:00,2026-08-21T07:12:44+00:00,2026-08-21T07:17:44+00:00,-20.6875,-19.625,-20.16042,60,2026-08-21T04:15:58.292646-03:00
730,2026-08-21T04:17:44-03:00,2026-08-21T04:22:44-03:00,2026-08-21T07:17:44+00:00,2026-08-21T07:22:44+00:00,-20.9375,-20.6875,-20.89792,60,2026-08-21T04:20:57.888617-03:00
731,2026-08-21T04:22:44-03:00,2026-08-21T04:27:44-03:00,2026-08-21T07:22:44+00:00,2026-08-21T07:27:44+00:00,-20.875,-20.5,-20.71875,60,2026-08-21T04:25:57.787485-03:00
732,2026-08-21T04:27:44-03:00,2026-08-21T04:32:44-03:00,2026-08-21T07:27:44+00:00,2026-08-21T07:32:44+00:00,-20.5,-20.125,-20.31458,60,2026-08-21T04:30:57.784883-03:00
733,2026-08-21T04:32:44-03:00,2026-08-21T04:37:44-03:00,2026-08-21T07:32:44+00:00,2026-08-21T07:37:44+00:00,-20.125,-19.75,-19.91667,60,2026-08-21T04:35:58.081713-03:00
734,2026-08-21T04:37:44-03:00,2026-08-21T04:42:44-03:00,2026-08-21T07:37:44+00:00,2026-08-21T07:42:44+00:00,-19.75,-19.4375,-19.56354,60,2026-08-21T04:40:58.172685-03:00
735,2026-08-21T04:42:44-03:00,2026-08-21T04:47:44-03:00,2026-08-21T07:42:44+00:00,2026-08-21T07:47:44+00:00,-19.4375,-19.125,-19.26458,60,2026-08-21T04:45:58.661559-03:00
736,2026-08-21T04:47:44-03:00,2026-08-21T04:52:45-03:00,2026-08-21T07:47:44+00:00,2026-08-21T07:52:45+00:00,-19.125,-18.875,-19.00625,60,2026-08-21T04:51:14.887075-03:00
737,2026-08-21T04:52:45-03:00,2026-08-21T04:57:45-03:00,2026-08-21T07:52:45+00:00,2026-08-21T07:57:45+00:00,-18.875,-18.6875,-18.77632,57,2026-08-21T04:55:58.071291-03:00
738,2026-08-21T04:57:45-03:00,2026-08-21T05:02:45-03:00,2026-08-21T07:57:45+00:00,2026-08-21T08:02:45+00:00,-18.6875,-18.5,-18.57917,60,2026-08-21T05:00:58.031812-03:00
739,2026-08-21T05:02:45-03:00,2026-08-21T05:07:45-03:00,2026-08-21T08:02:45+00:00,2026-08-21T08:07:45+00:00,-18.5,-18.3125,-18.39167,60,2026-08-21T05:06:00.339377-03:00
740,2026-08-21T05:07:45-03:00,2026-08-21T05:12:45-03:00,2026-08-21T08:07:45+00:00,2026-08-21T08:12:45+00:00,-18.3125,-18.125,-18.21667,60,2026-08-21T05:10:58.110322-03:00
741,2026-08-21T05:12:45-03:00,2026-08-21T05:17:45-03:00,2026-08-21T08:12:45+00:00,2026-08-21T08:17:45+00:00,-18.125,-18,-18.05729,60,2026-08-21T05:15:58.145259-03:00
742,2026-08-21T05:17:45-03:00,2026-08-21T05:22:45-03:00,2026-08-21T08:17:45+00:00,2026-08-21T08:22:45+00:00,-18,-17.8125,-17.90833,60,2026-08-21T05:21:01.786613-03:00
743,2026-08-21T05:22:45-03:00,2026-08-21T05:27:45-03:00,2026-08-21T08:22:45+00:00,2026-08-21T08:27:45+00:00,-17.8125,-17.6875,-17.76589,59,2026-08-21T05:25:57.919263-03:00
744,2026-08-21T05:27:45-03:00,2026-08-21T05:32:45-03:00,2026-08-21T08:27:45+00:00,2026-08-21T08:32:45+00:00,-17.6875,-17.5625,-17.62917,60,2026-08-21T05:30:58.227247-03:00
745,2026-08-21T05:32:45-03:00,2026-08-21T05:37:45-03:00,2026-08-21T08:32:45+00:00,2026-08-21T08:37:45+00:00,-17.5625,-17.4375,-17.5,60,2026-08-21T05:35:58.109868-03:00
746,2026-08-21T05:37:45-03:00,2026-08-21T05:42:45-03:00,2026-08-21T08:37:45+00:00,2026-08-21T08:42:45+00:00,-17.4375,-17.3125,-17.37604,60,2026-08-21T05:40:58.233891-03:00
747,2026-08-21T05:42:45-03:00,2026-08-21T05:47:45-03:00,2026-08-21T08:42:45+00:00,2026-08-21T08:47:45+00:00,-17.3125,-17.1875,-17.25521,60,2026-08-21T05:45:58.571553-03:00
748,2026-08-21T05:47:45-03:00,2026-08-21T05:52:45-03:00,2026-08-21T08:47:45+00:00,2026-08-21T08:52:45+00:00,-17.1875,-17.0625,-17.13021,60,2026-08-21T05:50:58.452355-03:00
749,2026-08-21T05:52:45-03:00,2026-08-21T05:57:45-03:00,2026-08-21T08:52:45+00:00,2026-08-21T08:57:45+00:00,-17.75,-17.0625,-17.31979,60,2026-08-21T05:55:58.314478-03:00
750,2026-08-21T05:57:45-03:00,2026-08-21T06:02:45-03:00,2026-08-21T08:57:45+00:00,2026-08-21T09:02:45+00:00,-19,-17.75,-18.36563,60,2026-08-21T06:00:58.445778-03:00
751,2026-08-21T06:02:45-03:00,2026-08-21T06:07:45-03:00,2026-08-21T09:02:45+00:00,2026-08-21T09:07:45+00:00,-20.125,-19,-19.59479,60,2026-08-21T06:05:58.214433-03:00
752,2026-08-21T06:07:45-03:00,2026-08-21T06:12:45-03:00,2026-08-21T09:07:45+00:00,2026-08-21T09:12:45+00:00,-20.5625,-20.125,-20.46771,60,2026-08-21T06:10:58.482333-03:00
753,2026-08-21T06:12:45-03:00,2026-08-21T06:17:45-03:00,2026-08-21T09:12:45+00:00,2026-08-21T09:17:45+00:00,-20.5625,-20.125,-20.35833,60,2026-08-21T06:15:58.218183-03:00
754,2026-08-21T06:17:45-03:00,2026-08-21T06:22:45-03:00,2026-08-21T09:17:45+00:00,2026-08-21T09:22:45+00:00,-20.125,-19.75,-19.93438,60,2026-08-21T06:20:58.063975-03:00
755,2026-08-21T06:22:45-03:00,2026-08-21T06:27:45-03:00,2026-08-21T09:22:45+00:00,2026-08-21T09:27:45+00:00,-19.6875,-19.3125,-19.50937,60,2026-08-21T06:25:58.496259-03:00
756,2026-08-21T06:27:45-03:00,2026-08-21T06:32:45-03:00,2026-08-21T09:27:45+00:00,2026-08-21T09:32:45+00:00,-19.3125,-18.9375,-19.13437,60,2026-08-21T06:30:58.497415-03:00
757,2026-08-21T06:32:45-03:00,2026-08-21T06:37:45-03:00,2026-08-21T09:32:45+00:00,2026-08-21T09:37:45+00:00,-18.9375,-18.625,-18.80417,60,2026-08-21T06:35:58.287729-03:00
758,2026-08-21T06:37:45-03:00,2026-08-21T06:42:45-03:00,2026-08-21T09:37:45+00:00,2026-08-21T09:42:45+00:00,-18.625,-18.4375,-18.52604,60,2026-08-21T06:40:58.079365-03:00
759,2026-08-21T06:42:45-03:00,2026-08-21T06:47:45-03:00,2026-08-21T09:42:45+00:00,2026-08-21T09:47:45+00:00,-18.375,-18.1875,-18.28958,60,2026-08-21T06:45:58.348176-03:00
760,2026-08-21T06:47:45-03:00,2026-08-21T06:52:45-03:00,2026-08-21T09:47:45+00:00,2026-08-21T09:52:45+00:00,-18.1875,-18,-18.08229,60,2026-08-21T06:50:58.181625-03:00
761,2026-08-21T06:52:45-03:00,2026-08-21T06:57:45-03:00,2026-08-21T09:52:45+00:00,2026-08-21T09:57:45+00:00,-18,-17.8125,-17.89583,60,2026-08-21T06:55:58.838890-03:00
762,2026-08-21T06:57:45-03:00,2026-08-21T07:02:45-03:00,2026-08-21T09:57:45+00:00,2026-08-21T10:02:45+00:00,-17.8125,-17.625,-17.72292,60,2026-08-21T07:00:58.423144-03:00
763,2026-08-21T07:02:45-03:00,2026-08-21T07:07:46-03:00,2026-08-21T10:02:45+00:00,2026-08-21T10:07:46+00:00,-17.625,-17.5,-17.56354,60,2026-08-21T07:05:58.527657-03:00
764,2026-08-21T07:07:46-03:00,2026-08-21T07:12:46-03:00,2026-08-21T10:07:46+00:00,2026-08-21T10:12:46+00:00,-17.5,-17.3125,-17.41562,60,2026-08-21T07:10:58.132566-03:00
765,2026-08-21T07:12:46-03:00,2026-08-21T07:17:46-03:00,2026-08-21T10:12:46+00:00,2026-08-21T10:17:46+00:00,-17.3125,-17.1875,-17.27292,60,2026-08-21T07:15:58.182906-03:00
766,2026-08-21T07:17:46-03:00,2026-08-21T07:22:46-03:00,2026-08-21T10:17:46+00:00,2026-08-21T10:22:46+00:00,-17.1875,-17.0625,-17.1375,60,2026-08-21T07:20:58.303196-03:00
767,2026-08-21T07:22:46-03:00,2026-08-21T07:27:46-03:00,2026-08-21T10:22:46+00:00,2026-08-21T10:27:46+00:00,-17.0625,-16.9375,-17.01354,60,2026-08-21T07:26:03.557416-03:00
768,2026-08-21T07:27:46-03:00,2026-08-21T07:32:46-03:00,2026-08-21T10:27:46+00:00,2026-08-21T10:32:46+00:00,-16.9375,-16.8125,-16.89513,59,2026-08-21T07:30:58.598262-03:00
769,2026-08-21T07:32:46-03:00,2026-08-21T07:37:46-03:00,2026-08-21T10:32:46+00:00,2026-08-21T10:37:46+00:00,-16.8125,-16.6875,-16.775,60,2026-08-21T07:35:58.192505-03:00
770,2026-08-21T07:37:46-03:00,2026-08-21T07:42:46-03:00,2026-08-21T10:37:46+00:00,2026-08-21T10:42:46+00:00,-16.75,-16.625,-16.68542,60,2026-08-21T07:40:58.692557-03:00
771,2026-08-21T07:42:46-03:00,2026-08-21T07:47:46-03:00,2026-08-21T10:42:46+00:00,2026-08-21T10:47:46+00:00,-17.8125,-16.75,-17.23229,60,2026-08-21T07:46:00.272959-03:00
772,2026-08-21T07:47:46-03:00,2026-08-21T07:52:46-03:00,2026-08-21T10:47:46+00:00,2026-08-21T10:52:46+00:00,-19.125,-17.8125,-18.49167,60,2026-08-21T07:50:58.654043-03:00
773,2026-08-21T07:52:46-03:00,2026-08-21T07:57:46-03:00,2026-08-21T10:52:46+00:00,2026-08-21T10:57:46+00:00,-20.1875,-19.125,-19.675,60,2026-08-21T07:55:58.026079-03:00
774,2026-08-21T07:57:46-03:00,2026-08-21T08:02:46-03:00,2026-08-21T10:57:46+00:00,2026-08-21T11:02:46+00:00,-20.75,-20.1875,-20.5875,60,2026-08-21T08:00:58.341480-03:00
775,2026-08-21T08:02:46-03:00,2026-08-21T08:07:46-03:00,2026-08-21T11:02:46+00:00,2026-08-21T11:07:46+00:00,-20.75,-20.3125,-20.55208,60,2026-08-21T08:05:58.432930-03:00
776,2026-08-21T08:07:46-03:00,2026-08-21T08:12:46-03:00,2026-08-21T11:07:46+00:00,2026-08-21T11:12:46+00:00,-20.3125,-19.8125,-20.05,60,2026-08-21T08:10:58.522904-03:00
777,2026-08-21T08:12:46-03:00,2026-08-21T08:17:46-03:00,2026-08-21T11:12:46+00:00,2026-08-21T11:17:46+00:00,-19.8125,-19.375,-19.57604,60,2026-08-21T08:15:58.855729-03:00
778,2026-08-21T08:17:46-03:00,2026-08-21T08:22:46-03:00,2026-08-21T11:17:46+00:00,2026-08-21T11:22:46+00:00,-19.375,-19,-19.15729,60,2026-08-21T08:20:58.226692-03:00
779,2026-08-21T08:22:46-03:00,2026-08-21T08:27:46-03:00,2026-08-21T11:22:46+00:00,2026-08-21T11:27:46+00:00,-18.9375,-18.625,-18.78854,60,2026-08-21T08:25:58.439974-03:00
780,2026-08-21T08:27:46-03:00,2026-08-21T08:32:46-03:00,2026-08-21T11:27:46+00:00,2026-08-21T11:32:46+00:00,-18.625,-18.3125,-18.47812,60,2026-08-21T08:30:58.771881-03:00
781,2026-08-21T08:32:46-03:00,2026-08-21T08:37:46-03:00,2026-08-21T11:32:46+00:00,2026-08-21T11:37:46+00:00,-18.3125,-18.125,-18.2125,60,2026-08-21T08:35:58.540214-03:00
782,2026-08-21T08:37:46-03:00,2026-08-21T08:42:46-03:00,2026-08-21T11:37:46+00:00,2026-08-21T11:42:46+00:00,-18.0625,-17.875,-17.98438,60,2026-08-21T08:40:58.013302-03:00
783,2026-08-21T08:42:46-03:00,2026-08-21T08:47:46-03:00,2026-08-21T11:42:46+00:00,2026-08-21T11:47:46+00:00,-17.875,-17.6875,-17.78542,60,2026-08-21T08:45:58.667067-03:00
784,2026-08-21T08:47:46-03:00,2026-08-21T08:52:46-03:00,2026-08-21T11:47:46+00:00,2026-08-21T11:52:46+00:00,-17.6875,-17.5,-17.60104,60,2026-08-21T08:50:58.567418-03:00
785,2026-08-21T08:52:46-03:00,2026-08-21T08:57:46-03:00,2026-08-21T11:52:46+00:00,2026-08-21T11:57:46+00:00,-17.5,-17.375,-17.43438,60,2026-08-21T08:56:09.456486-03:00
786,2026-08-21T08:57:46-03:00,2026-08-21T09:02:46-03:00,2026-08-21T11:57:46+00:00,2026-08-21T12:02:46+00:00,-17.375,-17.1875,-17.27909,58,2026-08-21T09:00:58.441183-03:00
787,2026-08-21T09:02:46-03:00,2026-08-21T09:07:46-03:00,2026-08-21T12:02:46+00:00,2026-08-21T12:07:46+00:00,-17.1875,-17.0625,-17.13437,60,2026-08-21T09:06:01.391618-03:00
788,2026-08-21T09:07:46-03:00,2026-08-21T09:12:47-03:00,2026-08-21T12:07:46+00:00,2026-08-21T12:12:47+00:00,-17.0625,-16.9375,-16.99583,60,2026-08-21T09:10:59.107121-03:00
789,2026-08-21T09:12:47-03:00,2026-08-21T09:17:47-03:00,2026-08-21T12:12:47+00:00,2026-08-21T12:17:47+00:00,-16.9375,-16.8125,-16.86563,60,2026-08-21T09:15:58.938510-03:00
790,2026-08-21T09:17:47-03:00,2026-08-21T09:22:47-03:00,2026-08-21T12:17:47+00:00,2026-08-21T12:22:47+00:00,-16.8125,-16.6875,-16.74167,60,2026-08-21T09:21:00.407381-03:00
791,2026-08-21T09:22:47-03:00,2026-08-21T09:27:47-03:00,2026-08-21T12:22:47+00:00,2026-08-21T12:27:47+00:00,-16.6875,-16.5625,-16.62292,60,2026-08-21T09:25:58.876831-03:00
792,2026-08-21T09:27:47-03:00,2026-08-21T09:32:47-03:00,2026-08-21T12:27:47+00:00,2026-08-21T12:32:47+00:00,-16.5625,-16.4375,-16.51979,60,2026-08-21T09:30:59.247345-03:00
793,2026-08-21T09:32:47-03:00,2026-08-21T09:37:47-03:00,2026-08-21T12:32:47+00:00,2026-08-21T12:37:47+00:00,-17.25,-16.5,-16.7625,60,2026-08-21T09:35:59.352387-03:00
794,2026-08-21T09:37:47-03:00,2026-08-21T09:42:47-03:00,2026-08-21T12:37:47+00:00,2026-08-21T12:42:47+00:00,-18.5625,-17.25,-17.89688,60,2026-08-21T09:40:59.125548-03:00
795,2026-08-21T09:42:47-03:00,2026-08-21T09:47:47-03:00,2026-08-21T12:42:47+00:00,2026-08-21T12:47:47+00:00,-19.6875,-18.5625,-19.1625,60,2026-08-21T09:45:59.256627-03:00
796,2026-08-21T09:47:47-03:00,2026-08-21T09:52:47-03:00,2026-08-21T12:47:47+00:00,2026-08-21T12:52:47+00:00,-20.375,-19.75,-20.15937,60,2026-08-21T09:50:59.154498-03:00
797,2026-08-21T09:52:47-03:00,2026-08-21T09:57:47-03:00,2026-08-21T12:52:47+00:00,2026-08-21T12:57:47+00:00,-20.375,-19.9375,-20.19583,60,2026-08-21T09:55:59.495923-03:00
798,2026-08-21T09:57:47-03:00,2026-08-21T10:02:47-03:00,2026-08-21T12:57:47+00:00,2026-08-21T13:02:47+00:00,-19.9375,-19.5,-19.71354,60,2026-08-21T10:00:59.124730-03:00
799,2026-08-21T10:02:47-03:00,2026-08-21T10:07:47-03:00,2026-08-21T13:02:47+00:00,2026-08-21T13:07:47+00:00,-19.4375,-19.0625,-19.24479,60,2026-08-21T10:05:59.202009-03:00
800,2026-08-21T10:07:47-03:00,2026-08-21T10:12:47-03:00,2026-08-21T13:07:47+00:00,2026-08-21T13:12:47+00:00,-19.0625,-18.625,-18.8375,60,2026-08-21T10:10:59.092782-03:00
801,2026-08-21T10:12:47-03:00,2026-08-21T10:17:47-03:00,2026-08-21T13:12:47+00:00,2026-08-21T13:17:47+00:00,-18.625,-18.3125,-18.475,60,2026-08-21T10:16:03.871154-03:00
802,2026-08-21T10:17:47-03:00,2026-08-21T10:22:47-03:00,2026-08-21T13:17:47+00:00,2026-08-21T13:22:47+00:00,-18.3125,-18,-18.16419,59,2026-08-21T10:20:59.056036-03:00
803,2026-08-21T10:22:47-03:00,2026-08-21T10:27:47-03:00,2026-08-21T13:22:47+00:00,2026-08-21T13:27:47+00:00,-18,-17.8125,-17.90104,60,2026-08-21T10:25:59.762829-03:00
804,2026-08-21T10:27:47-03:00,2026-08-21T10:32:47-03:00,2026-08-21T13:27:47+00:00,2026-08-21T13:32:47+00:00,-17.8125,-17.5625,-17.67188,60,2026-08-21T10:30:59.391987-03:00
805,2026-08-21T10:32:47-03:00,2026-08-21T10:37:48-03:00,2026-08-21T13:32:47+00:00,2026-08-21T13:37:48+00:00,-17.5625,-17.375,-17.48021,60,2026-08-21T10:35:59.320325-03:00
806,2026-08-21T10:37:48-03:00,2026-08-21T10:42:48-03:00,2026-08-21T13:37:48+00:00,2026-08-21T13:42:48+00:00,-17.375,-17.1875,-17.29896,60,2026-08-21T10:42:01.227060-03:00
807,2026-08-21T10:42:48-03:00,2026-08-21T10:47:48-03:00,2026-08-21T13:42:48+00:00,2026-08-21T13:47:48+00:00,-17.1875,-17.0625,-17.13254,58,2026-08-21T10:45:59.148408-03:00
808,2026-08-21T10:47:48-03:00,2026-08-21T10:52:48-03:00,2026-08-21T13:47:48+00:00,2026-08-21T13:52:48+00:00,-17.0625,-16.875,-16.98021,60,2026-08-21T10:50:59.294343-03:00
809,2026-08-21T10:52:48-03:00,2026-08-21T10:57:48-03:00,2026-08-21T13:52:48+00:00,2026-08-21T13:57:48+00:00,-16.9375,-16.75,-16.83646,60,2026-08-21T10:55:59.601159-03:00
810,2026-08-21T10:57:48-03:00,2026-08-21T11:02:48-03:00,2026-08-21T13:57:48+00:00,2026-08-21T14:02:48+00:00,-16.75,-16.625,-16.69167,60,2026-08-21T11:00:59.214030-03:00
811,2026-08-21T11:02:48-03:00,2026-08-21T11:07:48-03:00,2026-08-21T14:02:48+00:00,2026-08-21T14:07:48+00:00,-16.625,-16.5,-16.57604,60,2026-08-21T11:05:59.850206-03:00
812,2026-08-21T11:07:48-03:00,2026-08-21T11:12:48-03:00,2026-08-21T14:07:48+00:00,2026-08-21T14:12:48+00:00,-16.5,-16.375,-16.45,60,2026-08-21T11:10:59.300238-03:00
813,2026-08-21T11:12:48-03:00,2026-08-21T11:17:48-03:00,2026-08-21T14:12:48+00:00,2026-08-21T14:17:48+00:00,-16.375,-16.25,-16.32917,60,2026-08-21T11:15:59.714369-03:00
814,2026-08-21T11:17:48-03:00,2026-08-21T11:22:48-03:00,2026-08-21T14:17:48+00:00,2026-08-21T14:22:48+00:00,-16.625,-16.25,-16.36354,60,2026-08-21T11:20:59.519188-03:00
815,2026-08-21T11:22:48-03:00,2026-08-21T11:27:48-03:00,2026-08-21T14:22:48+00:00,2026-08-21T14:27:48+00:00,-17.9375,-16.625,-17.26667,60,2026-08-21T11:25:58.911691-03:00
816,2026-08-21T11:27:48-03:00,2026-08-21T11:32:48-03:00,2026-08-21T14:27:48+00:00,2026-08-21T14:32:48+00:00,-19.1875,-17.9375,-18.56979,60,2026-08-21T11:30:59.135455-03:00
817,2026-08-21T11:32:48-03:00,2026-08-21T11:37:48-03:00,2026-08-21T14:32:48+00:00,2026-08-21T14:37:48+00:00,-20.1875,-19.1875,-19.69792,60,2026-08-21T11:35:58.972393-03:00
818,2026-08-21T11:37:48-03:00,2026-08-21T11:42:48-03:00,2026-08-21T14:37:48+00:00,2026-08-21T14:42:48+00:00,-20.25,-20,-20.18229,60,2026-08-21T11:40:59.402805-03:00
819,2026-08-21T11:42:48-03:00,2026-08-21T11:47:48-03:00,2026-08-21T14:42:48+00:00,2026-08-21T14:47:48+00:00,-20,-19.5,-19.75833,60,2026-08-21T11:45:59.131503-03:00
820,2026-08-21T11:47:48-03:00,2026-08-21T11:52:48-03:00,2026-08-21T14:47:48+00:00,2026-08-21T14:52:48+00:00,-19.5,-19,-19.25521,60,2026-08-21T11:51:02.808977-03:00
821,2026-08-21T11:52:48-03:00,2026-08-21T11:57:48-03:00,2026-08-21T14:52:48+00:00,2026-08-21T14:57:48+00:00,-19,-18.625,-18.81038,59,2026-08-21T11:55:59.742976-03:00
822,2026-08-21T11:57:48-03:00,2026-08-21T12:02:48-03:00,2026-08-21T14:57:48+00:00,2026-08-21T15:02:48+00:00,-18.625,-18.25,-18.425,60,2026-08-21T12:00:59.353966-03:00
823,2026-08-21T12:02:48-03:00,2026-08-21T12:07:48-03:00,2026-08-21T15:02:48+00:00,2026-08-21T15:07:48+00:00,-18.25,-17.9375,-18.08958,60,2026-08-21T12:05:59.339687-03:00
824,2026-08-21T12:07:48-03:00,2026-08-21T12:12:48-03:00,2026-08-21T15:07:48+00:00,2026-08-21T15:12:48+00:00,-17.9375,-17.6875,-17.80625,60,2026-08-21T12:10:59.810917-03:00
825,2026-08-21T12:12:48-03:00,2026-08-21T12:17:48-03:00,2026-08-21T15:12:48+00:00,2026-08-21T15:17:48+00:00,-17.6875,-17.4375,-17.55625,60,2026-08-21T12:15:59.571779-03:00
826,2026-08-21T12:17:48-03:00,2026-08-21T12:22:48-03:00,2026-08-21T15:17:48+00:00,2026-08-21T15:22:48+00:00,-17.4375,-17.25,-17.34479,60,2026-08-21T12:20:59.740321-03:00
827,2026-08-21T12:22:48-03:00,2026-08-21T12:27:48-03:00,2026-08-21T15:22:48+00:00,2026-08-21T15:27:48+00:00,-17.25,-17.0625,-17.15521,60,2026-08-21T12:25:59.543291-03:00
828,2026-08-21T12:27:48-03:00,2026-08-21T12:32:48-03:00,2026-08-21T15:27:48+00:00,2026-08-21T15:32:48+00:00,-17.0625,-16.875,-16.98021,60,2026-08-21T12:30:59.614183-03:00
829,2026-08-21T12:32:48-03:00,2026-08-21T12:37:48-03:00,2026-08-21T15:32:48+00:00,2026-08-21T15:37:48+00:00,-16.875,-16.75,-16.81667,60,2026-08-21T12:35:59.630961-03:00
830,2026-08-21T12:37:48-03:00,2026-08-21T12:42:48-03:00,2026-08-21T15:37:48+00:00,2026-08-21T15:42:48+00:00,-16.75,-16.625,-16.66562,60,2026-08-21T12:40:59.623117-03:00
831,2026-08-21T12:42:48-03:00,2026-08-21T12:47:48-03:00,2026-08-21T15:42:48+00:00,2026-08-21T15:47:48+00:00,-16.625,-16.4375,-16.53229,60,2026-08-21T12:45:59.422442-03:00
832,2026-08-21T12:47:48-03:00,2026-08-21T12:52:49-03:00,2026-08-21T15:47:48+00:00,2026-08-21T15:52:49+00:00,-16.4375,-16.3125,-16.39167,60,2026-08-21T12:50:59.806244-03:00
833,2026-08-21T12:52:49-03:00,2026-08-21T12:57:49-03:00,2026-08-21T15:52:49+00:00,2026-08-21T15:57:49+00:00,-16.3125,-16.1875,-16.25833,60,2026-08-21T12:56:33.239303-03:00
834,2026-08-21T12:57:49-03:00,2026-08-21T13:02:49-03:00,2026-08-21T15:57:49+00:00,2026-08-21T16:02:49+00:00,-16.25,-16.125,-16.17026,58,2026-08-21T13:00:59.483012-03:00
835,2026-08-21T13:02:49-03:00,2026-08-21T13:07:49-03:00,2026-08-21T16:02:49+00:00,2026-08-21T16:07:49+00:00,-17.3125,-16.25,-16.72292,60,2026-08-21T13:06:00.246029-03:00
836,2026-08-21T13:07:49-03:00,2026-08-21T13:12:49-03:00,2026-08-21T16:07:49+00:00,2026-08-21T16:12:49+00:00,-18.625,-17.3125,-17.99375,60,2026-08-21T13:11:29.612704-03:00
837,2026-08-21T13:12:49-03:00,2026-08-21T13:17:49-03:00,2026-08-21T16:12:49+00:00,2026-08-21T16:17:49+00:00,-19.75,-18.6875,-19.22458,59,2026-08-21T13:16:09.458246-03:00
838,2026-08-21T13:17:49-03:00,2026-08-21T13:22:49-03:00,2026-08-21T16:17:49+00:00,2026-08-21T16:22:49+00:00,-20.3125,-19.8125,-20.1444,58,2026-08-21T13:20:59.621010-03:00
839,2026-08-21T13:22:49-03:00,2026-08-21T13:27:49-03:00,2026-08-21T16:22:49+00:00,2026-08-21T16:27:49+00:00,-20.25,-19.8125,-20.06146,60,2026-08-21T13:26:00.035660-03:00
840,2026-08-21T13:27:49-03:00,2026-08-21T13:32:49-03:00,2026-08-21T16:27:49+00:00,2026-08-21T16:32:49+00:00,-19.8125,-19.25,-19.53542,60,2026-08-21T13:30:59.490158-03:00
841,2026-08-21T13:32:49-03:00,2026-08-21T13:37:49-03:00,2026-08-21T16:32:49+00:00,2026-08-21T16:37:49+00:00,-19.25,-18.8125,-19.02708,60,2026-08-21T13:35:59.948966-03:00
842,2026-08-21T13:37:49-03:00,2026-08-21T13:42:49-03:00,2026-08-21T16:37:49+00:00,2026-08-21T16:42:49+00:00,-18.8125,-18.375,-18.58958,60,2026-08-21T13:40:59.528470-03:00
843,2026-08-21T13:42:49-03:00,2026-08-21T13:47:49-03:00,2026-08-21T16:42:49+00:00,2026-08-21T16:47:49+00:00,-18.375,-18.0625,-18.20729,60,2026-08-21T13:45:59.720341-03:00
844,2026-08-21T13:47:49-03:00,2026-08-21T13:52:49-03:00,2026-08-21T16:47:49+00:00,2026-08-21T16:52:49+00:00,-18.0625,-17.75,-17.87604,60,2026-08-21T13:50:59.912699-03:00
845,2026-08-21T13:52:49-03:00,2026-08-21T13:57:49-03:00,2026-08-21T16:52:49+00:00,2026-08-21T16:57:49+00:00,-17.75,-17.4375,-17.59167,60,2026-08-21T13:56:03.931142-03:00
846,2026-08-21T13:57:49-03:00,2026-08-21T14:02:49-03:00,2026-08-21T16:57:49+00:00,2026-08-21T17:02:49+00:00,-17.4375,-17.25,-17.34428,59,2026-08-21T14:00:59.580314-03:00
847,2026-08-21T14:02:49-03:00,2026-08-21T14:07:49-03:00,2026-08-21T17:02:49+00:00,2026-08-21T17:07:49+00:00,-17.25,-17,-17.12917,60,2026-08-21T14:06:01.266615-03:00
848,2026-08-21T14:07:49-03:00,2026-08-21T14:12:49-03:00,2026-08-21T17:07:49+00:00,2026-08-21T17:12:49+00:00,-17,-16.875,-16.93438,60,2026-08-21T14:10:59.617085-03:00
849,2026-08-21T14:12:49-03:00,2026-08-21T14:17:49-03:00,2026-08-21T17:12:49+00:00,2026-08-21T17:17:49+00:00,-16.875,-16.6875,-16.75312,60,2026-08-21T14:16:08.585334-03:00
850,2026-08-21T14:17:49-03:00,2026-08-21T14:22:49-03:00,2026-08-21T17:17:49+00:00,2026-08-21T17:22:49+00:00,-16.625,-16.5,-16.59267,58,2026-08-21T14:20:59.642101-03:00
851,2026-08-21T14:22:49-03:00,2026-08-21T14:27:49-03:00,2026-08-21T17:22:49+00:00,2026-08-21T17:27:49+00:00,-16.5,-16.375,-16.43958,60,2026-08-21T14:25:59.791644-03:00
852,2026-08-21T14:27:49-03:00,2026-08-21T14:32:49-03:00,2026-08-21T17:27:49+00:00,2026-08-21T17:32:49+00:00,-16.375,-16.25,-16.29792,60,2026-08-21T14:30:59.570374-03:00
854,2026-08-21T14:32:49-03:00,2026-08-21T14:37:49-03:00,2026-08-21T17:32:49+00:00,2026-08-21T17:37:49+00:00,-16.25,-16.0625,-16.14896,60,2026-08-21T14:36:29.543520-03:00
855,2026-08-21T14:37:49-03:00,2026-08-21T14:42:49-03:00,2026-08-21T17:37:49+00:00,2026-08-21T17:42:49+00:00,-16.4375,-16.0625,-16.16314,59,2026-08-21T14:40:59.621438-03:00
856,2026-08-21T14:42:49-03:00,2026-08-21T14:47:49-03:00,2026-08-21T17:42:49+00:00,2026-08-21T17:47:49+00:00,-17.375,-16.4375,-16.94375,60,2026-08-21T14:45:59.695145-03:00
857,2026-08-21T14:47:49-03:00,2026-08-21T14:52:49-03:00,2026-08-21T17:47:49+00:00,2026-08-21T17:52:49+00:00,-17.8125,-17.0625,-17.43021,60,2026-08-21T14:50:59.549783-03:00
858,2026-08-21T14:52:49-03:00,2026-08-21T14:57:49-03:00,2026-08-21T17:52:49+00:00,2026-08-21T17:57:49+00:00,-17.9375,-17.8125,-17.89063,60,2026-08-21T14:55:59.800939-03:00
859,2026-08-21T14:57:49-03:00,2026-08-21T15:02:49-03:00,2026-08-21T17:57:49+00:00,2026-08-21T18:02:49+00:00,-17.875,-17.6875,-17.78958,60,2026-08-21T15:00:59.618251-03:00
860,2026-08-21T15:02:49-03:00,2026-08-21T15:07:50-03:00,2026-08-21T18:02:49+00:00,2026-08-21T18:07:50+00:00,-17.6875,-17.3125,-17.48333,60,2026-08-21T15:05:59.597433-03:00
861,2026-08-21T15:07:50-03:00,2026-08-21T15:12:50-03:00,2026-08-21T18:07:50+00:00,2026-08-21T18:12:50+00:00,-17.25,-16.75,-17.02604,60,2026-08-21T15:11:00.353259-03:00
862,2026-08-21T15:12:50-03:00,2026-08-21T15:17:50-03:00,2026-08-21T18:12:50+00:00,2026-08-21T18:17:50+00:00,-16.75,-16,-16.39271,60,2026-08-21T15:16:00.052995-03:00
863,2026-08-21T15:17:50-03:00,2026-08-21T15:22:50-03:00,2026-08-21T18:17:50+00:00,2026-08-21T18:22:50+00:00,-15.9375,-14.75,-15.40938,60,2026-08-21T15:20:59.548462-03:00
864,2026-08-21T15:22:50-03:00,2026-08-21T15:27:50-03:00,2026-08-21T18:22:50+00:00,2026-08-21T18:27:50+00:00,-14.75,-13.125,-13.94583,60,2026-08-21T15:26:00.044441-03:00
865,2026-08-21T15:27:50-03:00,2026-08-21T15:32:50-03:00,2026-08-21T18:27:50+00:00,2026-08-21T18:32:50+00:00,-13.0625,-11.5,-12.23646,60,2026-08-21T15:31:29.729975-03:00
866,2026-08-21T15:32:50-03:00,2026-08-21T15:37:50-03:00,2026-08-21T18:32:50+00:00,2026-08-21T18:37:50+00:00,-11.4375,-10.0625,-10.76801,59,2026-08-21T15:36:00.174774-03:00
867,2026-08-21T15:37:50-03:00,2026-08-21T15:42:50-03:00,2026-08-21T18:37:50+00:00,2026-08-21T18:42:50+00:00,-10.5,-9.9375,-10.0875,60,2026-08-21T15:41:06.591606-03:00
868,2026-08-21T15:42:50-03:00,2026-08-21T15:47:50-03:00,2026-08-21T18:42:50+00:00,2026-08-21T18:47:50+00:00,-12.1875,-10.5625,-11.32945,59,2026-08-21T15:47:02.158150-03:00
869,2026-08-21T15:47:50-03:00,2026-08-21T15:52:50-03:00,2026-08-21T18:47:50+00:00,2026-08-21T18:52:50+00:00,-13.9375,-12.25,-13.11853,58,2026-08-21T15:52:02.695419-03:00
870,2026-08-21T15:52:50-03:00,2026-08-21T15:57:50-03:00,2026-08-21T18:52:50+00:00,2026-08-21T18:57:50+00:00,-15.375,-14,-14.72629,58,2026-08-21T15:56:00.235699-03:00
871,2026-08-21T15:57:50-03:00,2026-08-21T16:02:50-03:00,2026-08-21T18:57:50+00:00,2026-08-21T19:02:50+00:00,-16.5625,-15.4375,-16.00208,60,2026-08-21T16:01:00.579410-03:00
872,2026-08-21T16:02:50-03:00,2026-08-21T16:07:50-03:00,2026-08-21T19:02:50+00:00,2026-08-21T19:07:50+00:00,-17.4375,-16.5625,-17.01979,60,2026-08-21T16:06:00.441127-03:00
873,2026-08-21T16:07:50-03:00,2026-08-21T16:12:51-03:00,2026-08-21T19:07:50+00:00,2026-08-21T19:12:51+00:00,-18.125,-17.4375,-17.81146,60,2026-08-21T16:11:01.275272-03:00
874,2026-08-21T16:12:51-03:00,2026-08-21T16:17:51-03:00,2026-08-21T19:12:51+00:00,2026-08-21T19:17:51+00:00,-18.75,-18.125,-18.44583,60,2026-08-21T16:16:00.113631-03:00
875,2026-08-21T16:17:51-03:00,2026-08-21T16:22:51-03:00,2026-08-21T19:17:51+00:00,2026-08-21T19:22:51+00:00,-19.1875,-18.75,-18.96458,60,2026-08-21T16:21:00.867764-03:00
876,2026-08-21T16:22:51-03:00,2026-08-21T16:27:51-03:00,2026-08-21T19:22:51+00:00,2026-08-21T19:27:51+00:00,-19.5625,-19.1875,-19.39479,60,2026-08-21T16:26:00.321359-03:00
877,2026-08-21T16:27:51-03:00,2026-08-21T16:32:51-03:00,2026-08-21T19:27:51+00:00,2026-08-21T19:32:51+00:00,-19.9375,-19.625,-19.76146,60,2026-08-21T16:31:00.339914-03:00
878,2026-08-21T16:32:51-03:00,2026-08-21T16:37:51-03:00,2026-08-21T19:32:51+00:00,2026-08-21T19:37:51+00:00,-20.25,-19.9375,-20.08438,60,2026-08-21T16:36:23.529813-03:00
879,2026-08-21T16:37:51-03:00,2026-08-21T16:42:51-03:00,2026-08-21T19:37:51+00:00,2026-08-21T19:42:51+00:00,-20.5,-20.25,-20.37045,55,2026-08-21T16:41:00.452746-03:00
880,2026-08-21T16:42:51-03:00,2026-08-21T16:47:51-03:00,2026-08-21T19:42:51+00:00,2026-08-21T19:47:51+00:00,-20.75,-20.5,-20.61771,60,2026-08-21T16:46:09.566621-03:00
881,2026-08-21T16:47:51-03:00,2026-08-21T16:52:51-03:00,2026-08-21T19:47:51+00:00,2026-08-21T19:52:51+00:00,-20.9375,-20.75,-20.83297,58,2026-08-21T16:51:00.372428-03:00
882,2026-08-21T16:52:51-03:00,2026-08-21T16:57:51-03:00,2026-08-21T19:52:51+00:00,2026-08-21T19:57:51+00:00,-21.125,-20.9375,-21.0375,60,2026-08-21T16:56:00.931191-03:00
883,2026-08-21T16:57:51-03:00,2026-08-21T17:02:51-03:00,2026-08-21T19:57:51+00:00,2026-08-21T20:02:51+00:00,-21.375,-21.125,-21.24167,60,2026-08-21T17:01:00.650638-03:00
884,2026-08-21T17:02:51-03:00,2026-08-21T17:07:51-03:00,2026-08-21T20:02:51+00:00,2026-08-21T20:07:51+00:00,-21.5625,-21.375,-21.46667,60,2026-08-21T17:06:01.472835-03:00
885,2026-08-21T17:07:51-03:00,2026-08-21T17:12:51-03:00,2026-08-21T20:07:51+00:00,2026-08-21T20:12:51+00:00,-21.75,-21.5625,-21.67917,60,2026-08-21T17:11:00.421436-03:00
886,2026-08-21T17:12:51-03:00,2026-08-21T17:17:51-03:00,2026-08-21T20:12:51+00:00,2026-08-21T20:17:51+00:00,-21.8125,-21.5,-21.6875,60,2026-08-21T17:16:01.034445-03:00
887,2026-08-21T17:17:51-03:00,2026-08-21T17:22:51-03:00,2026-08-21T20:17:51+00:00,2026-08-21T20:22:51+00:00,-21.5,-20.875,-21.18542,60,2026-08-21T17:21:01.327470-03:00
888,2026-08-21T17:22:51-03:00,2026-08-21T17:27:51-03:00,2026-08-21T20:22:51+00:00,2026-08-21T20:27:51+00:00,-20.875,-20.3125,-20.59375,60,2026-08-21T17:26:00.540142-03:00
889,2026-08-21T17:27:51-03:00,2026-08-21T17:32:51-03:00,2026-08-21T20:27:51+00:00,2026-08-21T20:32:51+00:00,-20.3125,-19.8125,-20.04479,60,2026-08-21T17:31:01.379660-03:00
890,2026-08-21T17:32:51-03:00,2026-08-21T17:37:51-03:00,2026-08-21T20:32:51+00:00,2026-08-21T20:37:51+00:00,-19.8125,-19.3125,-19.55208,60,2026-08-21T17:36:00.704886-03:00
891,2026-08-21T17:37:51-03:00,2026-08-21T17:42:51-03:00,2026-08-21T20:37:51+00:00,2026-08-21T20:42:51+00:00,-19.3125,-18.9375,-19.11354,60,2026-08-21T17:41:00.911529-03:00
892,2026-08-21T17:42:51-03:00,2026-08-21T17:47:51-03:00,2026-08-21T20:42:51+00:00,2026-08-21T20:47:51+00:00,-18.875,-18.5,-18.72396,60,2026-08-21T17:46:00.686280-03:00
893,2026-08-21T17:47:51-03:00,2026-08-21T17:52:51-03:00,2026-08-21T20:47:51+00:00,2026-08-21T20:52:51+00:00,-18.9375,-18.5,-18.64375,60,2026-08-21T17:51:00.802679-03:00
894,2026-08-21T17:52:51-03:00,2026-08-21T17:57:51-03:00,2026-08-21T20:52:51+00:00,2026-08-21T20:57:51+00:00,-19.6875,-18.9375,-19.30833,60,2026-08-21T17:56:00.930939-03:00
895,2026-08-21T17:57:51-03:00,2026-08-21T18:02:51-03:00,2026-08-21T20:57:51+00:00,2026-08-21T21:02:51+00:00,-20.375,-19.6875,-20.025,60,2026-08-21T18:01:00.586252-03:00
896,2026-08-21T18:02:51-03:00,2026-08-21T18:07:51-03:00,2026-08-21T21:02:51+00:00,2026-08-21T21:07:51+00:00,-20.875,-20.375,-20.61979,60,2026-08-21T18:06:01.104437-03:00
897,2026-08-21T18:07:51-03:00,2026-08-21T18:12:51-03:00,2026-08-21T21:07:51+00:00,2026-08-21T21:12:51+00:00,-21.3125,-20.875,-21.07708,60,2026-08-21T18:11:00.773610-03:00
898,2026-08-21T18:12:51-03:00,2026-08-21T18:17:51-03:00,2026-08-21T21:12:51+00:00,2026-08-21T21:17:51+00:00,-21.625,-21.3125,-21.46563,60,2026-08-21T18:16:00.754816-03:00
899,2026-08-21T18:17:51-03:00,2026-08-21T18:22:52-03:00,2026-08-21T21:17:51+00:00,2026-08-21T21:22:52+00:00,-21.875,-21.625,-21.75625,60,2026-08-21T18:21:00.639237-03:00
900,2026-08-21T18:22:52-03:00,2026-08-21T18:27:52-03:00,2026-08-21T21:22:52+00:00,2026-08-21T21:27:52+00:00,-22.1875,-21.875,-22.04479,60,2026-08-21T18:26:01.186750-03:00
901,2026-08-21T18:27:52-03:00,2026-08-21T18:32:52-03:00,2026-08-21T21:27:52+00:00,2026-08-21T21:32:52+00:00,-22.375,-22.1875,-22.27813,60,2026-08-21T18:31:00.722143-03:00
902,2026-08-21T18:32:52-03:00,2026-08-21T18:37:52-03:00,2026-08-21T21:32:52+00:00,2026-08-21T21:37:52+00:00,-22.5625,-22.375,-22.47292,60,2026-08-21T18:36:01.159451-03:00
903,2026-08-21T18:37:52-03:00,2026-08-21T18:42:52-03:00,2026-08-21T21:37:52+00:00,2026-08-21T21:42:52+00:00,-22.75,-22.5625,-22.68333,60,2026-08-21T18:41:01.063117-03:00
904,2026-08-21T18:42:52-03:00,2026-08-21T18:47:52-03:00,2026-08-21T21:42:52+00:00,2026-08-21T21:47:52+00:00,-22.75,-22.375,-22.59063,60,2026-08-21T18:46:00.378853-03:00
905,2026-08-21T18:47:52-03:00,2026-08-21T18:52:52-03:00,2026-08-21T21:47:52+00:00,2026-08-21T21:52:52+00:00,-22.375,-21.8125,-22.09687,60,2026-08-21T18:51:00.899415-03:00
906,2026-08-21T18:52:52-03:00,2026-08-21T18:57:52-03:00,2026-08-21T21:52:52+00:00,2026-08-21T21:57:52+00:00,-21.8125,-21.3125,-21.56979,60,2026-08-21T18:56:00.924928-03:00
907,2026-08-21T18:57:52-03:00,2026-08-21T19:02:52-03:00,2026-08-21T21:57:52+00:00,2026-08-21T22:02:52+00:00,-21.3125,-20.875,-21.07604,60,2026-08-21T19:01:00.710308-03:00
908,2026-08-21T19:02:52-03:00,2026-08-21T19:07:52-03:00,2026-08-21T22:02:52+00:00,2026-08-21T22:07:52+00:00,-20.875,-20.4375,-20.64063,60,2026-08-21T19:06:02.751045-03:00
909,2026-08-21T19:07:52-03:00,2026-08-21T19:12:52-03:00,2026-08-21T22:07:52+00:00,2026-08-21T22:12:52+00:00,-20.4375,-20.0625,-20.25104,60,2026-08-21T19:11:00.630389-03:00
910,2026-08-21T19:12:52-03:00,2026-08-21T19:17:52-03:00,2026-08-21T22:12:52+00:00,2026-08-21T22:17:52+00:00,-20.0625,-19.75,-19.91146,60,2026-08-21T19:16:01.722960-03:00
911,2026-08-21T19:17:52-03:00,2026-08-21T19:22:52-03:00,2026-08-21T22:17:52+00:00,2026-08-21T22:22:52+00:00,-19.75,-19.4375,-19.61042,60,2026-08-21T19:21:00.752702-03:00
912,2026-08-21T19:22:52-03:00,2026-08-21T19:27:52-03:00,2026-08-21T22:22:52+00:00,2026-08-21T22:27:52+00:00,-19.4375,-19.1875,-19.32708,60,2026-08-21T19:26:00.859782-03:00
913,2026-08-21T19:27:52-03:00,2026-08-21T19:32:52-03:00,2026-08-21T22:27:52+00:00,2026-08-21T22:32:52+00:00,-19.1875,-18.9375,-19.08229,60,2026-08-21T19:31:00.577323-03:00
914,2026-08-21T19:32:52-03:00,2026-08-21T19:37:52-03:00,2026-08-21T22:32:52+00:00,2026-08-21T22:37:52+00:00,-18.9375,-18.75,-18.84479,60,2026-08-21T19:36:01.016309-03:00
915,2026-08-21T19:37:52-03:00,2026-08-21T19:42:52-03:00,2026-08-21T22:37:52+00:00,2026-08-21T22:42:52+00:00,-18.75,-18.5,-18.62917,60,2026-08-21T19:41:00.748144-03:00
916,2026-08-21T19:42:52-03:00,2026-08-21T19:47:52-03:00,2026-08-21T22:42:52+00:00,2026-08-21T22:47:52+00:00,-18.5,-18.3125,-18.42708,60,2026-08-21T19:46:00.890266-03:00
917,2026-08-21T19:47:52-03:00,2026-08-21T19:52:52-03:00,2026-08-21T22:47:52+00:00,2026-08-21T22:52:52+00:00,-18.3125,-18.125,-18.23854,60,2026-08-21T19:51:01.023126-03:00
918,2026-08-21T19:52:52-03:00,2026-08-21T19:57:52-03:00,2026-08-21T22:52:52+00:00,2026-08-21T22:57:52+00:00,-18.125,-18,-18.0625,60,2026-08-21T19:56:04.024856-03:00
919,2026-08-21T19:57:52-03:00,2026-08-21T20:02:52-03:00,2026-08-21T22:57:52+00:00,2026-08-21T23:02:52+00:00,-18,-17.8125,-17.88665,59,2026-08-21T20:01:00.850177-03:00
920,2026-08-21T20:02:52-03:00,2026-08-21T20:07:52-03:00,2026-08-21T23:02:52+00:00,2026-08-21T23:07:52+00:00,-17.8125,-17.625,-17.71563,60,2026-08-21T20:06:00.874263-03:00
921,2026-08-21T20:07:52-03:00,2026-08-21T20:12:52-03:00,2026-08-21T23:07:52+00:00,2026-08-21T23:12:52+00:00,-17.625,-17.5,-17.55833,60,2026-08-21T20:11:31.781922-03:00
922,2026-08-21T20:12:52-03:00,2026-08-21T20:17:52-03:00,2026-08-21T23:12:52+00:00,2026-08-21T23:17:52+00:00,-17.5,-17.3125,-17.39583,54,2026-08-21T20:16:01.252132-03:00
923,2026-08-21T20:17:52-03:00,2026-08-21T20:22:52-03:00,2026-08-21T23:17:52+00:00,2026-08-21T23:22:52+00:00,-17.3125,-17.125,-17.23542,60,2026-08-21T20:21:01.724050-03:00
924,2026-08-21T20:22:52-03:00,2026-08-21T20:27:52-03:00,2026-08-21T23:22:52+00:00,2026-08-21T23:27:52+00:00,-17.6875,-17.125,-17.31458,60,2026-08-21T20:26:01.025209-03:00
925,2026-08-21T20:27:52-03:00,2026-08-21T20:32:52-03:00,2026-08-21T23:27:52+00:00,2026-08-21T23:32:52+00:00,-18.75,-17.6875,-18.24167,60,2026-08-21T20:31:00.862058-03:00
926,2026-08-21T20:32:52-03:00,2026-08-21T20:37:53-03:00,2026-08-21T23:32:52+00:00,2026-08-21T23:37:53+00:00,-19.75,-18.8125,-19.26979,60,2026-08-21T20:36:06.672745-03:00
927,2026-08-21T20:37:53-03:00,2026-08-21T20:42:53-03:00,2026-08-21T23:37:53+00:00,2026-08-21T23:42:53+00:00,-20.4375,-19.75,-20.13665,59,2026-08-21T20:41:01.020697-03:00
928,2026-08-21T20:42:53-03:00,2026-08-21T20:47:53-03:00,2026-08-21T23:42:53+00:00,2026-08-21T23:47:53+00:00,-20.5625,-20.4375,-20.50208,60,2026-08-21T20:46:03.946385-03:00
929,2026-08-21T20:47:53-03:00,2026-08-21T20:52:53-03:00,2026-08-21T23:47:53+00:00,2026-08-21T23:52:53+00:00,-20.4375,-20.125,-20.30104,60,2026-08-21T20:51:02.304717-03:00
930,2026-08-21T20:52:53-03:00,2026-08-21T20:57:53-03:00,2026-08-21T23:52:53+00:00,2026-08-21T23:57:53+00:00,-20.125,-19.75,-19.95833,60,2026-08-21T20:56:06.019376-03:00
931,2026-08-21T20:57:53-03:00,2026-08-21T21:02:53-03:00,2026-08-21T23:57:53+00:00,2026-08-22T00:02:53+00:00,-19.75,-19.4375,-19.59534,59,2026-08-21T21:01:05.679892-03:00
932,2026-08-21T21:02:53-03:00,2026-08-21T21:07:53-03:00,2026-08-22T00:02:53+00:00,2026-08-22T00:07:53+00:00,-19.4375,-19.0625,-19.24894,59,2026-08-21T21:06:02.016121-03:00
933,2026-08-21T21:07:53-03:00,2026-08-21T21:12:53-03:00,2026-08-22T00:07:53+00:00,2026-08-22T00:12:53+00:00,-19.125,-18.8125,-18.93646,60,2026-08-21T21:11:01.791727-03:00
934,2026-08-21T21:12:53-03:00,2026-08-21T21:17:53-03:00,2026-08-22T00:12:53+00:00,2026-08-22T00:17:53+00:00,-18.8125,-18.5,-18.65521,60,2026-08-21T21:16:01.948169-03:00
935,2026-08-21T21:17:53-03:00,2026-08-21T21:22:53-03:00,2026-08-22T00:17:53+00:00,2026-08-22T00:22:53+00:00,-18.5,-18.25,-18.40417,60,2026-08-21T21:21:07.410703-03:00
936,2026-08-21T21:22:53-03:00,2026-08-21T21:27:53-03:00,2026-08-22T00:22:53+00:00,2026-08-22T00:27:53+00:00,-18.25,-18.0625,-18.17161,59,2026-08-21T21:26:32.001373-03:00
937,2026-08-21T21:27:53-03:00,2026-08-21T21:32:53-03:00,2026-08-22T00:27:53+00:00,2026-08-22T00:32:53+00:00,-18.0625,-17.875,-17.96186,59,2026-08-21T21:31:01.664676-03:00
938,2026-08-21T21:32:53-03:00,2026-08-21T21:37:54-03:00,2026-08-22T00:32:53+00:00,2026-08-22T00:37:54+00:00,-17.875,-17.6875,-17.77083,60,2026-08-21T21:36:10.733454-03:00
939,2026-08-21T21:37:54-03:00,2026-08-21T21:42:54-03:00,2026-08-22T00:37:54+00:00,2026-08-22T00:42:54+00:00,-17.6875,-17.5,-17.58836,58,2026-08-21T21:41:31.752546-03:00
940,2026-08-21T21:42:54-03:00,2026-08-21T21:47:54-03:00,2026-08-22T00:42:54+00:00,2026-08-22T00:47:54+00:00,-17.5,-17.3125,-17.41949,59,2026-08-21T21:46:07.711738-03:00
941,2026-08-21T21:47:54-03:00,2026-08-21T21:52:54-03:00,2026-08-22T00:47:54+00:00,2026-08-22T00:52:54+00:00,-17.3125,-17.1875,-17.25424,59,2026-08-21T21:51:01.706717-03:00
942,2026-08-21T21:52:54-03:00,2026-08-21T21:57:54-03:00,2026-08-22T00:52:54+00:00,2026-08-22T00:57:54+00:00,-17.1875,-17,-17.10833,60,2026-08-21T21:56:01.822554-03:00
943,2026-08-21T21:57:54-03:00,2026-08-21T22:02:54-03:00,2026-08-22T00:57:54+00:00,2026-08-22T01:02:54+00:00,-17,-16.875,-16.93854,60,2026-08-21T22:01:02.703264-03:00
944,2026-08-21T22:02:54-03:00,2026-08-21T22:07:54-03:00,2026-08-22T01:02:54+00:00,2026-08-22T01:07:54+00:00,-17.6875,-16.875,-17.24063,60,2026-08-21T22:06:01.603510-03:00
945,2026-08-21T22:07:54-03:00,2026-08-21T22:12:54-03:00,2026-08-22T01:07:54+00:00,2026-08-22T01:12:54+00:00,-18.8125,-17.75,-18.25625,60,2026-08-21T22:11:01.716910-03:00
946,2026-08-21T22:12:54-03:00,2026-08-21T22:17:54-03:00,2026-08-22T01:12:54+00:00,2026-08-22T01:17:54+00:00,-19.75,-18.8125,-19.30625,60,2026-08-21T22:16:01.934341-03:00
947,2026-08-21T22:17:54-03:00,2026-08-21T22:22:54-03:00,2026-08-22T01:17:54+00:00,2026-08-22T01:22:54+00:00,-20.5,-19.8125,-20.16875,60,2026-08-21T22:21:01.438770-03:00
948,2026-08-21T22:22:54-03:00,2026-08-21T22:27:54-03:00,2026-08-22T01:22:54+00:00,2026-08-22T01:27:54+00:00,-20.625,-20.5,-20.56146,60,2026-08-21T22:26:01.854245-03:00
949,2026-08-21T22:27:54-03:00,2026-08-21T22:32:54-03:00,2026-08-22T01:27:54+00:00,2026-08-22T01:32:54+00:00,-20.5,-20.125,-20.29271,60,2026-08-21T22:31:01.775688-03:00
950,2026-08-21T22:32:54-03:00,2026-08-21T22:37:54-03:00,2026-08-22T01:32:54+00:00,2026-08-22T01:37:54+00:00,-20.125,-19.6875,-19.89271,60,2026-08-21T22:36:02.494635-03:00
951,2026-08-21T22:37:54-03:00,2026-08-21T22:42:54-03:00,2026-08-22T01:37:54+00:00,2026-08-22T01:42:54+00:00,-19.6875,-19.3125,-19.48958,60,2026-08-21T22:41:02.195984-03:00
952,2026-08-21T22:42:54-03:00,2026-08-21T22:47:54-03:00,2026-08-22T01:42:54+00:00,2026-08-22T01:47:54+00:00,-19.3125,-18.9375,-19.1125,60,2026-08-21T22:46:07.703089-03:00
953,2026-08-21T22:47:54-03:00,2026-08-21T22:52:54-03:00,2026-08-22T01:47:54+00:00,2026-08-22T01:52:54+00:00,-18.9375,-18.625,-18.76589,59,2026-08-21T22:51:03.679277-03:00
954,2026-08-21T22:52:54-03:00,2026-08-21T22:57:54-03:00,2026-08-22T01:52:54+00:00,2026-08-22T01:57:54+00:00,-18.625,-18.3125,-18.46979,60,2026-08-21T22:56:02.211438-03:00
955,2026-08-21T22:57:54-03:00,2026-08-21T23:02:54-03:00,2026-08-22T01:57:54+00:00,2026-08-22T02:02:54+00:00,-18.3125,-18.0625,-18.20313,60,2026-08-21T23:01:31.979682-03:00
956,2026-08-21T23:02:54-03:00,2026-08-21T23:07:54-03:00,2026-08-22T02:02:54+00:00,2026-08-22T02:07:54+00:00,-18.0625,-17.875,-17.95869,59,2026-08-21T23:06:09.213859-03:00
957,2026-08-21T23:07:54-03:00,2026-08-21T23:12:54-03:00,2026-08-22T02:07:54+00:00,2026-08-22T02:12:54+00:00,-17.875,-17.625,-17.74364,59,2026-08-21T23:11:02.031936-03:00
958,2026-08-21T23:12:54-03:00,2026-08-21T23:17:54-03:00,2026-08-22T02:12:54+00:00,2026-08-22T02:17:54+00:00,-17.625,-17.4375,-17.54375,60,2026-08-21T23:16:01.636418-03:00
959,2026-08-21T23:17:54-03:00,2026-08-21T23:22:54-03:00,2026-08-22T02:17:54+00:00,2026-08-22T02:22:54+00:00,-17.4375,-17.25,-17.35729,60,2026-08-21T23:21:01.866872-03:00
960,2026-08-21T23:22:54-03:00,2026-08-21T23:27:54-03:00,2026-08-22T02:22:54+00:00,2026-08-22T02:27:54+00:00,-17.25,-17.125,-17.18229,60,2026-08-21T23:26:02.538437-03:00
961,2026-08-21T23:27:54-03:00,2026-08-21T23:32:54-03:00,2026-08-22T02:27:54+00:00,2026-08-22T02:32:54+00:00,-17.125,-16.9375,-17.01563,60,2026-08-21T23:31:10.228925-03:00
962,2026-08-21T23:32:54-03:00,2026-08-21T23:37:54-03:00,2026-08-22T02:32:54+00:00,2026-08-22T02:37:54+00:00,-16.9375,-16.8125,-16.86422,58,2026-08-21T23:36:02.074454-03:00
963,2026-08-21T23:37:54-03:00,2026-08-21T23:42:54-03:00,2026-08-22T02:37:54+00:00,2026-08-22T02:42:54+00:00,-16.8125,-16.625,-16.71146,60,2026-08-21T23:41:02.216972-03:00
964,2026-08-21T23:42:54-03:00,2026-08-21T23:47:54-03:00,2026-08-22T02:42:54+00:00,2026-08-22T02:47:54+00:00,-16.625,-16.4375,-16.57708,60,2026-08-21T23:46:02.438705-03:00
965,2026-08-21T23:47:54-03:00,2026-08-21T23:52:55-03:00,2026-08-22T02:47:54+00:00,2026-08-22T02:52:55+00:00,-16.9375,-16.4375,-16.57292,60,2026-08-21T23:51:01.541178-03:00
966,2026-08-21T23:52:55-03:00,2026-08-21T23:57:55-03:00,2026-08-22T02:52:55+00:00,2026-08-22T02:57:55+00:00,-18.0625,-16.9375,-17.49271,60,2026-08-21T23:56:01.929155-03:00
967,2026-08-21T23:57:55-03:00,2026-08-22T00:02:55-03:00,2026-08-22T02:57:55+00:00,2026-08-22T03:02:55+00:00,-19.125,-18.0625,-18.60208,60,2026-08-22T00:01:03.136164-03:00
968,2026-08-22T00:02:55-03:00,2026-08-22T00:07:55-03:00,2026-08-22T03:02:55+00:00,2026-08-22T03:07:55+00:00,-19.9375,-19.125,-19.57396,60,2026-08-22T00:06:01.888728-03:00
969,2026-08-22T00:07:55-03:00,2026-08-22T00:12:55-03:00,2026-08-22T03:07:55+00:00,2026-08-22T03:12:55+00:00,-20,-19.875,-19.97708,60,2026-08-22T00:11:01.840222-03:00
970,2026-08-22T00:12:55-03:00,2026-08-22T00:17:55-03:00,2026-08-22T03:12:55+00:00,2026-08-22T03:17:55+00:00,-19.875,-19.5625,-19.72604,60,2026-08-22T00:16:01.957513-03:00
971,2026-08-22T00:17:55-03:00,2026-08-22T00:22:55-03:00,2026-08-22T03:17:55+00:00,2026-08-22T03:22:55+00:00,-19.5625,-19.1875,-19.35417,60,2026-08-22T00:21:02.105240-03:00
972,2026-08-22T00:22:55-03:00,2026-08-22T00:27:55-03:00,2026-08-22T03:22:55+00:00,2026-08-22T03:27:55+00:00,-19.1875,-18.8125,-18.98333,60,2026-08-22T00:26:01.922951-03:00
973,2026-08-22T00:27:55-03:00,2026-08-22T00:32:55-03:00,2026-08-22T03:27:55+00:00,2026-08-22T03:32:55+00:00,-18.8125,-18.5,-18.63437,60,2026-08-22T00:31:01.774952-03:00
974,2026-08-22T00:32:55-03:00,2026-08-22T00:37:55-03:00,2026-08-22T03:32:55+00:00,2026-08-22T03:37:55+00:00,-18.4375,-18.1875,-18.31354,60,2026-08-22T00:36:02.128137-03:00
975,2026-08-22T00:37:55-03:00,2026-08-22T00:42:55-03:00,2026-08-22T03:37:55+00:00,2026-08-22T03:42:55+00:00,-18.1875,-17.875,-18.03229,60,2026-08-22T00:41:01.941427-03:00
976,2026-08-22T00:42:55-03:00,2026-08-22T00:47:55-03:00,2026-08-22T03:42:55+00:00,2026-08-22T03:47:55+00:00,-17.875,-17.6875,-17.78333,60,2026-08-22T00:46:02.648263-03:00
977,2026-08-22T00:47:55-03:00,2026-08-22T00:52:55-03:00,2026-08-22T03:47:55+00:00,2026-08-22T03:52:55+00:00,-17.6875,-17.4375,-17.56146,60,2026-08-22T00:51:04.060073-03:00
978,2026-08-22T00:52:55-03:00,2026-08-22T00:57:55-03:00,2026-08-22T03:52:55+00:00,2026-08-22T03:57:55+00:00,-17.4375,-17.25,-17.35938,60,2026-08-22T00:56:02.292688-03:00
979,2026-08-22T00:57:55-03:00,2026-08-22T01:02:55-03:00,2026-08-22T03:57:55+00:00,2026-08-22T04:02:55+00:00,-17.25,-17.0625,-17.17396,60,2026-08-22T01:01:23.258861-03:00
980,2026-08-22T01:02:55-03:00,2026-08-22T01:07:55-03:00,2026-08-22T04:02:55+00:00,2026-08-22T04:07:55+00:00,-17.0625,-16.9375,-16.99553,56,2026-08-22T01:06:02.117200-03:00
981,2026-08-22T01:07:55-03:00,2026-08-22T01:12:55-03:00,2026-08-22T04:07:55+00:00,2026-08-22T04:12:55+00:00,-16.9375,-16.75,-16.83229,60,2026-08-22T01:11:02.205075-03:00
982,2026-08-22T01:12:55-03:00,2026-08-22T01:17:55-03:00,2026-08-22T04:12:55+00:00,2026-08-22T04:17:55+00:00,-16.75,-16.625,-16.675,60,2026-08-22T01:16:02.333923-03:00
983,2026-08-22T01:17:55-03:00,2026-08-22T01:22:55-03:00,2026-08-22T04:17:55+00:00,2026-08-22T04:22:55+00:00,-16.625,-16.4375,-16.5375,60,2026-08-22T01:21:01.924872-03:00
984,2026-08-22T01:22:55-03:00,2026-08-22T01:27:55-03:00,2026-08-22T04:22:55+00:00,2026-08-22T04:27:55+00:00,-16.4375,-16.3125,-16.39583,60,2026-08-22T01:26:09.639530-03:00
985,2026-08-22T01:27:55-03:00,2026-08-22T01:32:55-03:00,2026-08-22T04:27:55+00:00,2026-08-22T04:32:55+00:00,-16.3125,-16.1875,-16.26059,59,2026-08-22T01:31:02.485734-03:00
986,2026-08-22T01:32:55-03:00,2026-08-22T01:37:55-03:00,2026-08-22T04:32:55+00:00,2026-08-22T04:37:55+00:00,-16.1875,-16.0625,-16.12812,60,2026-08-22T01:36:11.210699-03:00
987,2026-08-22T01:37:55-03:00,2026-08-22T01:42:55-03:00,2026-08-22T04:37:55+00:00,2026-08-22T04:42:55+00:00,-16.75,-16.0625,-16.31034,58,2026-08-22T01:41:02.502487-03:00
988,2026-08-22T01:42:55-03:00,2026-08-22T01:47:55-03:00,2026-08-22T04:42:55+00:00,2026-08-22T04:47:55+00:00,-17.9375,-16.75,-17.34479,60,2026-08-22T01:46:04.374287-03:00
989,2026-08-22T01:47:55-03:00,2026-08-22T01:52:56-03:00,2026-08-22T04:47:55+00:00,2026-08-22T04:52:56+00:00,-19,-17.9375,-18.49792,60,2026-08-22T01:51:02.292151-03:00
990,2026-08-22T01:52:56-03:00,2026-08-22T01:57:56-03:00,2026-08-22T04:52:56+00:00,2026-08-22T04:57:56+00:00,-19.625,-19,-19.41562,60,2026-08-22T01:56:02.249571-03:00
991,2026-08-22T01:57:56-03:00,2026-08-22T02:02:56-03:00,2026-08-22T04:57:56+00:00,2026-08-22T05:02:56+00:00,-19.625,-19.4375,-19.55625,60,2026-08-22T02:01:02.430174-03:00
992,2026-08-22T02:02:56-03:00,2026-08-22T02:07:56-03:00,2026-08-22T05:02:56+00:00,2026-08-22T05:07:56+00:00,-19.4375,-19.0625,-19.24479,60,2026-08-22T02:06:02.027691-03:00
993,2026-08-22T02:07:56-03:00,2026-08-22T02:12:56-03:00,2026-08-22T05:07:56+00:00,2026-08-22T05:12:56+00:00,-19.0625,-18.6875,-18.87708,60,2026-08-22T02:11:04.899264-03:00
994,2026-08-22T02:12:56-03:00,2026-08-22T02:17:56-03:00,2026-08-22T05:12:56+00:00,2026-08-22T05:17:56+00:00,-18.6875,-18.375,-18.52188,60,2026-08-22T02:16:02.030934-03:00
995,2026-08-22T02:17:56-03:00,2026-08-22T02:22:56-03:00,2026-08-22T05:17:56+00:00,2026-08-22T05:22:56+00:00,-18.375,-18.0625,-18.19167,60,2026-08-22T02:21:08.528836-03:00
996,2026-08-22T02:22:56-03:00,2026-08-22T02:27:56-03:00,2026-08-22T05:22:56+00:00,2026-08-22T05:27:56+00:00,-18.0625,-17.75,-17.89089,59,2026-08-22T02:26:09.914332-03:00
997,2026-08-22T02:27:56-03:00,2026-08-22T02:32:56-03:00,2026-08-22T05:27:56+00:00,2026-08-22T05:32:56+00:00,-17.75,-17.5,-17.625,59,2026-08-22T02:31:18.681643-03:00
998,2026-08-22T02:32:56-03:00,2026-08-22T02:37:56-03:00,2026-08-22T05:32:56+00:00,2026-08-22T05:37:56+00:00,-17.5,-17.3125,-17.39145,57,2026-08-22T02:36:03.040122-03:00
999,2026-08-22T02:37:56-03:00,2026-08-22T02:42:56-03:00,2026-08-22T05:37:56+00:00,2026-08-22T05:42:56+00:00,-17.3125,-17.125,-17.19479,60,2026-08-22T02:41:02.511603-03:00
1000,2026-08-22T02:42:56-03:00,2026-08-22T02:47:56-03:00,2026-08-22T05:42:56+00:00,2026-08-22T05:47:56+00:00,-17.125,-16.9375,-17.00208,60,2026-08-22T02:46:02.964963-03:00
1001,2026-08-22T02:47:56-03:00,2026-08-22T02:52:56-03:00,2026-08-22T05:47:56+00:00,2026-08-22T05:52:56+00:00,-16.9375,-16.75,-16.825,60,2026-08-22T02:51:02.226439-03:00
1002,2026-08-22T02:52:56-03:00,2026-08-22T02:57:56-03:00,2026-08-22T05:52:56+00:00,2026-08-22T05:57:56+00:00,-16.75,-16.625,-16.66562,60,2026-08-22T02:56:02.677291-03:00
1003,2026-08-22T02:57:56-03:00,2026-08-22T03:02:56-03:00,2026-08-22T05:57:56+00:00,2026-08-22T06:02:56+00:00,-16.625,-16.4375,-16.51458,60,2026-08-22T03:01:02.466217-03:00
1004,2026-08-22T03:02:56-03:00,2026-08-22T03:07:56-03:00,2026-08-22T06:02:56+00:00,2026-08-22T06:07:56+00:00,-16.4375,-16.3125,-16.36979,60,2026-08-22T03:06:02.841484-03:00
1005,2026-08-22T03:07:56-03:00,2026-08-22T03:12:56-03:00,2026-08-22T06:07:56+00:00,2026-08-22T06:12:56+00:00,-16.3125,-16.1875,-16.23229,60,2026-08-22T03:11:02.505940-03:00
1006,2026-08-22T03:12:56-03:00,2026-08-22T03:17:56-03:00,2026-08-22T06:12:56+00:00,2026-08-22T06:17:56+00:00,-16.1875,-16.0625,-16.10208,60,2026-08-22T03:16:02.335639-03:00
1007,2026-08-22T03:17:56-03:00,2026-08-22T03:22:56-03:00,2026-08-22T06:17:56+00:00,2026-08-22T06:22:56+00:00,-16.0625,-15.9375,-15.97188,60,2026-08-22T03:21:02.680322-03:00
1008,2026-08-22T03:22:56-03:00,2026-08-22T03:27:56-03:00,2026-08-22T06:22:56+00:00,2026-08-22T06:27:56+00:00,-15.9375,-15.8125,-15.85312,60,2026-08-22T03:26:02.693401-03:00
1009,2026-08-22T03:27:56-03:00,2026-08-22T03:32:56-03:00,2026-08-22T06:27:56+00:00,2026-08-22T06:32:56+00:00,-15.8125,-15.625,-15.73542,60,2026-08-22T03:31:03.419832-03:00
1010,2026-08-22T03:32:56-03:00,2026-08-22T03:37:56-03:00,2026-08-22T06:32:56+00:00,2026-08-22T06:37:56+00:00,-16.125,-15.625,-15.77604,60,2026-08-22T03:36:02.676211-03:00
1011,2026-08-22T03:37:56-03:00,2026-08-22T03:42:57-03:00,2026-08-22T06:37:56+00:00,2026-08-22T06:42:57+00:00,-17.3125,-16.125,-16.7125,60,2026-08-22T03:41:02.904858-03:00
1012,2026-08-22T03:42:57-03:00,2026-08-22T03:47:57-03:00,2026-08-22T06:42:57+00:00,2026-08-22T06:47:57+00:00,-18.4375,-17.3125,-17.9125,60,2026-08-22T03:46:02.246389-03:00
1013,2026-08-22T03:47:57-03:00,2026-08-22T03:52:57-03:00,2026-08-22T06:47:57+00:00,2026-08-22T06:52:57+00:00,-19.1875,-18.5,-18.90833,60,2026-08-22T03:51:02.807123-03:00
1014,2026-08-22T03:52:57-03:00,2026-08-22T03:57:57-03:00,2026-08-22T06:52:57+00:00,2026-08-22T06:57:57+00:00,-19.1875,-19,-19.12188,60,2026-08-22T03:56:02.795179-03:00
1015,2026-08-22T03:57:57-03:00,2026-08-22T04:02:57-03:00,2026-08-22T06:57:57+00:00,2026-08-22T07:02:57+00:00,-19,-18.6875,-18.83542,60,2026-08-22T04:01:02.680145-03:00
1016,2026-08-22T04:02:57-03:00,2026-08-22T04:07:57-03:00,2026-08-22T07:02:57+00:00,2026-08-22T07:07:57+00:00,-18.625,-18.3125,-18.48021,60,2026-08-22T04:06:03.105948-03:00
1017,2026-08-22T04:07:57-03:00,2026-08-22T04:12:57-03:00,2026-08-22T07:07:57+00:00,2026-08-22T07:12:57+00:00,-18.3125,-18,-18.14271,60,2026-08-22T04:11:02.554223-03:00
1018,2026-08-22T04:12:57-03:00,2026-08-22T04:17:57-03:00,2026-08-22T07:12:57+00:00,2026-08-22T07:17:57+00:00,-18,-17.6875,-17.82292,60,2026-08-22T04:16:04.937447-03:00
1019,2026-08-22T04:17:57-03:00,2026-08-22T04:22:57-03:00,2026-08-22T07:17:57+00:00,2026-08-22T07:22:57+00:00,-17.6875,-17.4375,-17.54167,60,2026-08-22T04:21:02.591605-03:00
1020,2026-08-22T04:22:57-03:00,2026-08-22T04:27:57-03:00,2026-08-22T07:22:57+00:00,2026-08-22T07:27:57+00:00,-17.375,-17.1875,-17.28125,60,2026-08-22T04:26:02.945853-03:00
1021,2026-08-22T04:27:57-03:00,2026-08-22T04:32:57-03:00,2026-08-22T07:27:57+00:00,2026-08-22T07:32:57+00:00,-17.1875,-16.9375,-17.05521,60,2026-08-22T04:31:02.531920-03:00
1022,2026-08-22T04:32:57-03:00,2026-08-22T04:37:57-03:00,2026-08-22T07:32:57+00:00,2026-08-22T07:37:57+00:00,-16.9375,-16.75,-16.85521,60,2026-08-22T04:36:02.708882-03:00
1023,2026-08-22T04:37:57-03:00,2026-08-22T04:42:57-03:00,2026-08-22T07:37:57+00:00,2026-08-22T07:42:57+00:00,-16.75,-16.5625,-16.67188,60,2026-08-22T04:41:02.945240-03:00
1024,2026-08-22T04:42:57-03:00,2026-08-22T04:47:57-03:00,2026-08-22T07:42:57+00:00,2026-08-22T07:47:57+00:00,-16.625,-16.4375,-16.5125,60,2026-08-22T04:46:02.875458-03:00
1025,2026-08-22T04:47:57-03:00,2026-08-22T04:52:57-03:00,2026-08-22T07:47:57+00:00,2026-08-22T07:52:57+00:00,-16.4375,-16.25,-16.35729,60,2026-08-22T04:51:02.719276-03:00
1026,2026-08-22T04:52:57-03:00,2026-08-22T04:57:57-03:00,2026-08-22T07:52:57+00:00,2026-08-22T07:57:57+00:00,-16.25,-16.125,-16.20313,60,2026-08-22T04:56:02.818450-03:00
1027,2026-08-22T04:57:57-03:00,2026-08-22T05:02:57-03:00,2026-08-22T07:57:57+00:00,2026-08-22T08:02:57+00:00,-16.125,-16,-16.07396,60,2026-08-22T05:01:05.459337-03:00
1028,2026-08-22T05:02:57-03:00,2026-08-22T05:07:57-03:00,2026-08-22T08:02:57+00:00,2026-08-22T08:07:57+00:00,-16,-15.875,-15.94479,60,2026-08-22T05:06:03.185448-03:00
1029,2026-08-22T05:07:57-03:00,2026-08-22T05:12:57-03:00,2026-08-22T08:07:57+00:00,2026-08-22T08:12:57+00:00,-15.875,-15.75,-15.82083,60,2026-08-22T05:11:03.348522-03:00
1030,2026-08-22T05:12:57-03:00,2026-08-22T05:17:57-03:00,2026-08-22T08:12:57+00:00,2026-08-22T08:17:57+00:00,-15.75,-15.625,-15.70417,60,2026-08-22T05:16:03.396469-03:00
1031,2026-08-22T05:17:57-03:00,2026-08-22T05:22:57-03:00,2026-08-22T08:17:57+00:00,2026-08-22T08:22:57+00:00,-15.625,-15.5625,-15.59167,60,2026-08-22T05:21:03.259103-03:00
1032,2026-08-22T05:22:57-03:00,2026-08-22T05:27:57-03:00,2026-08-22T08:22:57+00:00,2026-08-22T08:27:57+00:00,-15.5625,-15.4375,-15.47917,60,2026-08-22T05:26:03.198530-03:00
1033,2026-08-22T05:27:57-03:00,2026-08-22T05:32:58-03:00,2026-08-22T08:27:57+00:00,2026-08-22T08:32:58+00:00,-15.4375,-15.3125,-15.37813,60,2026-08-22T05:31:03.289378-03:00
1034,2026-08-22T05:32:58-03:00,2026-08-22T05:37:58-03:00,2026-08-22T08:32:58+00:00,2026-08-22T08:37:58+00:00,-15.3125,-15.25,-15.27812,60,2026-08-22T05:36:02.840837-03:00
1035,2026-08-22T05:37:58-03:00,2026-08-22T05:42:58-03:00,2026-08-22T08:37:58+00:00,2026-08-22T08:42:58+00:00,-15.25,-15.125,-15.16979,60,2026-08-22T05:41:03.527039-03:00
1036,2026-08-22T05:42:58-03:00,2026-08-22T05:47:58-03:00,2026-08-22T08:42:58+00:00,2026-08-22T08:47:58+00:00,-15.125,-15,-15.06354,60,2026-08-22T05:46:03.246326-03:00
1037,2026-08-22T05:47:58-03:00,2026-08-22T05:52:58-03:00,2026-08-22T08:47:58+00:00,2026-08-22T08:52:58+00:00,-15.875,-15,-15.38125,60,2026-08-22T05:51:03.142408-03:00
1038,2026-08-22T05:52:58-03:00,2026-08-22T05:57:58-03:00,2026-08-22T08:52:58+00:00,2026-08-22T08:57:58+00:00,-17.125,-15.9375,-16.53854,60,2026-08-22T05:56:02.840561-03:00
1039,2026-08-22T05:57:58-03:00,2026-08-22T06:02:58-03:00,2026-08-22T08:57:58+00:00,2026-08-22T09:02:58+00:00,-18.25,-17.1875,-17.72187,60,2026-08-22T06:01:03.278305-03:00
1040,2026-08-22T06:02:58-03:00,2026-08-22T06:07:58-03:00,2026-08-22T09:02:58+00:00,2026-08-22T09:07:58+00:00,-18.5625,-18.25,-18.49792,60,2026-08-22T06:06:03.405688-03:00
1041,2026-08-22T06:07:58-03:00,2026-08-22T06:12:58-03:00,2026-08-22T09:07:58+00:00,2026-08-22T09:12:58+00:00,-18.5,-18.25,-18.39479,60,2026-08-22T06:11:03.750205-03:00
1042,2026-08-22T06:12:58-03:00,2026-08-22T06:17:58-03:00,2026-08-22T09:12:58+00:00,2026-08-22T09:17:58+00:00,-18.25,-17.9375,-18.07604,60,2026-08-22T06:16:03.301187-03:00
1043,2026-08-22T06:17:58-03:00,2026-08-22T06:22:58-03:00,2026-08-22T09:17:58+00:00,2026-08-22T09:22:58+00:00,-17.875,-17.5625,-17.74271,60,2026-08-22T06:21:03.046769-03:00
1044,2026-08-22T06:22:58-03:00,2026-08-22T06:27:58-03:00,2026-08-22T09:22:58+00:00,2026-08-22T09:27:58+00:00,-17.5625,-17.25,-17.42917,60,2026-08-22T06:26:03.210550-03:00
1045,2026-08-22T06:27:58-03:00,2026-08-22T06:32:58-03:00,2026-08-22T09:27:58+00:00,2026-08-22T09:32:58+00:00,-17.3125,-17,-17.13958,60,2026-08-22T06:31:03.234778-03:00
1046,2026-08-22T06:32:58-03:00,2026-08-22T06:37:58-03:00,2026-08-22T09:32:58+00:00,2026-08-22T09:37:58+00:00,-17,-16.75,-16.88125,60,2026-08-22T06:36:03.600618-03:00
1047,2026-08-22T06:37:58-03:00,2026-08-22T06:42:58-03:00,2026-08-22T09:37:58+00:00,2026-08-22T09:42:58+00:00,-16.75,-16.5625,-16.65,60,2026-08-22T06:41:03.087396-03:00
1048,2026-08-22T06:42:58-03:00,2026-08-22T06:47:58-03:00,2026-08-22T09:42:58+00:00,2026-08-22T09:47:58+00:00,-16.5625,-16.375,-16.45,60,2026-08-22T06:46:03.601838-03:00
1049,2026-08-22T06:47:58-03:00,2026-08-22T06:52:58-03:00,2026-08-22T09:47:58+00:00,2026-08-22T09:52:58+00:00,-16.375,-16.1875,-16.26042,60,2026-08-22T06:51:03.196919-03:00
1050,2026-08-22T06:52:58-03:00,2026-08-22T06:57:58-03:00,2026-08-22T09:52:58+00:00,2026-08-22T09:57:58+00:00,-16.1875,-16,-16.1,60,2026-08-22T06:56:03.312454-03:00
1051,2026-08-22T06:57:58-03:00,2026-08-22T07:02:58-03:00,2026-08-22T09:57:58+00:00,2026-08-22T10:02:58+00:00,-16,-15.875,-15.94271,60,2026-08-22T07:01:03.336824-03:00
1052,2026-08-22T07:02:58-03:00,2026-08-22T07:07:58-03:00,2026-08-22T10:02:58+00:00,2026-08-22T10:07:58+00:00,-15.875,-15.75,-15.80313,60,2026-08-22T07:06:02.948804-03:00
1053,2026-08-22T07:07:58-03:00,2026-08-22T07:12:58-03:00,2026-08-22T10:07:58+00:00,2026-08-22T10:12:58+00:00,-15.75,-15.625,-15.67083,60,2026-08-22T07:11:03.322957-03:00
1054,2026-08-22T07:12:58-03:00,2026-08-22T07:17:58-03:00,2026-08-22T10:12:58+00:00,2026-08-22T10:17:58+00:00,-15.625,-15.5,-15.54167,60,2026-08-22T07:16:03.701695-03:00
1055,2026-08-22T07:17:58-03:00,2026-08-22T07:22:58-03:00,2026-08-22T10:17:58+00:00,2026-08-22T10:22:58+00:00,-15.5,-15.375,-15.42292,60,2026-08-22T07:21:03.281401-03:00
1056,2026-08-22T07:22:58-03:00,2026-08-22T07:27:58-03:00,2026-08-22T10:22:58+00:00,2026-08-22T10:27:58+00:00,-15.375,-15.25,-15.31042,60,2026-08-22T07:26:03.652459-03:00
1057,2026-08-22T07:27:58-03:00,2026-08-22T07:32:58-03:00,2026-08-22T10:27:58+00:00,2026-08-22T10:32:58+00:00,-15.25,-15.125,-15.19896,60,2026-08-22T07:31:03.029242-03:00
1058,2026-08-22T07:32:58-03:00,2026-08-22T07:37:58-03:00,2026-08-22T10:32:58+00:00,2026-08-22T10:37:58+00:00,-15.125,-15.0625,-15.09792,60,2026-08-22T07:36:03.410443-03:00
1059,2026-08-22T07:37:58-03:00,2026-08-22T07:42:58-03:00,2026-08-22T10:37:58+00:00,2026-08-22T10:42:58+00:00,-15.0625,-14.9375,-14.99792,60,2026-08-22T07:41:03.223634-03:00
1060,2026-08-22T07:42:58-03:00,2026-08-22T07:47:58-03:00,2026-08-22T10:42:58+00:00,2026-08-22T10:47:58+00:00,-14.9375,-14.875,-14.90312,60,2026-08-22T07:46:03.938455-03:00
1061,2026-08-22T07:47:58-03:00,2026-08-22T07:52:58-03:00,2026-08-22T10:47:58+00:00,2026-08-22T10:52:58+00:00,-14.875,-14.75,-14.80729,60,2026-08-22T07:51:03.401719-03:00
1062,2026-08-22T07:52:58-03:00,2026-08-22T07:57:59-03:00,2026-08-22T10:52:58+00:00,2026-08-22T10:57:59+00:00,-14.75,-14.6875,-14.71354,60,2026-08-22T07:56:12.626430-03:00
1063,2026-08-22T07:57:59-03:00,2026-08-22T08:02:59-03:00,2026-08-22T10:57:59+00:00,2026-08-22T11:02:59+00:00,-14.6875,-14.5625,-14.62931,58,2026-08-22T08:01:03.478431-03:00
1064,2026-08-22T08:02:59-03:00,2026-08-22T08:07:59-03:00,2026-08-22T11:02:59+00:00,2026-08-22T11:07:59+00:00,-14.5625,-14.5,-14.5375,60,2026-08-22T08:06:03.615243-03:00
1065,2026-08-22T08:07:59-03:00,2026-08-22T08:12:59-03:00,2026-08-22T11:07:59+00:00,2026-08-22T11:12:59+00:00,-14.5,-14.4375,-14.45521,60,2026-08-22T08:11:03.250888-03:00
1066,2026-08-22T08:12:59-03:00,2026-08-22T08:17:59-03:00,2026-08-22T11:12:59+00:00,2026-08-22T11:17:59+00:00,-14.625,-14.3125,-14.40729,60,2026-08-22T08:16:03.611481-03:00
1067,2026-08-22T08:17:59-03:00,2026-08-22T08:22:59-03:00,2026-08-22T11:17:59+00:00,2026-08-22T11:22:59+00:00,-15.75,-14.625,-15.14583,60,2026-08-22T08:21:03.399041-03:00
1068,2026-08-22T08:22:59-03:00,2026-08-22T08:27:59-03:00,2026-08-22T11:22:59+00:00,2026-08-22T11:27:59+00:00,-17.0625,-15.75,-16.43958,60,2026-08-22T08:26:03.444091-03:00
1069,2026-08-22T08:27:59-03:00,2026-08-22T08:32:59-03:00,2026-08-22T11:27:59+00:00,2026-08-22T11:32:59+00:00,-17.875,-17.0625,-17.57396,60,2026-08-22T08:31:03.355220-03:00
1070,2026-08-22T08:32:59-03:00,2026-08-22T08:37:59-03:00,2026-08-22T11:32:59+00:00,2026-08-22T11:37:59+00:00,-17.875,-17.6875,-17.79167,60,2026-08-22T08:36:03.364434-03:00
1071,2026-08-22T08:37:59-03:00,2026-08-22T08:42:59-03:00,2026-08-22T11:37:59+00:00,2026-08-22T11:42:59+00:00,-17.6875,-17.375,-17.525,60,2026-08-22T08:41:03.827766-03:00
1072,2026-08-22T08:42:59-03:00,2026-08-22T08:47:59-03:00,2026-08-22T11:42:59+00:00,2026-08-22T11:47:59+00:00,-17.375,-17.0625,-17.20833,60,2026-08-22T08:46:03.568454-03:00
1073,2026-08-22T08:47:59-03:00,2026-08-22T08:52:59-03:00,2026-08-22T11:47:59+00:00,2026-08-22T11:52:59+00:00,-17.0625,-16.75,-16.9,60,2026-08-22T08:51:03.344727-03:00
1074,2026-08-22T08:52:59-03:00,2026-08-22T08:57:59-03:00,2026-08-22T11:52:59+00:00,2026-08-22T11:57:59+00:00,-16.75,-16.5,-16.61563,60,2026-08-22T08:56:03.562768-03:00
1075,2026-08-22T08:57:59-03:00,2026-08-22T09:02:59-03:00,2026-08-22T11:57:59+00:00,2026-08-22T12:02:59+00:00,-16.5,-16.25,-16.35625,60,2026-08-22T09:01:04.352475-03:00
1076,2026-08-22T09:02:59-03:00,2026-08-22T09:07:59-03:00,2026-08-22T12:02:59+00:00,2026-08-22T12:07:59+00:00,-16.25,-16,-16.125,60,2026-08-22T09:06:03.547353-03:00
1077,2026-08-22T09:07:59-03:00,2026-08-22T09:12:59-03:00,2026-08-22T12:07:59+00:00,2026-08-22T12:12:59+00:00,-16,-15.8125,-15.91667,60,2026-08-22T09:11:03.375450-03:00
1078,2026-08-22T09:12:59-03:00,2026-08-22T09:17:59-03:00,2026-08-22T12:12:59+00:00,2026-08-22T12:17:59+00:00,-15.8125,-15.625,-15.73646,60,2026-08-22T09:16:03.474460-03:00
1079,2026-08-22T09:17:59-03:00,2026-08-22T09:22:59-03:00,2026-08-22T12:17:59+00:00,2026-08-22T12:22:59+00:00,-15.625,-15.5,-15.56667,60,2026-08-22T09:21:03.185074-03:00
1080,2026-08-22T09:22:59-03:00,2026-08-22T09:27:59-03:00,2026-08-22T12:22:59+00:00,2026-08-22T12:27:59+00:00,-15.5,-15.3125,-15.42083,60,2026-08-22T09:26:04.001418-03:00
1081,2026-08-22T09:27:59-03:00,2026-08-22T09:32:59-03:00,2026-08-22T12:27:59+00:00,2026-08-22T12:32:59+00:00,-15.375,-15.1875,-15.28333,60,2026-08-22T09:31:03.251392-03:00
1082,2026-08-22T09:32:59-03:00,2026-08-22T09:37:59-03:00,2026-08-22T12:32:59+00:00,2026-08-22T12:37:59+00:00,-15.1875,-15.0625,-15.15312,60,2026-08-22T09:36:03.305924-03:00
1083,2026-08-22T09:37:59-03:00,2026-08-22T09:42:59-03:00,2026-08-22T12:37:59+00:00,2026-08-22T12:42:59+00:00,-15.125,-15,-15.03229,60,2026-08-22T09:41:03.161218-03:00
1084,2026-08-22T09:42:59-03:00,2026-08-22T09:47:59-03:00,2026-08-22T12:42:59+00:00,2026-08-22T12:47:59+00:00,-15,-14.8125,-14.90104,60,2026-08-22T09:46:03.664285-03:00
1085,2026-08-22T09:47:59-03:00,2026-08-22T09:52:59-03:00,2026-08-22T12:47:59+00:00,2026-08-22T12:52:59+00:00,-14.8125,-14.6875,-14.75417,60,2026-08-22T09:51:03.753926-03:00
1086,2026-08-22T09:52:59-03:00,2026-08-22T09:57:59-03:00,2026-08-22T12:52:59+00:00,2026-08-22T12:57:59+00:00,-14.6875,-14.5625,-14.61771,60,2026-08-22T09:56:07.154781-03:00
1087,2026-08-22T09:57:59-03:00,2026-08-22T10:02:59-03:00,2026-08-22T12:57:59+00:00,2026-08-22T13:02:59+00:00,-14.5625,-14.4375,-14.48729,59,2026-08-22T10:01:04.008922-03:00
1088,2026-08-22T10:02:59-03:00,2026-08-22T10:07:59-03:00,2026-08-22T13:02:59+00:00,2026-08-22T13:07:59+00:00,-14.4375,-14.3125,-14.37083,60,2026-08-22T10:06:03.721054-03:00
1089,2026-08-22T10:07:59-03:00,2026-08-22T10:12:59-03:00,2026-08-22T13:07:59+00:00,2026-08-22T13:12:59+00:00,-14.3125,-14.1875,-14.25521,60,2026-08-22T10:11:03.316632-03:00
1090,2026-08-22T10:12:59-03:00,2026-08-22T10:18:00-03:00,2026-08-22T13:12:59+00:00,2026-08-22T13:18:00+00:00,-14.1875,-14.0625,-14.15,60,2026-08-22T10:16:03.574893-03:00
1091,2026-08-22T10:18:00-03:00,2026-08-22T10:23:00-03:00,2026-08-22T13:18:00+00:00,2026-08-22T13:23:00+00:00,-14.125,-14,-14.04062,60,2026-08-22T10:21:03.616812-03:00
1092,2026-08-22T10:23:00-03:00,2026-08-22T10:28:00-03:00,2026-08-22T13:23:00+00:00,2026-08-22T13:28:00+00:00,-14,-13.875,-13.95104,60,2026-08-22T10:26:03.701203-03:00
1093,2026-08-22T10:28:00-03:00,2026-08-22T10:33:00-03:00,2026-08-22T13:28:00+00:00,2026-08-22T13:33:00+00:00,-13.875,-13.8125,-13.84896,60,2026-08-22T10:31:03.382834-03:00
1094,2026-08-22T10:33:00-03:00,2026-08-22T10:38:00-03:00,2026-08-22T13:33:00+00:00,2026-08-22T13:38:00+00:00,-13.8125,-13.6875,-13.75833,60,2026-08-22T10:36:04.123124-03:00
1095,2026-08-22T10:38:00-03:00,2026-08-22T10:43:00-03:00,2026-08-22T13:38:00+00:00,2026-08-22T13:43:00+00:00,-13.6875,-13.625,-13.66562,60,2026-08-22T10:41:03.820196-03:00
1096,2026-08-22T10:43:00-03:00,2026-08-22T10:48:00-03:00,2026-08-22T13:43:00+00:00,2026-08-22T13:48:00+00:00,-13.625,-13.5,-13.58125,60,2026-08-22T10:46:05.865890-03:00
1097,2026-08-22T10:48:00-03:00,2026-08-22T10:53:00-03:00,2026-08-22T13:48:00+00:00,2026-08-22T13:53:00+00:00,-13.5625,-13.4375,-13.48854,60,2026-08-22T10:51:03.602166-03:00
1098,2026-08-22T10:53:00-03:00,2026-08-22T10:58:00-03:00,2026-08-22T13:53:00+00:00,2026-08-22T13:58:00+00:00,-13.4375,-13.375,-13.40417,60,2026-08-22T10:56:03.775252-03:00
1099,2026-08-22T10:58:00-03:00,2026-08-22T11:03:00-03:00,2026-08-22T13:58:00+00:00,2026-08-22T14:03:00+00:00,-13.375,-13.25,-13.32396,60,2026-08-22T11:01:03.800247-03:00
1100,2026-08-22T11:03:00-03:00,2026-08-22T11:08:00-03:00,2026-08-22T14:03:00+00:00,2026-08-22T14:08:00+00:00,-13.75,-13.25,-13.37604,60,2026-08-22T11:06:04.036485-03:00
1101,2026-08-22T11:08:00-03:00,2026-08-22T11:13:00-03:00,2026-08-22T14:08:00+00:00,2026-08-22T14:13:00+00:00,-15,-13.75,-14.35833,60,2026-08-22T11:11:03.907896-03:00
1102,2026-08-22T11:13:00-03:00,2026-08-22T11:18:00-03:00,2026-08-22T14:13:00+00:00,2026-08-22T14:18:00+00:00,-16.25,-15.0625,-15.65625,60,2026-08-22T11:16:03.913341-03:00
1103,2026-08-22T11:18:00-03:00,2026-08-22T11:23:00-03:00,2026-08-22T14:18:00+00:00,2026-08-22T14:23:00+00:00,-17.25,-16.25,-16.81354,60,2026-08-22T11:21:03.726189-03:00
1104,2026-08-22T11:23:00-03:00,2026-08-22T11:28:00-03:00,2026-08-22T14:23:00+00:00,2026-08-22T14:28:00+00:00,-17.3125,-17.1875,-17.27813,60,2026-08-22T11:26:04.145891-03:00
1105,2026-08-22T11:28:00-03:00,2026-08-22T11:33:00-03:00,2026-08-22T14:28:00+00:00,2026-08-22T14:33:00+00:00,-17.1875,-16.875,-17.04062,60,2026-08-22T11:31:03.544105-03:00
1106,2026-08-22T11:33:00-03:00,2026-08-22T11:38:00-03:00,2026-08-22T14:33:00+00:00,2026-08-22T14:38:00+00:00,-16.875,-16.5625,-16.70313,60,2026-08-22T11:36:03.824562-03:00
1107,2026-08-22T11:38:00-03:00,2026-08-22T11:43:00-03:00,2026-08-22T14:38:00+00:00,2026-08-22T14:43:00+00:00,-16.5625,-16.25,-16.37708,60,2026-08-22T11:41:03.648992-03:00
1108,2026-08-22T11:43:00-03:00,2026-08-22T11:48:00-03:00,2026-08-22T14:43:00+00:00,2026-08-22T14:48:00+00:00,-16.25,-15.9375,-16.07813,60,2026-08-22T11:46:04.044308-03:00
1109,2026-08-22T11:48:00-03:00,2026-08-22T11:53:00-03:00,2026-08-22T14:48:00+00:00,2026-08-22T14:53:00+00:00,-15.9375,-15.6875,-15.80729,60,2026-08-22T11:51:03.969221-03:00
1110,2026-08-22T11:53:00-03:00,2026-08-22T11:58:00-03:00,2026-08-22T14:53:00+00:00,2026-08-22T14:58:00+00:00,-15.6875,-15.4375,-15.55417,60,2026-08-22T11:56:03.963359-03:00
1111,2026-08-22T11:58:00-03:00,2026-08-22T12:03:00-03:00,2026-08-22T14:58:00+00:00,2026-08-22T15:03:00+00:00,-15.4375,-15.25,-15.33542,60,2026-08-22T12:01:03.775303-03:00
1112,2026-08-22T12:03:00-03:00,2026-08-22T12:08:00-03:00,2026-08-22T15:03:00+00:00,2026-08-22T15:08:00+00:00,-15.25,-15.0625,-15.13958,60,2026-08-22T12:06:05.971664-03:00
1113,2026-08-22T12:08:00-03:00,2026-08-22T12:13:00-03:00,2026-08-22T15:08:00+00:00,2026-08-22T15:13:00+00:00,-15.0625,-14.875,-14.96458,60,2026-08-22T12:11:03.965756-03:00
1114,2026-08-22T12:13:00-03:00,2026-08-22T12:18:00-03:00,2026-08-22T15:13:00+00:00,2026-08-22T15:18:00+00:00,-14.875,-14.75,-14.80937,60,2026-08-22T12:16:05.546143-03:00
1115,2026-08-22T12:18:00-03:00,2026-08-22T12:23:00-03:00,2026-08-22T15:18:00+00:00,2026-08-22T15:23:00+00:00,-14.75,-14.5625,-14.65938,60,2026-08-22T12:21:04.074936-03:00
1116,2026-08-22T12:23:00-03:00,2026-08-22T12:28:00-03:00,2026-08-22T15:23:00+00:00,2026-08-22T15:28:00+00:00,-14.625,-14.4375,-14.52396,60,2026-08-22T12:26:03.816105-03:00
1117,2026-08-22T12:28:00-03:00,2026-08-22T12:33:00-03:00,2026-08-22T15:28:00+00:00,2026-08-22T15:33:00+00:00,-14.5,-14.3125,-14.40104,60,2026-08-22T12:31:12.539423-03:00
1118,2026-08-22T12:33:00-03:00,2026-08-22T12:38:01-03:00,2026-08-22T15:33:00+00:00,2026-08-22T15:38:01+00:00,-14.3125,-14.25,-14.27909,58,2026-08-22T12:36:06.550833-03:00
1119,2026-08-22T12:38:01-03:00,2026-08-22T12:43:01-03:00,2026-08-22T15:38:01+00:00,2026-08-22T15:43:01+00:00,-14.25,-14.125,-14.16354,60,2026-08-22T12:41:04.523911-03:00
1120,2026-08-22T12:43:01-03:00,2026-08-22T12:48:01-03:00,2026-08-22T15:43:01+00:00,2026-08-22T15:48:01+00:00,-14.125,-14,-14.05729,60,2026-08-22T12:46:03.790977-03:00
1121,2026-08-22T12:48:01-03:00,2026-08-22T12:53:01-03:00,2026-08-22T15:48:01+00:00,2026-08-22T15:53:01+00:00,-14,-13.875,-13.95729,60,2026-08-22T12:51:04.532242-03:00
1122,2026-08-22T12:53:01-03:00,2026-08-22T12:58:01-03:00,2026-08-22T15:53:01+00:00,2026-08-22T15:58:01+00:00,-13.875,-13.8125,-13.85,60,2026-08-22T12:56:04.254232-03:00
1123,2026-08-22T12:58:01-03:00,2026-08-22T13:03:01-03:00,2026-08-22T15:58:01+00:00,2026-08-22T16:03:01+00:00,-13.9375,-13.75,-13.79792,60,2026-08-22T13:01:04.443882-03:00
1124,2026-08-22T13:03:01-03:00,2026-08-22T13:08:01-03:00,2026-08-22T16:03:01+00:00,2026-08-22T16:08:01+00:00,-15,-13.9375,-14.425,60,2026-08-22T13:06:04.148939-03:00
1125,2026-08-22T13:08:01-03:00,2026-08-22T13:13:01-03:00,2026-08-22T16:08:01+00:00,2026-08-22T16:13:01+00:00,-16.25,-15,-15.64167,60,2026-08-22T13:11:06.049148-03:00
1126,2026-08-22T13:13:01-03:00,2026-08-22T13:18:01-03:00,2026-08-22T16:13:01+00:00,2026-08-22T16:18:01+00:00,-17.4375,-16.3125,-16.87188,60,2026-08-22T13:16:04.880568-03:00
1127,2026-08-22T13:18:01-03:00,2026-08-22T13:23:01-03:00,2026-08-22T16:18:01+00:00,2026-08-22T16:23:01+00:00,-17.8125,-16.5625,-17.52708,60,2026-08-22T13:21:04.366986-03:00
1128,2026-08-22T13:23:01-03:00,2026-08-22T13:28:01-03:00,2026-08-22T16:23:01+00:00,2026-08-22T16:28:01+00:00,-16.25,-15.0625,-15.21042,60,2026-08-22T13:26:06.353295-03:00
1129,2026-08-22T13:28:01-03:00,2026-08-22T13:33:01-03:00,2026-08-22T16:28:01+00:00,2026-08-22T16:33:01+00:00,-15.4375,-15.25,-15.37396,60,2026-08-22T13:31:04.352355-03:00
1130,2026-08-22T13:33:01-03:00,2026-08-22T13:38:01-03:00,2026-08-22T16:33:01+00:00,2026-08-22T16:38:01+00:00,-15.5,-15.375,-15.43542,60,2026-08-22T13:36:04.630539-03:00
1131,2026-08-22T13:38:01-03:00,2026-08-22T13:43:01-03:00,2026-08-22T16:38:01+00:00,2026-08-22T16:43:01+00:00,-15.375,-15.25,-15.32396,60,2026-08-22T13:41:04.374359-03:00
1132,2026-08-22T13:43:01-03:00,2026-08-22T13:48:01-03:00,2026-08-22T16:43:01+00:00,2026-08-22T16:48:01+00:00,-15.25,-15,-15.13646,60,2026-08-22T13:46:04.346341-03:00
1133,2026-08-22T13:48:01-03:00,2026-08-22T13:53:01-03:00,2026-08-22T16:48:01+00:00,2026-08-22T16:53:01+00:00,-15.0625,-12.25,-13.175,60,2026-08-22T13:51:04.460153-03:00
1134,2026-08-22T13:53:01-03:00,2026-08-22T13:58:01-03:00,2026-08-22T16:53:01+00:00,2026-08-22T16:58:01+00:00,-13.3125,-12.625,-13.01563,60,2026-08-22T13:56:04.919632-03:00
1135,2026-08-22T13:58:01-03:00,2026-08-22T14:03:01-03:00,2026-08-22T16:58:01+00:00,2026-08-22T17:03:01+00:00,-13.75,-13.3125,-13.46771,60,2026-08-22T14:01:04.354804-03:00
1136,2026-08-22T14:03:01-03:00,2026-08-22T14:08:01-03:00,2026-08-22T17:03:01+00:00,2026-08-22T17:08:01+00:00,-17.125,-13.8125,-15.55729,60,2026-08-22T14:06:13.932346-03:00
1137,2026-08-22T14:08:01-03:00,2026-08-22T14:13:01-03:00,2026-08-22T17:08:01+00:00,2026-08-22T17:13:01+00:00,-18.6875,-17.25,-18.06358,58,2026-08-22T14:11:04.942073-03:00
1138,2026-08-22T14:13:01-03:00,2026-08-22T14:18:02-03:00,2026-08-22T17:13:01+00:00,2026-08-22T17:18:02+00:00,-19.5625,-18.75,-19.16458,60,2026-08-22T14:16:04.379556-03:00
1139,2026-08-22T14:18:02-03:00,2026-08-22T14:23:02-03:00,2026-08-22T17:18:02+00:00,2026-08-22T17:23:02+00:00,-20,-19.5625,-19.82917,60,2026-08-22T14:21:04.275971-03:00
1140,2026-08-22T14:23:02-03:00,2026-08-22T14:28:02-03:00,2026-08-22T17:23:02+00:00,2026-08-22T17:28:02+00:00,-20.375,-20,-20.21146,60,2026-08-22T14:26:15.836893-03:00
1141,2026-08-22T14:28:02-03:00,2026-08-22T14:33:02-03:00,2026-08-22T17:28:02+00:00,2026-08-22T17:33:02+00:00,-20.8125,-20.4375,-20.60991,58,2026-08-22T14:31:04.690735-03:00
1142,2026-08-22T14:33:02-03:00,2026-08-22T14:38:02-03:00,2026-08-22T17:33:02+00:00,2026-08-22T17:38:02+00:00,-21.0625,-20.8125,-20.93646,60,2026-08-22T14:36:04.522533-03:00
1143,2026-08-22T14:38:02-03:00,2026-08-22T14:43:02-03:00,2026-08-22T17:38:02+00:00,2026-08-22T17:43:02+00:00,-21.375,-21.0625,-21.24271,60,2026-08-22T14:41:04.392022-03:00
1144,2026-08-22T14:43:02-03:00,2026-08-22T14:48:02-03:00,2026-08-22T17:43:02+00:00,2026-08-22T17:48:02+00:00,-21.6875,-21.375,-21.54167,60,2026-08-22T14:46:04.399124-03:00
1145,2026-08-22T14:48:02-03:00,2026-08-22T14:53:02-03:00,2026-08-22T17:48:02+00:00,2026-08-22T17:53:02+00:00,-21.4375,-19.375,-20.29375,60,2026-08-22T14:51:35.429086-03:00
1146,2026-08-22T14:53:02-03:00,2026-08-22T14:58:02-03:00,2026-08-22T17:53:02+00:00,2026-08-22T17:58:02+00:00,-19.1875,-18.25,-18.69792,54,2026-08-22T14:56:11.576383-03:00
1147,2026-08-22T14:58:02-03:00,2026-08-22T15:03:02-03:00,2026-08-22T17:58:02+00:00,2026-08-22T18:03:02+00:00,-18.25,-17.6875,-17.92691,59,2026-08-22T15:01:04.138857-03:00
1148,2026-08-22T15:03:02-03:00,2026-08-22T15:08:02-03:00,2026-08-22T18:03:02+00:00,2026-08-22T18:08:02+00:00,-17.625,-17.25,-17.45625,60,2026-08-22T15:06:05.599623-03:00
1149,2026-08-22T15:08:02-03:00,2026-08-22T15:13:02-03:00,2026-08-22T18:08:02+00:00,2026-08-22T18:13:02+00:00,-17.25,-17,-17.13021,60,2026-08-22T15:11:04.547034-03:00
1150,2026-08-22T15:13:02-03:00,2026-08-22T15:18:02-03:00,2026-08-22T18:13:02+00:00,2026-08-22T18:18:02+00:00,-17,-16.75,-16.88333,60,2026-08-22T15:16:05.047120-03:00
1151,2026-08-22T15:18:02-03:00,2026-08-22T15:23:02-03:00,2026-08-22T18:18:02+00:00,2026-08-22T18:23:02+00:00,-16.75,-16.5625,-16.675,60,2026-08-22T15:21:04.247207-03:00
1152,2026-08-22T15:23:02-03:00,2026-08-22T15:28:02-03:00,2026-08-22T18:23:02+00:00,2026-08-22T18:28:02+00:00,-16.875,-16.4375,-16.55104,60,2026-08-22T15:26:34.913180-03:00
1153,2026-08-22T15:28:02-03:00,2026-08-22T15:33:02-03:00,2026-08-22T18:28:02+00:00,2026-08-22T18:33:02+00:00,-19.5,-16.9375,-18.33686,59,2026-08-22T15:31:04.860395-03:00
1154,2026-08-22T15:33:02-03:00,2026-08-22T15:38:02-03:00,2026-08-22T18:33:02+00:00,2026-08-22T18:38:02+00:00,-20.6875,-19.5,-20.18438,60,2026-08-22T15:36:04.573518-03:00
1155,2026-08-22T15:38:02-03:00,2026-08-22T15:43:02-03:00,2026-08-22T18:38:02+00:00,2026-08-22T18:43:02+00:00,-21.3125,-20.6875,-21.02604,60,2026-08-22T15:43:05.899807-03:00
1156,2026-08-22T15:43:02-03:00,2026-08-22T15:48:02-03:00,2026-08-22T18:43:02+00:00,2026-08-22T18:48:02+00:00,-21.75,-21.5,-21.6441,36,2026-08-22T15:46:12.068719-03:00
1158,2026-08-22T15:48:02-03:00,2026-08-22T15:58:02-03:00,2026-08-22T18:48:02+00:00,2026-08-22T18:58:02+00:00,-22.375,-21.75,-22.02059,85,2026-08-22T15:56:08.118394-03:00
1159,2026-08-22T15:58:02-03:00,2026-08-22T16:03:02-03:00,2026-08-22T18:58:02+00:00,2026-08-22T19:03:02+00:00,-22.5625,-22.375,-22.47187,60,2026-08-22T16:01:09.032278-03:00
1160,2026-08-22T16:03:02-03:00,2026-08-22T16:08:02-03:00,2026-08-22T19:03:02+00:00,2026-08-22T19:08:02+00:00,-22.625,-21.0625,-22.00424,59,2026-08-22T16:06:07.493032-03:00
1161,2026-08-22T16:08:02-03:00,2026-08-22T16:13:03-03:00,2026-08-22T19:08:02+00:00,2026-08-22T19:13:03+00:00,-21,-19.875,-20.36563,60,2026-08-22T16:11:05.502201-03:00
1162,2026-08-22T16:13:03-03:00,2026-08-22T16:18:03-03:00,2026-08-22T19:13:03+00:00,2026-08-22T19:18:03+00:00,-19.8125,-19.1875,-19.46771,60,2026-08-22T16:16:05.493248-03:00
1163,2026-08-22T16:18:03-03:00,2026-08-22T16:23:03-03:00,2026-08-22T19:18:03+00:00,2026-08-22T19:23:03+00:00,-19.125,-18.75,-18.92917,60,2026-08-22T16:21:05.347911-03:00
1164,2026-08-22T16:23:03-03:00,2026-08-22T16:28:03-03:00,2026-08-22T19:23:03+00:00,2026-08-22T19:28:03+00:00,-18.75,-18.4375,-18.56562,60,2026-08-22T16:26:35.484309-03:00
1165,2026-08-22T16:28:03-03:00,2026-08-22T16:33:03-03:00,2026-08-22T19:28:03+00:00,2026-08-22T19:33:03+00:00,-18.4375,-18.1875,-18.28708,59,2026-08-22T16:31:05.059316-03:00
1166,2026-08-22T16:33:03-03:00,2026-08-22T16:38:03-03:00,2026-08-22T19:33:03+00:00,2026-08-22T19:38:03+00:00,-18.1875,-17.9375,-18.0625,60,2026-08-22T16:36:09.369381-03:00
1167,2026-08-22T16:38:03-03:00,2026-08-22T16:43:03-03:00,2026-08-22T19:38:03+00:00,2026-08-22T19:43:03+00:00,-17.9375,-17.75,-17.85275,59,2026-08-22T16:41:39.081368-03:00
1168,2026-08-22T16:43:03-03:00,2026-08-22T16:48:03-03:00,2026-08-22T19:43:03+00:00,2026-08-22T19:48:03+00:00,-17.75,-17.5625,-17.66551,54,2026-08-22T16:46:05.109903-03:00
1169,2026-08-22T16:48:03-03:00,2026-08-22T16:53:03-03:00,2026-08-22T19:48:03+00:00,2026-08-22T19:53:03+00:00,-19.375,-17.5,-18.19583,60,2026-08-22T16:51:04.940904-03:00
1170,2026-08-22T16:53:03-03:00,2026-08-22T16:58:03-03:00,2026-08-22T19:53:03+00:00,2026-08-22T19:58:03+00:00,-21,-19.4375,-20.34687,60,2026-08-22T16:56:05.068160-03:00
1171,2026-08-22T16:58:03-03:00,2026-08-22T17:03:03-03:00,2026-08-22T19:58:03+00:00,2026-08-22T20:03:03+00:00,-21.75,-21,-21.41562,60,2026-08-22T17:01:08.414526-03:00
1172,2026-08-22T17:03:03-03:00,2026-08-22T17:08:03-03:00,2026-08-22T20:03:03+00:00,2026-08-22T20:08:03+00:00,-22.25,-21.75,-21.99682,59,2026-08-22T17:06:07.036927-03:00
1173,2026-08-22T17:08:03-03:00,2026-08-22T17:13:03-03:00,2026-08-22T20:08:03+00:00,2026-08-22T20:13:03+00:00,-22.625,-22.25,-22.42708,60,2026-08-22T17:11:04.957243-03:00
1174,2026-08-22T17:13:03-03:00,2026-08-22T17:18:03-03:00,2026-08-22T20:13:03+00:00,2026-08-22T20:18:03+00:00,-22.8125,-22.625,-22.72812,60,2026-08-22T17:16:06.492345-03:00
1175,2026-08-22T17:18:03-03:00,2026-08-22T17:23:03-03:00,2026-08-22T20:18:03+00:00,2026-08-22T20:23:03+00:00,-23.0625,-22.8125,-22.95104,60,2026-08-22T17:21:39.971357-03:00
1176,2026-08-22T17:23:03-03:00,2026-08-22T17:28:03-03:00,2026-08-22T20:23:03+00:00,2026-08-22T20:28:03+00:00,-23.25,-22.5625,-23.07435,58,2026-08-22T17:26:05.381127-03:00
1177,2026-08-22T17:28:03-03:00,2026-08-22T17:33:03-03:00,2026-08-22T20:28:03+00:00,2026-08-22T20:33:03+00:00,-22.5,-21.0625,-21.71979,60,2026-08-22T17:31:05.255250-03:00
1178,2026-08-22T17:33:03-03:00,2026-08-22T17:38:04-03:00,2026-08-22T20:33:03+00:00,2026-08-22T20:38:04+00:00,-21.0625,-20.25,-20.62604,60,2026-08-22T17:36:06.091975-03:00
1179,2026-08-22T17:38:04-03:00,2026-08-22T17:43:04-03:00,2026-08-22T20:38:04+00:00,2026-08-22T20:43:04+00:00,-20.25,-19.75,-19.99167,60,2026-08-22T17:41:07.715274-03:00
1180,2026-08-22T17:43:04-03:00,2026-08-22T17:48:04-03:00,2026-08-22T20:43:04+00:00,2026-08-22T20:48:04+00:00,-19.75,-19.4375,-19.57187,60,2026-08-22T17:46:05.560912-03:00
1181,2026-08-22T17:48:04-03:00,2026-08-22T17:53:04-03:00,2026-08-22T20:48:04+00:00,2026-08-22T20:53:04+00:00,-19.375,-19.125,-19.25417,60,2026-08-22T17:52:35.755957-03:00
1182,2026-08-22T17:53:04-03:00,2026-08-22T17:58:04-03:00,2026-08-22T20:53:04+00:00,2026-08-22T20:58:04+00:00,-19.125,-18.875,-18.98231,53,2026-08-22T17:56:07.113288-03:00
1183,2026-08-22T17:58:04-03:00,2026-08-22T18:03:04-03:00,2026-08-22T20:58:04+00:00,2026-08-22T21:03:04+00:00,-20.6875,-18.8125,-19.60312,60,2026-08-22T18:02:49.535265-03:00
1184,2026-08-22T18:03:04-03:00,2026-08-22T18:08:04-03:00,2026-08-22T21:03:04+00:00,2026-08-22T21:08:04+00:00,-22,-20.6875,-21.46296,54,2026-08-22T18:06:35.337000-03:00
1185,2026-08-22T18:08:04-03:00,2026-08-22T18:13:04-03:00,2026-08-22T21:08:04+00:00,2026-08-22T21:13:04+00:00,-22.25,-21.3125,-21.90254,59,2026-08-22T18:11:07.099435-03:00
1186,2026-08-22T18:13:04-03:00,2026-08-22T18:18:04-03:00,2026-08-22T21:13:04+00:00,2026-08-22T21:18:04+00:00,-21.3125,-20.25,-20.70729,60,2026-08-22T18:16:38.755093-03:00
1187,2026-08-22T18:18:04-03:00,2026-08-22T18:23:04-03:00,2026-08-22T21:18:04+00:00,2026-08-22T21:23:04+00:00,-20.25,-19.625,-19.90841,58,2026-08-22T18:21:05.469721-03:00
1188,2026-08-22T18:23:04-03:00,2026-08-22T18:28:04-03:00,2026-08-22T21:23:04+00:00,2026-08-22T21:28:04+00:00,-19.625,-19.0625,-19.33542,60,2026-08-22T18:26:09.818228-03:00
1189,2026-08-22T18:28:04-03:00,2026-08-22T18:33:04-03:00,2026-08-22T21:28:04+00:00,2026-08-22T21:33:04+00:00,-19.0625,-18.3125,-18.6875,59,2026-08-22T18:31:05.668044-03:00
1190,2026-08-22T18:33:04-03:00,2026-08-22T18:38:04-03:00,2026-08-22T21:33:04+00:00,2026-08-22T21:38:04+00:00,-18.3125,-17.125,-17.75417,60,2026-08-22T18:36:05.678191-03:00
1191,2026-08-22T18:38:04-03:00,2026-08-22T18:43:04-03:00,2026-08-22T21:38:04+00:00,2026-08-22T21:43:04+00:00,-17.125,-15.3125,-16.27188,60,2026-08-22T18:41:05.743002-03:00
1192,2026-08-22T18:43:04-03:00,2026-08-22T18:48:04-03:00,2026-08-22T21:43:04+00:00,2026-08-22T21:48:04+00:00,-15.25,-12.875,-14.07396,60,2026-08-22T18:46:05.640909-03:00
1193,2026-08-22T18:48:04-03:00,2026-08-22T18:53:04-03:00,2026-08-22T21:48:04+00:00,2026-08-22T21:53:04+00:00,-12.875,-11.125,-11.86563,60,2026-08-22T18:51:37.164606-03:00
1194,2026-08-22T18:53:04-03:00,2026-08-22T18:58:04-03:00,2026-08-22T21:53:04+00:00,2026-08-22T21:58:04+00:00,-10.1875,-8.5,-9.094908,54,2026-08-22T18:56:05.856488-03:00
1195,2026-08-22T18:58:04-03:00,2026-08-22T19:03:04-03:00,2026-08-22T21:58:04+00:00,2026-08-22T22:03:04+00:00,-14.5,-10.3125,-12.49687,60,2026-08-22T19:01:05.492891-03:00
1196,2026-08-22T19:03:04-03:00,2026-08-22T19:08:04-03:00,2026-08-22T22:03:04+00:00,2026-08-22T22:08:04+00:00,-17.25,-14.5625,-16.05417,60,2026-08-22T19:06:05.658571-03:00
1197,2026-08-22T19:08:04-03:00,2026-08-22T19:13:04-03:00,2026-08-22T22:08:04+00:00,2026-08-22T22:13:04+00:00,-18.75,-17.25,-18.07083,60,2026-08-22T19:11:36.913462-03:00
1198,2026-08-22T19:13:04-03:00,2026-08-22T19:18:04-03:00,2026-08-22T22:13:04+00:00,2026-08-22T22:18:04+00:00,-19.8125,-18.9375,-19.37384,54,2026-08-22T19:16:05.596517-03:00
1199,2026-08-22T19:18:04-03:00,2026-08-22T19:23:04-03:00,2026-08-22T22:18:04+00:00,2026-08-22T22:23:04+00:00,-20.5625,-19.8125,-20.20833,60,2026-08-22T19:23:06.770356-03:00
1200,2026-08-22T19:23:04-03:00,2026-08-22T19:28:04-03:00,2026-08-22T22:23:04+00:00,2026-08-22T22:28:04+00:00,-21.125,-20.875,-20.98438,36,2026-08-22T19:26:05.422646-03:00
1201,2026-08-22T19:28:04-03:00,2026-08-22T19:33:04-03:00,2026-08-22T22:28:04+00:00,2026-08-22T22:33:04+00:00,-21.625,-21.125,-21.3875,60,2026-08-22T19:31:05.180779-03:00
1202,2026-08-22T19:33:04-03:00,2026-08-22T19:38:04-03:00,2026-08-22T22:33:04+00:00,2026-08-22T22:38:04+00:00,-22,-21.625,-21.81667,60,2026-08-22T19:36:05.614976-03:00
1203,2026-08-22T19:38:04-03:00,2026-08-22T19:43:04-03:00,2026-08-22T22:38:04+00:00,2026-08-22T22:43:04+00:00,-22.375,-22,-22.21354,60,2026-08-22T19:41:06.060937-03:00
1204,2026-08-22T19:43:04-03:00,2026-08-22T19:48:05-03:00,2026-08-22T22:43:04+00:00,2026-08-22T22:48:05+00:00,-22.6875,-22.375,-22.54167,60,2026-08-22T19:46:05.834770-03:00
1205,2026-08-22T19:48:05-03:00,2026-08-22T19:53:05-03:00,2026-08-22T22:48:05+00:00,2026-08-22T22:53:05+00:00,-23,-22.6875,-22.8625,60,2026-08-22T19:51:06.067441-03:00
1206,2026-08-22T19:53:05-03:00,2026-08-22T19:58:05-03:00,2026-08-22T22:53:05+00:00,2026-08-22T22:58:05+00:00,-23.1875,-22.625,-23.05729,60,2026-08-22T19:56:05.995609-03:00
1207,2026-08-22T19:58:05-03:00,2026-08-22T20:03:05-03:00,2026-08-22T22:58:05+00:00,2026-08-22T23:03:05+00:00,-22.5625,-20.8125,-21.58958,60,2026-08-22T20:01:06.081059-03:00
1208,2026-08-22T20:03:05-03:00,2026-08-22T20:08:05-03:00,2026-08-22T23:03:05+00:00,2026-08-22T23:08:05+00:00,-20.8125,-19.9375,-20.33542,60,2026-08-22T20:06:05.513120-03:00
1209,2026-08-22T20:08:05-03:00,2026-08-22T20:13:05-03:00,2026-08-22T23:08:05+00:00,2026-08-22T23:13:05+00:00,-19.9375,-19.4375,-19.66979,60,2026-08-22T20:11:06.122955-03:00
1210,2026-08-22T20:13:05-03:00,2026-08-22T20:18:05-03:00,2026-08-22T23:13:05+00:00,2026-08-22T23:18:05+00:00,-19.4375,-19.125,-19.25729,60,2026-08-22T20:16:14.907442-03:00
1211,2026-08-22T20:18:05-03:00,2026-08-22T20:23:05-03:00,2026-08-22T23:18:05+00:00,2026-08-22T23:23:05+00:00,-19.0625,-18.8125,-18.95151,58,2026-08-22T20:21:07.331624-03:00
1212,2026-08-22T20:23:05-03:00,2026-08-22T20:28:05-03:00,2026-08-22T23:23:05+00:00,2026-08-22T23:28:05+00:00,-18.8125,-18.625,-18.72708,60,2026-08-22T20:26:05.652084-03:00
1213,2026-08-22T20:28:05-03:00,2026-08-22T20:33:05-03:00,2026-08-22T23:28:05+00:00,2026-08-22T23:33:05+00:00,-18.625,-18.4375,-18.525,60,2026-08-22T20:31:09.843666-03:00
1215,2026-08-22T20:33:05-03:00,2026-08-22T20:38:05-03:00,2026-08-22T23:33:05+00:00,2026-08-22T23:38:05+00:00,-18.4375,-18.25,-18.34004,59,2026-08-22T20:36:38.302776-03:00
1216,2026-08-22T20:38:05-03:00,2026-08-22T20:43:05-03:00,2026-08-22T23:38:05+00:00,2026-08-22T23:43:05+00:00,-18.25,-18.0625,-18.16419,59,2026-08-22T20:43:08.492548-03:00
1217,2026-08-22T20:43:05-03:00,2026-08-22T20:48:05-03:00,2026-08-22T23:43:05+00:00,2026-08-22T23:48:05+00:00,-18.9375,-17.875,-18.25174,36,2026-08-22T20:46:14.919316-03:00
1218,2026-08-22T20:48:05-03:00,2026-08-22T20:53:05-03:00,2026-08-22T23:48:05+00:00,2026-08-22T23:53:05+00:00,-21.1875,-19.125,-20.26616,58,2026-08-22T20:53:07.065783-03:00
1219,2026-08-22T20:53:05-03:00,2026-08-22T20:58:05-03:00,2026-08-22T23:53:05+00:00,2026-08-22T23:58:05+00:00,-22.1875,-21.3125,-21.8089,52,2026-08-22T20:56:06.232533-03:00
1220,2026-08-22T20:58:05-03:00,2026-08-22T21:03:05-03:00,2026-08-22T23:58:05+00:00,2026-08-23T00:03:05+00:00,-22.8125,-22.1875,-22.52083,60,2026-08-22T21:01:12.489469-03:00
1222,2026-08-22T21:03:05-03:00,2026-08-22T21:08:05-03:00,2026-08-23T00:03:05+00:00,2026-08-23T00:08:05+00:00,-23.25,-22.8125,-23.03602,59,2026-08-22T21:06:35.885557-03:00
1223,2026-08-22T21:08:05-03:00,2026-08-22T21:13:05-03:00,2026-08-23T00:08:05+00:00,2026-08-23T00:13:05+00:00,-23.625,-23.25,-23.44068,59,2026-08-22T21:11:06.128409-03:00
1224,2026-08-22T21:13:05-03:00,2026-08-22T21:18:05-03:00,2026-08-23T00:13:05+00:00,2026-08-23T00:18:05+00:00,-23.875,-23.625,-23.76771,60,2026-08-22T21:16:08.718422-03:00
1225,2026-08-22T21:18:05-03:00,2026-08-22T21:23:06-03:00,2026-08-23T00:18:05+00:00,2026-08-23T00:23:06+00:00,-24.1875,-23.875,-24.04792,60,2026-08-22T21:22:06.227937-03:00
1226,2026-08-22T21:23:06-03:00,2026-08-22T21:28:06-03:00,2026-08-23T00:23:06+00:00,2026-08-23T00:28:06+00:00,-24.1875,-22.375,-23.2403,58,2026-08-22T21:26:06.892269-03:00
1227,2026-08-22T21:28:06-03:00,2026-08-22T21:33:06-03:00,2026-08-23T00:28:06+00:00,2026-08-23T00:33:06+00:00,-22.375,-21.3125,-21.78854,60,2026-08-22T21:31:06.441818-03:00
1228,2026-08-22T21:33:06-03:00,2026-08-22T21:38:06-03:00,2026-08-23T00:33:06+00:00,2026-08-23T00:38:06+00:00,-21.3125,-20.75,-21.01458,60,2026-08-22T21:36:06.517388-03:00
1229,2026-08-22T21:38:06-03:00,2026-08-22T21:43:06-03:00,2026-08-23T00:38:06+00:00,2026-08-23T00:43:06+00:00,-20.75,-20.375,-20.55,60,2026-08-22T21:41:06.326315-03:00
1230,2026-08-22T21:43:06-03:00,2026-08-22T21:48:06-03:00,2026-08-23T00:43:06+00:00,2026-08-23T00:48:06+00:00,-20.375,-20.0625,-20.22604,60,2026-08-22T21:48:11.791417-03:00
1231,2026-08-22T21:48:06-03:00,2026-08-22T21:53:06-03:00,2026-08-23T00:48:06+00:00,2026-08-23T00:53:06+00:00,-20.125,-19.875,-19.96569,51,2026-08-22T21:51:06.056853-03:00
1232,2026-08-22T21:53:06-03:00,2026-08-22T21:58:06-03:00,2026-08-23T00:53:06+00:00,2026-08-23T00:58:06+00:00,-19.875,-18.375,-18.49688,60,2026-08-22T21:56:06.485817-03:00
1233,2026-08-22T21:58:06-03:00,2026-08-22T22:03:06-03:00,2026-08-23T00:58:06+00:00,2026-08-23T01:03:06+00:00,-18.375,-18.125,-18.26042,60,2026-08-22T22:01:07.202190-03:00
1234,2026-08-22T22:03:06-03:00,2026-08-22T22:08:06-03:00,2026-08-23T01:03:06+00:00,2026-08-23T01:08:06+00:00,-18.125,-17.875,-18.01146,60,2026-08-22T22:06:06.540225-03:00
1235,2026-08-22T22:08:06-03:00,2026-08-22T22:13:06-03:00,2026-08-23T01:08:06+00:00,2026-08-23T01:13:06+00:00,-17.875,-17.5625,-17.70208,60,2026-08-22T22:11:06.378961-03:00
1236,2026-08-22T22:13:06-03:00,2026-08-22T22:18:06-03:00,2026-08-23T01:13:06+00:00,2026-08-23T01:18:06+00:00,-17.875,-17.1875,-17.42188,60,2026-08-22T22:16:06.522870-03:00
1237,2026-08-22T22:18:06-03:00,2026-08-22T22:23:06-03:00,2026-08-23T01:18:06+00:00,2026-08-23T01:23:06+00:00,-19.5,-17.9375,-19.07813,60,2026-08-22T22:21:06.404053-03:00
1238,2026-08-22T22:23:06-03:00,2026-08-22T22:28:06-03:00,2026-08-23T01:23:06+00:00,2026-08-23T01:28:06+00:00,-19.1875,-18.3125,-18.75,60,2026-08-22T22:26:06.436520-03:00
1239,2026-08-22T22:28:06-03:00,2026-08-22T22:33:06-03:00,2026-08-23T01:28:06+00:00,2026-08-23T01:33:06+00:00,-18.3125,-17.6875,-17.9875,60,2026-08-22T22:31:06.603153-03:00
1240,2026-08-22T22:33:06-03:00,2026-08-22T22:38:06-03:00,2026-08-23T01:33:06+00:00,2026-08-23T01:38:06+00:00,-17.6875,-17.1875,-17.41354,60,2026-08-22T22:36:06.915197-03:00
1241,2026-08-22T22:38:06-03:00,2026-08-22T22:43:06-03:00,2026-08-23T01:38:06+00:00,2026-08-23T01:43:06+00:00,-17.1875,-16.1875,-16.42604,60,2026-08-22T22:41:06.448738-03:00
1242,2026-08-22T22:43:06-03:00,2026-08-22T22:48:06-03:00,2026-08-23T01:43:06+00:00,2026-08-23T01:48:06+00:00,-16.3125,-16.1875,-16.23125,60,2026-08-22T22:46:06.702316-03:00
1244,2026-08-22T22:48:06-03:00,2026-08-22T22:53:06-03:00,2026-08-23T01:48:06+00:00,2026-08-23T01:53:06+00:00,-16.3125,-16.25,-16.31146,60,2026-08-22T22:51:36.534878-03:00
1245,2026-08-22T22:53:06-03:00,2026-08-22T22:58:06-03:00,2026-08-23T01:53:06+00:00,2026-08-23T01:58:06+00:00,-16.3125,-16.1875,-16.25318,59,2026-08-22T22:56:06.684756-03:00
1246,2026-08-22T22:58:06-03:00,2026-08-22T23:03:06-03:00,2026-08-23T01:58:06+00:00,2026-08-23T02:03:06+00:00,-16.1875,-16.125,-16.15937,60,2026-08-22T23:01:06.395440-03:00
1247,2026-08-22T23:03:06-03:00,2026-08-22T23:08:07-03:00,2026-08-23T02:03:06+00:00,2026-08-23T02:08:07+00:00,-16.125,-16,-16.05417,60,2026-08-22T23:06:06.678754-03:00
1248,2026-08-22T23:08:07-03:00,2026-08-22T23:13:07-03:00,2026-08-23T02:08:07+00:00,2026-08-23T02:13:07+00:00,-16,-15.875,-15.94063,60,2026-08-22T23:11:06.781886-03:00
1249,2026-08-22T23:13:07-03:00,2026-08-22T23:18:07-03:00,2026-08-23T02:13:07+00:00,2026-08-23T02:18:07+00:00,-15.875,-15.75,-15.82708,60,2026-08-22T23:16:09.525292-03:00
1250,2026-08-22T23:18:07-03:00,2026-08-22T23:23:07-03:00,2026-08-23T02:18:07+00:00,2026-08-23T02:23:07+00:00,-15.75,-15.625,-15.70625,60,2026-08-22T23:21:07.082075-03:00
1251,2026-08-22T23:23:07-03:00,2026-08-22T23:28:07-03:00,2026-08-23T02:23:07+00:00,2026-08-23T02:28:07+00:00,-15.625,-15.5,-15.58854,60,2026-08-22T23:26:07.216463-03:00
1252,2026-08-22T23:28:07-03:00,2026-08-22T23:33:07-03:00,2026-08-23T02:28:07+00:00,2026-08-23T02:33:07+00:00,-16.0625,-15.25,-15.50937,60,2026-08-22T23:31:07.110886-03:00
1253,2026-08-22T23:33:07-03:00,2026-08-22T23:38:07-03:00,2026-08-23T02:33:07+00:00,2026-08-23T02:38:07+00:00,-18.9375,-16.125,-17.64896,60,2026-08-22T23:36:07.221717-03:00
1254,2026-08-22T23:38:07-03:00,2026-08-22T23:43:07-03:00,2026-08-23T02:38:07+00:00,2026-08-23T02:43:07+00:00,-20.375,-18.9375,-19.73542,60,2026-08-22T23:41:07.610473-03:00
1255,2026-08-22T23:43:07-03:00,2026-08-22T23:48:07-03:00,2026-08-23T02:43:07+00:00,2026-08-23T02:48:07+00:00,-21.25,-20.375,-20.84687,60,2026-08-22T23:46:07.236231-03:00
1256,2026-08-22T23:48:07-03:00,2026-08-22T23:53:07-03:00,2026-08-23T02:48:07+00:00,2026-08-23T02:53:07+00:00,-21.5,-20.3125,-21.08958,60,2026-08-22T23:51:07.109247-03:00
1257,2026-08-22T23:53:07-03:00,2026-08-22T23:58:07-03:00,2026-08-23T02:53:07+00:00,2026-08-23T02:58:07+00:00,-20.3125,-18.9375,-19.53646,60,2026-08-22T23:56:16.170798-03:00
1258,2026-08-22T23:58:07-03:00,2026-08-23T00:03:08-03:00,2026-08-23T02:58:07+00:00,2026-08-23T03:03:08+00:00,-18.875,-18.1875,-18.50431,58,2026-08-23T00:01:16.153148-03:00
1259,2026-08-23T00:03:08-03:00,2026-08-23T00:08:08-03:00,2026-08-23T03:03:08+00:00,2026-08-23T03:08:08+00:00,-18.1875,-17.75,-17.93858,58,2026-08-23T00:06:07.359711-03:00
1260,2026-08-23T00:08:08-03:00,2026-08-23T00:13:08-03:00,2026-08-23T03:08:08+00:00,2026-08-23T03:13:08+00:00,-17.75,-17.4375,-17.58438,60,2026-08-23T00:11:07.031243-03:00
1261,2026-08-23T00:13:08-03:00,2026-08-23T00:18:08-03:00,2026-08-23T03:13:08+00:00,2026-08-23T03:18:08+00:00,-17.4375,-17.1875,-17.31875,60,2026-08-23T00:16:07.537506-03:00
1262,2026-08-23T00:18:08-03:00,2026-08-23T00:23:08-03:00,2026-08-23T03:18:08+00:00,2026-08-23T03:23:08+00:00,-17.1875,-17,-17.10521,60,2026-08-23T00:21:07.830157-03:00
1263,2026-08-23T00:23:08-03:00,2026-08-23T00:28:08-03:00,2026-08-23T03:23:08+00:00,2026-08-23T03:28:08+00:00,-17,-16.8125,-16.92708,60,2026-08-23T00:26:07.220419-03:00
1264,2026-08-23T00:28:08-03:00,2026-08-23T00:33:08-03:00,2026-08-23T03:28:08+00:00,2026-08-23T03:33:08+00:00,-16.875,-16.6875,-16.75937,60,2026-08-23T00:31:07.441097-03:00
1265,2026-08-23T00:33:08-03:00,2026-08-23T00:38:08-03:00,2026-08-23T03:33:08+00:00,2026-08-23T03:38:08+00:00,-16.6875,-16.5,-16.61042,60,2026-08-23T00:36:07.376668-03:00
1266,2026-08-23T00:38:08-03:00,2026-08-23T00:43:08-03:00,2026-08-23T03:38:08+00:00,2026-08-23T03:43:08+00:00,-16.5625,-16.375,-16.45521,60,2026-08-23T00:41:07.164694-03:00
1267,2026-08-23T00:43:08-03:00,2026-08-23T00:48:08-03:00,2026-08-23T03:43:08+00:00,2026-08-23T03:48:08+00:00,-16.375,-16.25,-16.30833,60,2026-08-23T00:46:07.601079-03:00
1268,2026-08-23T00:48:08-03:00,2026-08-23T00:53:08-03:00,2026-08-23T03:48:08+00:00,2026-08-23T03:53:08+00:00,-16.25,-16.125,-16.16771,60,2026-08-23T00:51:07.190880-03:00
1269,2026-08-23T00:53:08-03:00,2026-08-23T00:58:08-03:00,2026-08-23T03:53:08+00:00,2026-08-23T03:58:08+00:00,-16.0625,-15.9375,-16.02188,60,2026-08-23T00:56:07.640787-03:00
1270,2026-08-23T00:58:08-03:00,2026-08-23T01:03:08-03:00,2026-08-23T03:58:08+00:00,2026-08-23T04:03:08+00:00,-15.9375,-15.8125,-15.8875,60,2026-08-23T01:01:07.261281-03:00
1271,2026-08-23T01:03:08-03:00,2026-08-23T01:08:08-03:00,2026-08-23T04:03:08+00:00,2026-08-23T04:08:08+00:00,-15.8125,-15.6875,-15.75313,60,2026-08-23T01:06:07.388914-03:00
1272,2026-08-23T01:08:08-03:00,2026-08-23T01:13:08-03:00,2026-08-23T04:08:08+00:00,2026-08-23T04:13:08+00:00,-15.6875,-15.4375,-15.61458,60,2026-08-23T01:11:16.647754-03:00
1273,2026-08-23T01:13:08-03:00,2026-08-23T01:18:08-03:00,2026-08-23T04:13:08+00:00,2026-08-23T04:18:08+00:00,-17.8125,-15.4375,-16.42996,58,2026-08-23T01:16:10.067911-03:00
1274,2026-08-23T01:18:08-03:00,2026-08-23T01:23:08-03:00,2026-08-23T04:18:08+00:00,2026-08-23T04:23:08+00:00,-19.8125,-17.9375,-18.97917,60,2026-08-23T01:21:07.695749-03:00
1275,2026-08-23T01:23:08-03:00,2026-08-23T01:28:08-03:00,2026-08-23T04:23:08+00:00,2026-08-23T04:28:08+00:00,-20.875,-19.875,-20.40937,60,2026-08-23T01:26:07.620058-03:00
1276,2026-08-23T01:28:08-03:00,2026-08-23T01:33:08-03:00,2026-08-23T04:28:08+00:00,2026-08-23T04:33:08+00:00,-21.4375,-20.875,-21.18125,60,2026-08-23T01:31:09.666012-03:00
1277,2026-08-23T01:33:08-03:00,2026-08-23T01:38:08-03:00,2026-08-23T04:33:08+00:00,2026-08-23T04:38:08+00:00,-20.9375,-19.25,-20.05313,60,2026-08-23T01:36:08.106891-03:00
1278,2026-08-23T01:38:08-03:00,2026-08-23T01:43:09-03:00,2026-08-23T04:38:08+00:00,2026-08-23T04:43:09+00:00,-19.25,-18.3125,-18.7375,60,2026-08-23T01:41:07.681821-03:00
1279,2026-08-23T01:43:09-03:00,2026-08-23T01:48:09-03:00,2026-08-23T04:43:09+00:00,2026-08-23T04:48:09+00:00,-18.3125,-17.75,-18.01458,60,2026-08-23T01:46:07.760747-03:00
1280,2026-08-23T01:48:09-03:00,2026-08-23T01:53:09-03:00,2026-08-23T04:48:09+00:00,2026-08-23T04:53:09+00:00,-17.75,-17.4375,-17.58333,60,2026-08-23T01:51:07.692089-03:00
1281,2026-08-23T01:53:09-03:00,2026-08-23T01:58:09-03:00,2026-08-23T04:53:09+00:00,2026-08-23T04:58:09+00:00,-17.4375,-17.1875,-17.28542,60,2026-08-23T01:56:08.632811-03:00
1282,2026-08-23T01:58:09-03:00,2026-08-23T02:03:09-03:00,2026-08-23T04:58:09+00:00,2026-08-23T05:03:09+00:00,-17.1875,-16.9375,-17.05417,60,2026-08-23T02:01:12.005848-03:00
1283,2026-08-23T02:03:09-03:00,2026-08-23T02:08:09-03:00,2026-08-23T05:03:09+00:00,2026-08-23T05:08:09+00:00,-16.9375,-16.8125,-16.875,59,2026-08-23T02:06:07.757739-03:00
1284,2026-08-23T02:08:09-03:00,2026-08-23T02:13:09-03:00,2026-08-23T05:08:09+00:00,2026-08-23T05:13:09+00:00,-16.8125,-16.625,-16.70417,60,2026-08-23T02:11:07.665294-03:00
1285,2026-08-23T02:13:09-03:00,2026-08-23T02:18:09-03:00,2026-08-23T05:13:09+00:00,2026-08-23T05:18:09+00:00,-16.625,-16.5,-16.56458,60,2026-08-23T02:16:07.882794-03:00
1286,2026-08-23T02:18:09-03:00,2026-08-23T02:23:09-03:00,2026-08-23T05:18:09+00:00,2026-08-23T05:23:09+00:00,-16.5,-16.3125,-16.41354,60,2026-08-23T02:21:07.887850-03:00
1287,2026-08-23T02:23:09-03:00,2026-08-23T02:28:09-03:00,2026-08-23T05:23:09+00:00,2026-08-23T05:28:09+00:00,-16.375,-16.1875,-16.26875,60,2026-08-23T02:26:07.728503-03:00
1288,2026-08-23T02:28:09-03:00,2026-08-23T02:33:09-03:00,2026-08-23T05:28:09+00:00,2026-08-23T05:33:09+00:00,-16.1875,-16.0625,-16.13437,60,2026-08-23T02:31:07.911273-03:00
1289,2026-08-23T02:33:09-03:00,2026-08-23T02:38:09-03:00,2026-08-23T05:33:09+00:00,2026-08-23T05:38:09+00:00,-16.0625,-15.9375,-15.99792,60,2026-08-23T02:36:07.951748-03:00
1290,2026-08-23T02:38:09-03:00,2026-08-23T02:43:09-03:00,2026-08-23T05:38:09+00:00,2026-08-23T05:43:09+00:00,-15.9375,-15.8125,-15.86875,60,2026-08-23T02:41:07.767109-03:00
1291,2026-08-23T02:43:09-03:00,2026-08-23T02:48:09-03:00,2026-08-23T05:43:09+00:00,2026-08-23T05:48:09+00:00,-15.8125,-15.6875,-15.73958,60,2026-08-23T02:46:07.854178-03:00
1292,2026-08-23T02:48:09-03:00,2026-08-23T02:53:09-03:00,2026-08-23T05:48:09+00:00,2026-08-23T05:53:09+00:00,-15.6875,-15.5625,-15.61563,60,2026-08-23T02:51:07.493813-03:00
1293,2026-08-23T02:53:09-03:00,2026-08-23T02:58:09-03:00,2026-08-23T05:53:09+00:00,2026-08-23T05:58:09+00:00,-15.5625,-15.4375,-15.49063,60,2026-08-23T02:56:07.808692-03:00
1294,2026-08-23T02:58:09-03:00,2026-08-23T03:03:09-03:00,2026-08-23T05:58:09+00:00,2026-08-23T06:03:09+00:00,-16.6875,-15.25,-15.66979,60,2026-08-23T03:01:07.804679-03:00
1295,2026-08-23T03:03:09-03:00,2026-08-23T03:08:09-03:00,2026-08-23T06:03:09+00:00,2026-08-23T06:08:09+00:00,-19.1875,-16.75,-18.10833,60,2026-08-23T03:06:19.299338-03:00
1296,2026-08-23T03:08:09-03:00,2026-08-23T03:13:09-03:00,2026-08-23T06:08:09+00:00,2026-08-23T06:13:09+00:00,-20.5,-19.25,-19.93858,58,2026-08-23T03:11:07.523810-03:00
1297,2026-08-23T03:13:09-03:00,2026-08-23T03:18:09-03:00,2026-08-23T06:13:09+00:00,2026-08-23T06:18:09+00:00,-21.25,-20.5,-20.90937,60,2026-08-23T03:16:08.213244-03:00
1298,2026-08-23T03:18:09-03:00,2026-08-23T03:23:09-03:00,2026-08-23T06:18:09+00:00,2026-08-23T06:23:09+00:00,-21.3125,-19.375,-20.28333,60,2026-08-23T03:21:08.121192-03:00
1299,2026-08-23T03:23:09-03:00,2026-08-23T03:28:09-03:00,2026-08-23T06:23:09+00:00,2026-08-23T06:28:09+00:00,-19.375,-18.25,-18.76979,60,2026-08-23T03:26:08.464295-03:00
1300,2026-08-23T03:28:09-03:00,2026-08-23T03:33:09-03:00,2026-08-23T06:28:09+00:00,2026-08-23T06:33:09+00:00,-18.25,-17.6875,-17.94167,60,2026-08-23T03:31:08.234902-03:00
1301,2026-08-23T03:33:09-03:00,2026-08-23T03:38:09-03:00,2026-08-23T06:33:09+00:00,2026-08-23T06:38:09+00:00,-17.6875,-17.3125,-17.46875,60,2026-08-23T03:36:08.158694-03:00
1302,2026-08-23T03:38:09-03:00,2026-08-23T03:43:09-03:00,2026-08-23T06:38:09+00:00,2026-08-23T06:43:09+00:00,-17.3125,-17,-17.15937,60,2026-08-23T03:41:08.612509-03:00
1303,2026-08-23T03:43:09-03:00,2026-08-23T03:48:09-03:00,2026-08-23T06:43:09+00:00,2026-08-23T06:48:09+00:00,-17,-16.8125,-16.92083,60,2026-08-23T03:46:07.924122-03:00
1304,2026-08-23T03:48:09-03:00,2026-08-23T03:53:09-03:00,2026-08-23T06:48:09+00:00,2026-08-23T06:53:09+00:00,-16.8125,-16.625,-16.7375,60,2026-08-23T03:51:07.959533-03:00
1305,2026-08-23T03:53:09-03:00,2026-08-23T03:58:09-03:00,2026-08-23T06:53:09+00:00,2026-08-23T06:58:09+00:00,-16.625,-16.5,-16.58021,60,2026-08-23T03:56:17.168547-03:00
1306,2026-08-23T03:58:09-03:00,2026-08-23T04:03:10-03:00,2026-08-23T06:58:09+00:00,2026-08-23T07:03:10+00:00,-16.5,-16.375,-16.43211,58,2026-08-23T04:01:08.188888-03:00
1307,2026-08-23T04:03:10-03:00,2026-08-23T04:08:10-03:00,2026-08-23T07:03:10+00:00,2026-08-23T07:08:10+00:00,-16.375,-16.25,-16.29583,60,2026-08-23T04:06:07.985695-03:00
1308,2026-08-23T04:08:10-03:00,2026-08-23T04:13:10-03:00,2026-08-23T07:08:10+00:00,2026-08-23T07:13:10+00:00,-16.25,-16.0625,-16.15833,60,2026-08-23T04:11:07.949168-03:00
1309,2026-08-23T04:13:10-03:00,2026-08-23T04:18:10-03:00,2026-08-23T07:13:10+00:00,2026-08-23T07:18:10+00:00,-16.0625,-15.9375,-16.01979,60,2026-08-23T04:16:08.335849-03:00
1310,2026-08-23T04:18:10-03:00,2026-08-23T04:23:10-03:00,2026-08-23T07:18:10+00:00,2026-08-23T07:23:10+00:00,-15.9375,-15.8125,-15.89063,60,2026-08-23T04:21:08.245871-03:00
1311,2026-08-23T04:23:10-03:00,2026-08-23T04:28:10-03:00,2026-08-23T07:23:10+00:00,2026-08-23T07:28:10+00:00,-15.8125,-15.6875,-15.76875,60,2026-08-23T04:26:08.516103-03:00
1312,2026-08-23T04:28:10-03:00,2026-08-23T04:33:10-03:00,2026-08-23T07:28:10+00:00,2026-08-23T07:33:10+00:00,-15.6875,-15.5625,-15.64896,60,2026-08-23T04:31:08.511844-03:00
1313,2026-08-23T04:33:10-03:00,2026-08-23T04:38:10-03:00,2026-08-23T07:33:10+00:00,2026-08-23T07:38:10+00:00,-15.625,-15.4375,-15.53021,60,2026-08-23T04:36:17.205429-03:00
1314,2026-08-23T04:38:10-03:00,2026-08-23T04:43:10-03:00,2026-08-23T07:38:10+00:00,2026-08-23T07:43:10+00:00,-15.4375,-15.375,-15.40948,58,2026-08-23T04:41:07.460065-03:00
1315,2026-08-23T04:43:10-03:00,2026-08-23T04:48:10-03:00,2026-08-23T07:43:10+00:00,2026-08-23T07:48:10+00:00,-15.375,-15.25,-15.29896,60,2026-08-23T04:46:08.438265-03:00
1316,2026-08-23T04:48:10-03:00,2026-08-23T04:53:10-03:00,2026-08-23T07:48:10+00:00,2026-08-23T07:53:10+00:00,-15.375,-15.0625,-15.18229,60,2026-08-23T04:51:08.021068-03:00
1317,2026-08-23T04:53:10-03:00,2026-08-23T04:58:10-03:00,2026-08-23T07:53:10+00:00,2026-08-23T07:58:10+00:00,-18.1875,-15.375,-16.81875,60,2026-08-23T04:56:07.731644-03:00
1318,2026-08-23T04:58:10-03:00,2026-08-23T05:03:10-03:00,2026-08-23T07:58:10+00:00,2026-08-23T08:03:10+00:00,-19.875,-18.25,-19.15937,60,2026-08-23T05:01:07.922671-03:00
1319,2026-08-23T05:03:10-03:00,2026-08-23T05:08:10-03:00,2026-08-23T08:03:10+00:00,2026-08-23T08:08:10+00:00,-20.875,-19.9375,-20.44375,60,2026-08-23T05:06:08.129298-03:00
1320,2026-08-23T05:08:10-03:00,2026-08-23T05:13:10-03:00,2026-08-23T08:08:10+00:00,2026-08-23T08:13:10+00:00,-21.125,-19.625,-20.55625,60,2026-08-23T05:11:08.150613-03:00
1321,2026-08-23T05:13:10-03:00,2026-08-23T05:18:10-03:00,2026-08-23T08:13:10+00:00,2026-08-23T08:18:10+00:00,-19.625,-18.3125,-18.89583,60,2026-08-23T05:16:08.242319-03:00
1322,2026-08-23T05:18:10-03:00,2026-08-23T05:23:10-03:00,2026-08-23T08:18:10+00:00,2026-08-23T08:23:10+00:00,-18.3125,-17.5625,-17.90208,60,2026-08-23T05:21:08.621890-03:00
1323,2026-08-23T05:23:10-03:00,2026-08-23T05:28:10-03:00,2026-08-23T08:23:10+00:00,2026-08-23T08:28:10+00:00,-17.5625,-17.1875,-17.35104,60,2026-08-23T05:26:08.456821-03:00
1324,2026-08-23T05:28:10-03:00,2026-08-23T05:33:10-03:00,2026-08-23T08:28:10+00:00,2026-08-23T08:33:10+00:00,-17.125,-16.875,-17.00521,60,2026-08-23T05:31:08.460628-03:00
1325,2026-08-23T05:33:10-03:00,2026-08-23T05:38:10-03:00,2026-08-23T08:33:10+00:00,2026-08-23T08:38:10+00:00,-16.875,-16.625,-16.75625,60,2026-08-23T05:36:07.754379-03:00
1326,2026-08-23T05:38:10-03:00,2026-08-23T05:43:10-03:00,2026-08-23T08:38:10+00:00,2026-08-23T08:43:10+00:00,-16.625,-16.5,-16.56562,60,2026-08-23T05:41:08.142866-03:00
1327,2026-08-23T05:43:10-03:00,2026-08-23T05:48:10-03:00,2026-08-23T08:43:10+00:00,2026-08-23T08:48:10+00:00,-16.5,-16.3125,-16.40313,60,2026-08-23T05:46:08.384281-03:00
1328,2026-08-23T05:48:10-03:00,2026-08-23T05:53:10-03:00,2026-08-23T08:48:10+00:00,2026-08-23T08:53:10+00:00,-16.3125,-16.1875,-16.26146,60,2026-08-23T05:51:08.122449-03:00
1329,2026-08-23T05:53:10-03:00,2026-08-23T05:58:10-03:00,2026-08-23T08:53:10+00:00,2026-08-23T08:58:10+00:00,-16.1875,-16.0625,-16.13021,60,2026-08-23T05:56:10.506757-03:00
1330,2026-08-23T05:58:10-03:00,2026-08-23T06:03:10-03:00,2026-08-23T08:58:10+00:00,2026-08-23T09:03:10+00:00,-16.0625,-15.9375,-15.99896,60,2026-08-23T06:01:08.111500-03:00
1331,2026-08-23T06:03:10-03:00,2026-08-23T06:08:10-03:00,2026-08-23T09:03:10+00:00,2026-08-23T09:08:10+00:00,-15.9375,-15.8125,-15.86979,60,2026-08-23T06:06:08.177518-03:00
1332,2026-08-23T06:08:10-03:00,2026-08-23T06:13:10-03:00,2026-08-23T09:08:10+00:00,2026-08-23T09:13:10+00:00,-15.8125,-15.6875,-15.74167,60,2026-08-23T06:11:08.110532-03:00
1333,2026-08-23T06:13:10-03:00,2026-08-23T06:18:10-03:00,2026-08-23T09:13:10+00:00,2026-08-23T09:18:10+00:00,-15.6875,-15.5625,-15.62604,60,2026-08-23T06:16:08.303164-03:00
1334,2026-08-23T06:18:10-03:00,2026-08-23T06:23:11-03:00,2026-08-23T09:18:10+00:00,2026-08-23T09:23:11+00:00,-15.5625,-15.4375,-15.51146,60,2026-08-23T06:21:08.342429-03:00
1335,2026-08-23T06:23:11-03:00,2026-08-23T06:28:11-03:00,2026-08-23T09:23:11+00:00,2026-08-23T09:28:11+00:00,-15.4375,-15.3125,-15.39896,60,2026-08-23T06:26:08.343083-03:00
1336,2026-08-23T06:28:11-03:00,2026-08-23T06:33:11-03:00,2026-08-23T09:28:11+00:00,2026-08-23T09:33:11+00:00,-15.3125,-15.25,-15.28021,60,2026-08-23T06:31:08.567756-03:00
1337,2026-08-23T06:33:11-03:00,2026-08-23T06:38:11-03:00,2026-08-23T09:33:11+00:00,2026-08-23T09:38:11+00:00,-15.25,-15.125,-15.17604,60,2026-08-23T06:36:08.288204-03:00
1338,2026-08-23T06:38:11-03:00,2026-08-23T06:43:11-03:00,2026-08-23T09:38:11+00:00,2026-08-23T09:43:11+00:00,-15.125,-15,-15.07708,60,2026-08-23T06:41:08.120064-03:00
1339,2026-08-23T06:43:11-03:00,2026-08-23T06:48:11-03:00,2026-08-23T09:43:11+00:00,2026-08-23T09:48:11+00:00,-15,-14.9375,-14.96562,60,2026-08-23T06:46:08.557242-03:00
1340,2026-08-23T06:48:11-03:00,2026-08-23T06:53:11-03:00,2026-08-23T09:48:11+00:00,2026-08-23T09:53:11+00:00,-15.1875,-14.75,-14.88021,60,2026-08-23T06:51:08.093260-03:00
1341,2026-08-23T06:53:11-03:00,2026-08-23T06:58:11-03:00,2026-08-23T09:53:11+00:00,2026-08-23T09:58:11+00:00,-18.0625,-15.25,-16.68958,60,2026-08-23T06:56:08.247867-03:00
1342,2026-08-23T06:58:11-03:00,2026-08-23T07:03:11-03:00,2026-08-23T09:58:11+00:00,2026-08-23T10:03:11+00:00,-19.75,-18.125,-19.01875,60,2026-08-23T07:01:07.840773-03:00
1343,2026-08-23T07:03:11-03:00,2026-08-23T07:08:11-03:00,2026-08-23T10:03:11+00:00,2026-08-23T10:08:11+00:00,-20.75,-19.75,-20.30833,60,2026-08-23T07:06:08.873113-03:00
1344,2026-08-23T07:08:11-03:00,2026-08-23T07:13:11-03:00,2026-08-23T10:08:11+00:00,2026-08-23T10:13:11+00:00,-20.875,-19.125,-20.11875,60,2026-08-23T07:11:07.990795-03:00
1345,2026-08-23T07:13:11-03:00,2026-08-23T07:18:11-03:00,2026-08-23T10:13:11+00:00,2026-08-23T10:18:11+00:00,-19.125,-17.875,-18.42396,60,2026-08-23T07:16:08.765477-03:00
1346,2026-08-23T07:18:11-03:00,2026-08-23T07:23:11-03:00,2026-08-23T10:18:11+00:00,2026-08-23T10:23:11+00:00,-17.875,-17.1875,-17.50312,60,2026-08-23T07:21:08.331287-03:00
1347,2026-08-23T07:23:11-03:00,2026-08-23T07:28:11-03:00,2026-08-23T10:23:11+00:00,2026-08-23T10:28:11+00:00,-17.1875,-16.8125,-17.00417,60,2026-08-23T07:26:08.096205-03:00
1348,2026-08-23T07:28:11-03:00,2026-08-23T07:33:11-03:00,2026-08-23T10:28:11+00:00,2026-08-23T10:33:11+00:00,-16.8125,-16.5625,-16.68333,60,2026-08-23T07:31:08.356533-03:00
1349,2026-08-23T07:33:11-03:00,2026-08-23T07:38:11-03:00,2026-08-23T10:33:11+00:00,2026-08-23T10:38:11+00:00,-16.5625,-16.375,-16.45521,60,2026-08-23T07:36:08.428384-03:00
1350,2026-08-23T07:38:11-03:00,2026-08-23T07:43:11-03:00,2026-08-23T10:38:11+00:00,2026-08-23T10:43:11+00:00,-16.375,-16.1875,-16.26667,60,2026-08-23T07:41:08.683416-03:00
1351,2026-08-23T07:43:11-03:00,2026-08-23T07:48:11-03:00,2026-08-23T10:43:11+00:00,2026-08-23T10:48:11+00:00,-16.1875,-16.0625,-16.11146,60,2026-08-23T07:46:08.649492-03:00
1352,2026-08-23T07:48:11-03:00,2026-08-23T07:53:11-03:00,2026-08-23T10:48:11+00:00,2026-08-23T10:53:11+00:00,-16.0625,-15.9375,-15.97812,60,2026-08-23T07:51:08.482495-03:00
1353,2026-08-23T07:53:11-03:00,2026-08-23T07:58:11-03:00,2026-08-23T10:53:11+00:00,2026-08-23T10:58:11+00:00,-15.9375,-15.75,-15.85,60,2026-08-23T07:56:08.532059-03:00
1354,2026-08-23T07:58:11-03:00,2026-08-23T08:03:11-03:00,2026-08-23T10:58:11+00:00,2026-08-23T11:03:11+00:00,-15.8125,-15.6875,-15.72708,60,2026-08-23T08:01:08.457895-03:00
1355,2026-08-23T08:03:11-03:00,2026-08-23T08:08:11-03:00,2026-08-23T11:03:11+00:00,2026-08-23T11:08:11+00:00,-15.6875,-15.5625,-15.60417,60,2026-08-23T08:06:08.462896-03:00
1356,2026-08-23T08:08:11-03:00,2026-08-23T08:13:11-03:00,2026-08-23T11:08:11+00:00,2026-08-23T11:13:11+00:00,-15.5625,-15.4375,-15.4875,60,2026-08-23T08:11:08.317788-03:00
1357,2026-08-23T08:13:11-03:00,2026-08-23T08:18:11-03:00,2026-08-23T11:13:11+00:00,2026-08-23T11:18:11+00:00,-15.4375,-15.3125,-15.37292,60,2026-08-23T08:16:09.200221-03:00
1358,2026-08-23T08:18:11-03:00,2026-08-23T08:23:11-03:00,2026-08-23T11:18:11+00:00,2026-08-23T11:23:11+00:00,-15.3125,-15.1875,-15.26667,60,2026-08-23T08:21:08.500359-03:00
1359,2026-08-23T08:23:11-03:00,2026-08-23T08:28:11-03:00,2026-08-23T11:23:11+00:00,2026-08-23T11:28:11+00:00,-15.1875,-15.125,-15.15521,60,2026-08-23T08:26:08.553407-03:00
1360,2026-08-23T08:28:11-03:00,2026-08-23T08:33:11-03:00,2026-08-23T11:28:11+00:00,2026-08-23T11:33:11+00:00,-15.125,-15,-15.05208,60,2026-08-23T08:31:08.558314-03:00
1361,2026-08-23T08:33:11-03:00,2026-08-23T08:38:11-03:00,2026-08-23T11:33:11+00:00,2026-08-23T11:38:11+00:00,-15,-14.875,-14.95313,60,2026-08-23T08:36:08.550286-03:00
1362,2026-08-23T08:38:11-03:00,2026-08-23T08:43:12-03:00,2026-08-23T11:38:11+00:00,2026-08-23T11:43:12+00:00,-14.9375,-14.8125,-14.85,60,2026-08-23T08:41:08.657189-03:00
1363,2026-08-23T08:43:12-03:00,2026-08-23T08:48:12-03:00,2026-08-23T11:43:12+00:00,2026-08-23T11:48:12+00:00,-14.8125,-14.6875,-14.74896,60,2026-08-23T08:46:08.438491-03:00
1364,2026-08-23T08:48:12-03:00,2026-08-23T08:53:12-03:00,2026-08-23T11:48:12+00:00,2026-08-23T11:53:12+00:00,-14.6875,-14.625,-14.65312,60,2026-08-23T08:51:08.787889-03:00
1365,2026-08-23T08:53:12-03:00,2026-08-23T08:58:12-03:00,2026-08-23T11:53:12+00:00,2026-08-23T11:58:12+00:00,-14.625,-14.4375,-14.54167,60,2026-08-23T08:56:08.690388-03:00
1366,2026-08-23T08:58:12-03:00,2026-08-23T09:03:12-03:00,2026-08-23T11:58:12+00:00,2026-08-23T12:03:12+00:00,-17.5625,-14.6875,-16.09896,60,2026-08-23T09:01:08.478843-03:00
1367,2026-08-23T09:03:12-03:00,2026-08-23T09:08:12-03:00,2026-08-23T12:03:12+00:00,2026-08-23T12:08:12+00:00,-19.4375,-17.625,-18.61563,60,2026-08-23T09:06:08.960191-03:00
1368,2026-08-23T09:08:12-03:00,2026-08-23T09:13:12-03:00,2026-08-23T12:08:12+00:00,2026-08-23T12:13:12+00:00,-20.5,-19.5,-20.00833,60,2026-08-23T09:11:07.934932-03:00
1369,2026-08-23T09:13:12-03:00,2026-08-23T09:18:12-03:00,2026-08-23T12:13:12+00:00,2026-08-23T12:18:12+00:00,-20.625,-18.8125,-19.79896,60,2026-08-23T09:16:09.211035-03:00
1370,2026-08-23T09:18:12-03:00,2026-08-23T09:23:12-03:00,2026-08-23T12:18:12+00:00,2026-08-23T12:23:12+00:00,-18.75,-17.5,-18.08021,60,2026-08-23T09:21:08.897606-03:00
1371,2026-08-23T09:23:12-03:00,2026-08-23T09:28:12-03:00,2026-08-23T12:23:12+00:00,2026-08-23T12:28:12+00:00,-17.5,-16.875,-17.15521,60,2026-08-23T09:26:08.776542-03:00
1372,2026-08-23T09:28:12-03:00,2026-08-23T09:33:12-03:00,2026-08-23T12:28:12+00:00,2026-08-23T12:33:12+00:00,-16.875,-16.5,-16.66042,60,2026-08-23T09:31:11.129712-03:00
1373,2026-08-23T09:33:12-03:00,2026-08-23T09:38:12-03:00,2026-08-23T12:33:12+00:00,2026-08-23T12:38:12+00:00,-16.5,-16.1875,-16.34896,60,2026-08-23T09:36:08.751560-03:00
1374,2026-08-23T09:38:12-03:00,2026-08-23T09:43:12-03:00,2026-08-23T12:38:12+00:00,2026-08-23T12:43:12+00:00,-16.25,-16,-16.11563,60,2026-08-23T09:41:08.632004-03:00
1375,2026-08-23T09:43:12-03:00,2026-08-23T09:48:12-03:00,2026-08-23T12:43:12+00:00,2026-08-23T12:48:12+00:00,-16,-15.875,-15.93229,60,2026-08-23T09:46:09.249765-03:00
1376,2026-08-23T09:48:12-03:00,2026-08-23T09:53:12-03:00,2026-08-23T12:48:12+00:00,2026-08-23T12:53:12+00:00,-15.875,-15.6875,-15.77917,60,2026-08-23T09:51:09.068213-03:00
1377,2026-08-23T09:53:12-03:00,2026-08-23T09:58:12-03:00,2026-08-23T12:53:12+00:00,2026-08-23T12:58:12+00:00,-15.6875,-15.5625,-15.63021,60,2026-08-23T09:56:08.983293-03:00
1378,2026-08-23T09:58:12-03:00,2026-08-23T10:03:12-03:00,2026-08-23T12:58:12+00:00,2026-08-23T13:03:12+00:00,-15.5625,-15.4375,-15.4875,60,2026-08-23T10:01:39.888915-03:00
1379,2026-08-23T10:03:12-03:00,2026-08-23T10:08:12-03:00,2026-08-23T13:03:12+00:00,2026-08-23T13:08:12+00:00,-15.4375,-15.25,-15.33218,54,2026-08-23T10:06:12.136958-03:00
1380,2026-08-23T10:08:12-03:00,2026-08-23T10:13:12-03:00,2026-08-23T13:08:12+00:00,2026-08-23T13:13:12+00:00,-15.25,-15,-15.11441,59,2026-08-23T10:11:08.974724-03:00
1381,2026-08-23T10:13:12-03:00,2026-08-23T10:18:12-03:00,2026-08-23T13:13:12+00:00,2026-08-23T13:18:12+00:00,-15,-14.9375,-14.96979,60,2026-08-23T10:16:13.584934-03:00
1382,2026-08-23T10:18:12-03:00,2026-08-23T10:23:12-03:00,2026-08-23T13:18:12+00:00,2026-08-23T13:23:12+00:00,-14.9375,-14.75,-14.87606,59,2026-08-23T10:21:10.413186-03:00
1383,2026-08-23T10:23:12-03:00,2026-08-23T10:28:12-03:00,2026-08-23T13:23:12+00:00,2026-08-23T13:28:12+00:00,-17.5,-14.8125,-16.04062,60,2026-08-23T10:26:11.214315-03:00
1384,2026-08-23T10:28:12-03:00,2026-08-23T10:33:12-03:00,2026-08-23T13:28:12+00:00,2026-08-23T13:33:12+00:00,-19.4375,-17.5625,-18.61042,60,2026-08-23T10:31:09.422221-03:00
1385,2026-08-23T10:33:12-03:00,2026-08-23T10:38:12-03:00,2026-08-23T13:33:12+00:00,2026-08-23T13:38:12+00:00,-20.4375,-19.4375,-19.99375,60,2026-08-23T10:36:08.797285-03:00
1386,2026-08-23T10:38:12-03:00,2026-08-23T10:43:13-03:00,2026-08-23T13:38:12+00:00,2026-08-23T13:43:13+00:00,-21.0625,-20.4375,-20.79583,60,2026-08-23T10:41:10.633118-03:00
1387,2026-08-23T10:43:13-03:00,2026-08-23T10:48:13-03:00,2026-08-23T13:43:13+00:00,2026-08-23T13:48:13+00:00,-20.8125,-18.8125,-19.71458,60,2026-08-23T10:46:08.473529-03:00
1388,2026-08-23T10:48:13-03:00,2026-08-23T10:53:13-03:00,2026-08-23T13:48:13+00:00,2026-08-23T13:53:13+00:00,-18.8125,-17.75,-18.2125,60,2026-08-23T10:51:08.882932-03:00
1389,2026-08-23T10:53:13-03:00,2026-08-23T10:58:13-03:00,2026-08-23T13:53:13+00:00,2026-08-23T13:58:13+00:00,-17.75,-17.1875,-17.42917,60,2026-08-23T10:56:09.079482-03:00
1390,2026-08-23T10:58:13-03:00,2026-08-23T11:03:13-03:00,2026-08-23T13:58:13+00:00,2026-08-23T14:03:13+00:00,-17.1875,-16.8125,-16.96146,60,2026-08-23T11:01:10.454821-03:00
1391,2026-08-23T11:03:13-03:00,2026-08-23T11:08:13-03:00,2026-08-23T14:03:13+00:00,2026-08-23T14:08:13+00:00,-16.8125,-16.5625,-16.65625,60,2026-08-23T11:06:08.938057-03:00
1392,2026-08-23T11:08:13-03:00,2026-08-23T11:13:13-03:00,2026-08-23T14:08:13+00:00,2026-08-23T14:13:13+00:00,-16.5,-16.3125,-16.41875,60,2026-08-23T11:13:09.151237-03:00
1393,2026-08-23T11:13:13-03:00,2026-08-23T11:18:13-03:00,2026-08-23T14:13:13+00:00,2026-08-23T14:18:13+00:00,-16.3125,-16.125,-16.22322,56,2026-08-23T11:16:08.924315-03:00
1394,2026-08-23T11:18:13-03:00,2026-08-23T11:23:13-03:00,2026-08-23T14:18:13+00:00,2026-08-23T14:23:13+00:00,-16.125,-16,-16.06771,60,2026-08-23T11:21:08.885938-03:00
1395,2026-08-23T11:23:13-03:00,2026-08-23T11:28:13-03:00,2026-08-23T14:23:13+00:00,2026-08-23T14:28:13+00:00,-16,-15.875,-15.92188,60,2026-08-23T11:26:08.995173-03:00
1396,2026-08-23T11:28:13-03:00,2026-08-23T11:33:13-03:00,2026-08-23T14:28:13+00:00,2026-08-23T14:33:13+00:00,-15.875,-15.6875,-15.78854,60,2026-08-23T11:31:41.965927-03:00
1397,2026-08-23T11:33:13-03:00,2026-08-23T11:38:14-03:00,2026-08-23T14:33:13+00:00,2026-08-23T14:38:14+00:00,-15.6875,-15.5625,-15.6536,59,2026-08-23T11:36:09.686624-03:00
1398,2026-08-23T11:38:14-03:00,2026-08-23T11:43:14-03:00,2026-08-23T14:38:14+00:00,2026-08-23T14:43:14+00:00,-15.5625,-15.4375,-15.51354,60,2026-08-23T11:41:09.445136-03:00
1400,2026-08-23T11:43:14-03:00,2026-08-23T11:48:14-03:00,2026-08-23T14:43:14+00:00,2026-08-23T14:48:14+00:00,-15.4375,-15.3125,-15.38854,60,2026-08-23T11:46:41.939464-03:00
1401,2026-08-23T11:48:14-03:00,2026-08-23T11:53:14-03:00,2026-08-23T14:48:14+00:00,2026-08-23T14:53:14+00:00,-15.3125,-15.1875,-15.26116,56,2026-08-23T11:51:10.065122-03:00
1402,2026-08-23T11:53:14-03:00,2026-08-23T11:58:14-03:00,2026-08-23T14:53:14+00:00,2026-08-23T14:58:14+00:00,-16.1875,-15.0625,-15.34479,60,2026-08-23T11:56:12.829755-03:00
1403,2026-08-23T11:58:14-03:00,2026-08-23T12:03:14-03:00,2026-08-23T14:58:14+00:00,2026-08-23T15:03:14+00:00,-18.8125,-16.25,-17.69068,59,2026-08-23T12:01:12.307984-03:00
1404,2026-08-23T12:03:14-03:00,2026-08-23T12:08:14-03:00,2026-08-23T15:03:14+00:00,2026-08-23T15:08:14+00:00,-20.1875,-18.875,-19.61979,60,2026-08-23T12:06:10.347876-03:00
1405,2026-08-23T12:08:14-03:00,2026-08-23T12:13:14-03:00,2026-08-23T15:08:14+00:00,2026-08-23T15:13:14+00:00,-20.9375,-20.1875,-20.63125,60,2026-08-23T12:12:12.440737-03:00
1406,2026-08-23T12:13:14-03:00,2026-08-23T12:18:14-03:00,2026-08-23T15:13:14+00:00,2026-08-23T15:18:14+00:00,-21.4375,-20.9375,-21.20259,58,2026-08-23T12:16:40.628895-03:00
1407,2026-08-23T12:18:14-03:00,2026-08-23T12:23:14-03:00,2026-08-23T15:18:14+00:00,2026-08-23T15:23:14+00:00,-21.375,-19.4375,-20.31944,54,2026-08-23T12:21:24.352284-03:00
1408,2026-08-23T12:23:14-03:00,2026-08-23T12:28:14-03:00,2026-08-23T15:23:14+00:00,2026-08-23T15:28:14+00:00,-19.375,-18.3125,-18.77522,57,2026-08-23T12:26:17.540048-03:00
1409,2026-08-23T12:28:14-03:00,2026-08-23T12:33:15-03:00,2026-08-23T15:28:14+00:00,2026-08-23T15:33:15+00:00,-18.25,-17.6875,-17.9375,59,2026-08-23T12:31:12.775430-03:00
1411,2026-08-23T12:33:15-03:00,2026-08-23T12:38:15-03:00,2026-08-23T15:33:15+00:00,2026-08-23T15:38:15+00:00,-17.6875,-17.25,-17.44583,60,2026-08-23T12:40:10.583975-03:00
1413,2026-08-23T12:38:15-03:00,2026-08-23T12:43:15-03:00,2026-08-23T15:38:15+00:00,2026-08-23T15:43:15+00:00,-17.25,-17,-17.08789,32,2026-08-23T12:42:09.655343-03:00
1414,2026-08-23T12:43:15-03:00,2026-08-23T12:48:15-03:00,2026-08-23T15:43:15+00:00,2026-08-23T15:48:15+00:00,-17,-16.75,-16.84591,58,2026-08-23T12:46:10.538689-03:00
1415,2026-08-23T12:48:15-03:00,2026-08-23T12:53:15-03:00,2026-08-23T15:48:15+00:00,2026-08-23T15:53:15+00:00,-16.75,-16.5,-16.62917,60,2026-08-23T12:51:11.465488-03:00
1416,2026-08-23T12:53:15-03:00,2026-08-23T12:58:15-03:00,2026-08-23T15:53:15+00:00,2026-08-23T15:58:15+00:00,-16.5625,-16.375,-16.45521,60,2026-08-23T12:56:17.801595-03:00
1417,2026-08-23T12:58:15-03:00,2026-08-23T13:03:15-03:00,2026-08-23T15:58:15+00:00,2026-08-23T16:03:15+00:00,-16.375,-16.1875,-16.29661,59,2026-08-23T13:01:12.150731-03:00
1418,2026-08-23T13:03:15-03:00,2026-08-23T13:08:15-03:00,2026-08-23T16:03:15+00:00,2026-08-23T16:08:15+00:00,-16.25,-16.0625,-16.14688,60,2026-08-23T13:06:10.540014-03:00
1419,2026-08-23T13:08:15-03:00,2026-08-23T13:13:15-03:00,2026-08-23T16:08:15+00:00,2026-08-23T16:13:15+00:00,-16.0625,-15.9375,-16.00521,60,2026-08-23T13:11:10.835786-03:00
1420,2026-08-23T13:17:45-03:00,2026-08-23T13:22:45-03:00,2026-08-23T16:17:45+00:00,2026-08-23T16:22:45+00:00,-15.8125,-15.6875,-15.7451,51,2026-08-23T13:21:35.858163-03:00
1421,2026-08-23T13:22:45-03:00,2026-08-23T13:27:45-03:00,2026-08-23T16:22:45+00:00,2026-08-23T16:27:45+00:00,-16.6875,-15.5625,-15.91314,59,2026-08-23T13:25:40.364297-03:00
1422,2026-08-23T13:27:45-03:00,2026-08-23T13:32:45-03:00,2026-08-23T16:27:45+00:00,2026-08-23T16:32:45+00:00,-18.4375,-16.75,-17.66354,60,2026-08-23T13:30:40.304322-03:00
1423,2026-08-23T13:32:45-03:00,2026-08-23T13:37:45-03:00,2026-08-23T16:32:45+00:00,2026-08-23T16:37:45+00:00,-19.3125,-18.4375,-18.90313,60,2026-08-23T13:35:40.849289-03:00
1424,2026-08-23T13:37:45-03:00,2026-08-23T13:42:45-03:00,2026-08-23T16:37:45+00:00,2026-08-23T16:42:45+00:00,-19.8125,-19.3125,-19.56354,60,2026-08-23T13:41:45.829797-03:00
1425,2026-08-23T13:42:45-03:00,2026-08-23T13:47:45-03:00,2026-08-23T16:42:45+00:00,2026-08-23T16:47:45+00:00,-20.1875,-19.8125,-20.01425,57,2026-08-23T13:45:53.488653-03:00
1426,2026-08-23T13:47:45-03:00,2026-08-23T13:52:45-03:00,2026-08-23T16:47:45+00:00,2026-08-23T16:52:45+00:00,-20.5,-20.1875,-20.35197,57,2026-08-23T13:50:40.239627-03:00
1427,2026-08-23T13:52:45-03:00,2026-08-23T13:57:45-03:00,2026-08-23T16:52:45+00:00,2026-08-23T16:57:45+00:00,-20.25,-18.75,-19.46667,60,2026-08-23T13:55:40.797130-03:00
1428,2026-08-23T13:57:45-03:00,2026-08-23T14:02:45-03:00,2026-08-23T16:57:45+00:00,2026-08-23T17:02:45+00:00,-18.75,-17.875,-18.26354,60,2026-08-23T14:00:40.267060-03:00
1429,2026-08-23T14:02:45-03:00,2026-08-23T14:07:45-03:00,2026-08-23T17:02:45+00:00,2026-08-23T17:07:45+00:00,-17.875,-17.375,-17.59479,60,2026-08-23T14:05:40.105630-03:00
1430,2026-08-23T14:07:45-03:00,2026-08-23T14:12:45-03:00,2026-08-23T17:07:45+00:00,2026-08-23T17:12:45+00:00,-17.375,-17,-17.18125,60,2026-08-23T14:10:40.095460-03:00
1431,2026-08-23T14:12:45-03:00,2026-08-23T14:17:45-03:00,2026-08-23T17:12:45+00:00,2026-08-23T17:17:45+00:00,-17,-16.75,-16.8875,60,2026-08-23T14:15:40.639031-03:00
1432,2026-08-23T14:17:45-03:00,2026-08-23T14:22:45-03:00,2026-08-23T17:17:45+00:00,2026-08-23T17:22:45+00:00,-16.75,-16.5625,-16.66979,60,2026-08-23T14:20:48.784061-03:00
1433,2026-08-23T14:22:45-03:00,2026-08-23T14:27:45-03:00,2026-08-23T17:22:45+00:00,2026-08-23T17:27:45+00:00,-16.5625,-16.375,-16.48815,58,2026-08-23T14:25:40.034730-03:00
1434,2026-08-23T14:27:45-03:00,2026-08-23T14:32:45-03:00,2026-08-23T17:27:45+00:00,2026-08-23T17:32:45+00:00,-16.375,-16.25,-16.31979,60,2026-08-23T14:30:49.555911-03:00
1435,2026-08-23T14:32:45-03:00,2026-08-23T14:37:45-03:00,2026-08-23T17:32:45+00:00,2026-08-23T17:37:45+00:00,-16.25,-16.0625,-16.16056,58,2026-08-23T14:35:40.267672-03:00
1436,2026-08-23T14:37:45-03:00,2026-08-23T14:42:45-03:00,2026-08-23T17:37:45+00:00,2026-08-23T17:42:45+00:00,-16.0625,-15.9375,-16.00312,60,2026-08-23T14:40:39.914851-03:00
1437,2026-08-23T14:42:45-03:00,2026-08-23T14:47:45-03:00,2026-08-23T17:42:45+00:00,2026-08-23T17:47:45+00:00,-15.9375,-15.75,-15.85487,59,2026-08-23T14:45:40.441953-03:00
1438,2026-08-23T14:47:45-03:00,2026-08-23T14:52:45-03:00,2026-08-23T17:47:45+00:00,2026-08-23T17:52:45+00:00,-15.75,-15.5625,-15.70208,60,2026-08-23T14:50:40.054847-03:00
1439,2026-08-23T14:52:45-03:00,2026-08-23T14:57:45-03:00,2026-08-23T17:52:45+00:00,2026-08-23T17:57:45+00:00,-16.4375,-15.4375,-15.78229,60,2026-08-23T14:55:43.441027-03:00
1440,2026-08-23T14:57:45-03:00,2026-08-23T15:02:45-03:00,2026-08-23T17:57:45+00:00,2026-08-23T18:02:45+00:00,-17.625,-16.5,-17.08369,59,2026-08-23T15:00:40.468951-03:00
1441,2026-08-23T15:02:45-03:00,2026-08-23T15:07:45-03:00,2026-08-23T18:02:45+00:00,2026-08-23T18:07:45+00:00,-18.3125,-17.625,-17.99896,60,2026-08-23T15:05:40.689224-03:00
1442,2026-08-23T15:07:45-03:00,2026-08-23T15:12:45-03:00,2026-08-23T18:07:45+00:00,2026-08-23T18:12:45+00:00,-18.75,-18.3125,-18.55104,60,2026-08-23T15:10:40.333114-03:00
1443,2026-08-23T15:12:45-03:00,2026-08-23T15:17:45-03:00,2026-08-23T18:12:45+00:00,2026-08-23T18:17:45+00:00,-19.0625,-18.75,-18.925,60,2026-08-23T15:15:40.350629-03:00
1444,2026-08-23T15:17:45-03:00,2026-08-23T15:22:45-03:00,2026-08-23T18:17:45+00:00,2026-08-23T18:22:45+00:00,-19.3125,-19.0625,-19.20208,60,2026-08-23T15:20:40.374785-03:00
1445,2026-08-23T15:22:45-03:00,2026-08-23T15:27:45-03:00,2026-08-23T18:22:45+00:00,2026-08-23T18:27:45+00:00,-19.5,-19.3125,-19.425,60,2026-08-23T15:26:11.274264-03:00
1446,2026-08-23T15:27:45-03:00,2026-08-23T15:32:46-03:00,2026-08-23T18:27:45+00:00,2026-08-23T18:32:46+00:00,-19.75,-19.5,-19.63136,59,2026-08-23T15:30:40.686548-03:00
1447,2026-08-23T15:32:46-03:00,2026-08-23T15:37:46-03:00,2026-08-23T18:32:46+00:00,2026-08-23T18:37:46+00:00,-19.875,-19.75,-19.80313,60,2026-08-23T15:35:40.561470-03:00
1448,2026-08-23T15:37:46-03:00,2026-08-23T15:42:46-03:00,2026-08-23T18:37:46+00:00,2026-08-23T18:42:46+00:00,-20,-19.875,-19.925,60,2026-08-23T15:40:40.312425-03:00
1449,2026-08-23T15:42:46-03:00,2026-08-23T15:47:46-03:00,2026-08-23T18:42:46+00:00,2026-08-23T18:47:46+00:00,-20.125,-20,-20.07292,60,2026-08-23T15:45:39.856989-03:00
1450,2026-08-23T15:47:46-03:00,2026-08-23T15:52:46-03:00,2026-08-23T18:47:46+00:00,2026-08-23T18:52:46+00:00,-20.25,-20.125,-20.19271,60,2026-08-23T15:50:40.250334-03:00
1451,2026-08-23T15:52:46-03:00,2026-08-23T15:57:46-03:00,2026-08-23T18:52:46+00:00,2026-08-23T18:57:46+00:00,-20.375,-20.25,-20.29062,60,2026-08-23T15:55:40.586467-03:00
1452,2026-08-23T15:57:46-03:00,2026-08-23T16:02:46-03:00,2026-08-23T18:57:46+00:00,2026-08-23T19:02:46+00:00,-20.4375,-20.3125,-20.40208,60,2026-08-23T16:00:41.781696-03:00
1453,2026-08-23T16:02:46-03:00,2026-08-23T16:07:46-03:00,2026-08-23T19:02:46+00:00,2026-08-23T19:07:46+00:00,-20.5625,-20.4375,-20.49167,60,2026-08-23T16:05:40.476625-03:00
1454,2026-08-23T16:07:46-03:00,2026-08-23T16:12:46-03:00,2026-08-23T19:07:46+00:00,2026-08-23T19:12:46+00:00,-20.625,-20.5625,-20.60729,60,2026-08-23T16:10:43.217375-03:00
1455,2026-08-23T16:12:46-03:00,2026-08-23T16:17:46-03:00,2026-08-23T19:12:46+00:00,2026-08-23T19:17:46+00:00,-20.6875,-20.625,-20.66979,60,2026-08-23T16:15:40.442368-03:00
1456,2026-08-23T16:17:46-03:00,2026-08-23T16:22:46-03:00,2026-08-23T19:17:46+00:00,2026-08-23T19:22:46+00:00,-20.8125,-20.6875,-20.76667,60,2026-08-23T16:20:41.044970-03:00
1457,2026-08-23T16:22:46-03:00,2026-08-23T16:27:46-03:00,2026-08-23T19:22:46+00:00,2026-08-23T19:27:46+00:00,-20.8125,-19.625,-20.175,60,2026-08-23T16:25:41.034109-03:00
1458,2026-08-23T16:27:46-03:00,2026-08-23T16:32:46-03:00,2026-08-23T19:27:46+00:00,2026-08-23T19:32:46+00:00,-19.625,-18.875,-19.19375,60,2026-08-23T16:30:43.584995-03:00
1459,2026-08-23T16:32:46-03:00,2026-08-23T16:37:47-03:00,2026-08-23T19:32:46+00:00,2026-08-23T19:37:47+00:00,-18.8125,-18.3125,-18.57604,60,2026-08-23T16:35:48.483026-03:00
1460,2026-08-23T16:37:47-03:00,2026-08-23T16:42:47-03:00,2026-08-23T19:37:47+00:00,2026-08-23T19:42:47+00:00,-18.3125,-18,-18.14831,59,2026-08-23T16:40:50.009329-03:00
1461,2026-08-23T16:42:47-03:00,2026-08-23T16:47:47-03:00,2026-08-23T19:42:47+00:00,2026-08-23T19:47:47+00:00,-18,-17.6875,-17.83405,58,2026-08-23T16:45:43.722397-03:00
1462,2026-08-23T16:47:47-03:00,2026-08-23T16:52:47-03:00,2026-08-23T19:47:47+00:00,2026-08-23T19:52:47+00:00,-17.6875,-17.4375,-17.57917,60,2026-08-23T16:50:41.280229-03:00
1463,2026-08-23T16:52:47-03:00,2026-08-23T16:57:47-03:00,2026-08-23T19:52:47+00:00,2026-08-23T19:57:47+00:00,-17.875,-17.25,-17.41562,60,2026-08-23T16:55:41.692193-03:00
1465,2026-08-23T16:57:47-03:00,2026-08-23T17:02:47-03:00,2026-08-23T19:57:47+00:00,2026-08-23T20:02:47+00:00,-20.25,-17.9375,-19.21458,60,2026-08-23T17:01:10.891417-03:00
1466,2026-08-23T17:02:47-03:00,2026-08-23T17:07:47-03:00,2026-08-23T20:02:47+00:00,2026-08-23T20:07:47+00:00,-21.4375,-20.3125,-20.91843,59,2026-08-23T17:05:49.075094-03:00
1467,2026-08-23T17:07:47-03:00,2026-08-23T17:12:47-03:00,2026-08-23T20:07:47+00:00,2026-08-23T20:12:47+00:00,-22.0625,-21.4375,-21.78284,59,2026-08-23T17:10:43.904151-03:00
1468,2026-08-23T17:12:47-03:00,2026-08-23T17:17:47-03:00,2026-08-23T20:12:47+00:00,2026-08-23T20:17:47+00:00,-22.5,-22.0625,-22.27813,60,2026-08-23T17:15:44.598043-03:00
1469,2026-08-23T17:17:47-03:00,2026-08-23T17:22:48-03:00,2026-08-23T20:17:47+00:00,2026-08-23T20:22:48+00:00,-22.8125,-22.5,-22.64271,60,2026-08-23T17:20:42.198437-03:00
1470,2026-08-23T17:22:48-03:00,2026-08-23T17:27:48-03:00,2026-08-23T20:22:48+00:00,2026-08-23T20:27:48+00:00,-23.0625,-22.8125,-22.9625,60,2026-08-23T17:25:42.497410-03:00
1471,2026-08-23T17:27:48-03:00,2026-08-23T17:32:48-03:00,2026-08-23T20:27:48+00:00,2026-08-23T20:32:48+00:00,-23.3125,-23.0625,-23.20104,60,2026-08-23T17:31:14.626341-03:00
1472,2026-08-23T17:32:48-03:00,2026-08-23T17:37:48-03:00,2026-08-23T20:32:48+00:00,2026-08-23T20:37:48+00:00,-23.5,-23.3125,-23.40678,59,2026-08-23T17:35:43.023407-03:00
1473,2026-08-23T17:37:48-03:00,2026-08-23T17:42:48-03:00,2026-08-23T20:37:48+00:00,2026-08-23T20:42:48+00:00,-23.5625,-22.0625,-22.91562,60,2026-08-23T17:40:42.526258-03:00
1474,2026-08-23T17:42:48-03:00,2026-08-23T17:47:48-03:00,2026-08-23T20:42:48+00:00,2026-08-23T20:47:48+00:00,-22.0625,-20.9375,-21.45729,60,2026-08-23T17:45:43.578423-03:00
1475,2026-08-23T17:47:48-03:00,2026-08-23T17:52:48-03:00,2026-08-23T20:47:48+00:00,2026-08-23T20:52:48+00:00,-20.9375,-20.1875,-20.54792,60,2026-08-23T17:50:41.948625-03:00
1476,2026-08-23T17:52:48-03:00,2026-08-23T17:57:48-03:00,2026-08-23T20:52:48+00:00,2026-08-23T20:57:48+00:00,-20.1875,-19.75,-19.96146,60,2026-08-23T17:55:42.393328-03:00
1477,2026-08-23T17:57:48-03:00,2026-08-23T18:02:48-03:00,2026-08-23T20:57:48+00:00,2026-08-23T21:02:48+00:00,-19.75,-19.375,-19.53542,60,2026-08-23T18:00:43.205775-03:00
1478,2026-08-23T18:02:48-03:00,2026-08-23T18:07:48-03:00,2026-08-23T21:02:48+00:00,2026-08-23T21:07:48+00:00,-19.3125,-19.0625,-19.18542,60,2026-08-23T18:05:42.345964-03:00
1479,2026-08-23T18:07:48-03:00,2026-08-23T18:12:48-03:00,2026-08-23T21:07:48+00:00,2026-08-23T21:12:48+00:00,-19,-18.75,-18.89271,60,2026-08-23T18:10:42.572746-03:00
1480,2026-08-23T18:12:48-03:00,2026-08-23T18:17:48-03:00,2026-08-23T21:12:48+00:00,2026-08-23T21:17:48+00:00,-19,-18.5625,-18.68021,60,2026-08-23T18:15:42.314304-03:00
1481,2026-08-23T18:17:48-03:00,2026-08-23T18:22:49-03:00,2026-08-23T21:17:48+00:00,2026-08-23T21:22:49+00:00,-21.1875,-19,-20.21563,60,2026-08-23T18:20:46.415219-03:00
1482,2026-08-23T18:22:49-03:00,2026-08-23T18:27:49-03:00,2026-08-23T21:22:49+00:00,2026-08-23T21:27:49+00:00,-22.25,-21.25,-21.81886,59,2026-08-23T18:25:42.403997-03:00
1483,2026-08-23T18:27:49-03:00,2026-08-23T18:32:49-03:00,2026-08-23T21:27:49+00:00,2026-08-23T21:32:49+00:00,-22.875,-22.25,-22.59167,60,2026-08-23T18:30:42.549996-03:00
1484,2026-08-23T18:32:49-03:00,2026-08-23T18:37:49-03:00,2026-08-23T21:32:49+00:00,2026-08-23T21:37:49+00:00,-23.25,-22.875,-23.07708,60,2026-08-23T18:35:43.611251-03:00
1487,2026-08-23T18:37:49-03:00,2026-08-23T18:42:49-03:00,2026-08-23T21:37:49+00:00,2026-08-23T21:42:49+00:00,-23.5625,-23.25,-23.4375,60,2026-08-23T18:41:42.712680-03:00
1488,2026-08-23T18:42:49-03:00,2026-08-23T18:47:49-03:00,2026-08-23T21:42:49+00:00,2026-08-23T21:47:49+00:00,-23.875,-23.625,-23.73077,52,2026-08-23T18:46:14.062130-03:00
1489,2026-08-23T18:47:49-03:00,2026-08-23T18:52:49-03:00,2026-08-23T21:47:49+00:00,2026-08-23T21:52:49+00:00,-24.0625,-23.875,-23.96181,54,2026-08-23T18:51:12.597171-03:00
1490,2026-08-23T18:52:49-03:00,2026-08-23T18:57:49-03:00,2026-08-23T21:52:49+00:00,2026-08-23T21:57:49+00:00,-24.1875,-23.8125,-24.11864,59,2026-08-23T18:55:42.616445-03:00
1491,2026-08-23T18:57:49-03:00,2026-08-23T19:02:49-03:00,2026-08-23T21:57:49+00:00,2026-08-23T22:02:49+00:00,-23.8125,-22.375,-23.03333,60,2026-08-23T19:00:42.139314-03:00
1492,2026-08-23T19:02:49-03:00,2026-08-23T19:07:49-03:00,2026-08-23T22:02:49+00:00,2026-08-23T22:07:49+00:00,-22.375,-21.5,-21.88333,60,2026-08-23T19:05:42.583268-03:00
1493,2026-08-23T19:07:49-03:00,2026-08-23T19:12:49-03:00,2026-08-23T22:07:49+00:00,2026-08-23T22:12:49+00:00,-21.4375,-20.875,-21.16354,60,2026-08-23T19:10:45.844482-03:00
1494,2026-08-23T19:12:49-03:00,2026-08-23T19:17:49-03:00,2026-08-23T22:12:49+00:00,2026-08-23T22:17:49+00:00,-20.875,-20.5,-20.67903,59,2026-08-23T19:15:42.305426-03:00
1495,2026-08-23T19:17:49-03:00,2026-08-23T19:22:49-03:00,2026-08-23T22:17:49+00:00,2026-08-23T22:22:49+00:00,-20.5,-20.125,-20.31146,60,2026-08-23T19:20:43.069562-03:00
1496,2026-08-23T19:22:49-03:00,2026-08-23T19:27:49-03:00,2026-08-23T22:22:49+00:00,2026-08-23T22:27:49+00:00,-20.125,-19.875,-20.01458,60,2026-08-23T19:25:42.747364-03:00
1497,2026-08-23T19:27:49-03:00,2026-08-23T19:32:49-03:00,2026-08-23T22:27:49+00:00,2026-08-23T22:32:49+00:00,-19.875,-19.625,-19.7625,60,2026-08-23T19:30:42.772068-03:00
1498,2026-08-23T19:32:49-03:00,2026-08-23T19:37:49-03:00,2026-08-23T22:32:49+00:00,2026-08-23T22:37:49+00:00,-19.625,-19.4375,-19.53854,60,2026-08-23T19:35:42.542283-03:00
1499,2026-08-23T19:37:49-03:00,2026-08-23T19:42:49-03:00,2026-08-23T22:37:49+00:00,2026-08-23T22:42:49+00:00,-19.4375,-19.25,-19.3375,60,2026-08-23T19:40:42.455390-03:00
1500,2026-08-23T19:42:49-03:00,2026-08-23T19:47:49-03:00,2026-08-23T22:42:49+00:00,2026-08-23T22:47:49+00:00,-19.25,-19.0625,-19.14271,60,2026-08-23T19:45:42.320716-03:00
1501,2026-08-23T19:47:49-03:00,2026-08-23T19:52:49-03:00,2026-08-23T22:47:49+00:00,2026-08-23T22:52:49+00:00,-19.9375,-18.8125,-19.14896,60,2026-08-23T19:50:42.518927-03:00
1502,2026-08-23T19:52:49-03:00,2026-08-23T19:57:49-03:00,2026-08-23T22:52:49+00:00,2026-08-23T22:57:49+00:00,-21.9375,-20,-21.09271,60,2026-08-23T19:56:00.026831-03:00
1503,2026-08-23T19:57:49-03:00,2026-08-23T20:02:50-03:00,2026-08-23T22:57:49+00:00,2026-08-23T23:02:50+00:00,-22.875,-22.0625,-22.52632,57,2026-08-23T20:00:43.108603-03:00
1504,2026-08-23T20:02:50-03:00,2026-08-23T20:07:50-03:00,2026-08-23T23:02:50+00:00,2026-08-23T23:07:50+00:00,-23.4375,-22.9375,-23.19062,60,2026-08-23T20:05:43.121129-03:00
1505,2026-08-23T20:07:50-03:00,2026-08-23T20:12:50-03:00,2026-08-23T23:07:50+00:00,2026-08-23T23:12:50+00:00,-23.875,-23.4375,-23.66667,60,2026-08-23T20:10:42.659630-03:00
1506,2026-08-23T20:12:50-03:00,2026-08-23T20:17:50-03:00,2026-08-23T23:12:50+00:00,2026-08-23T23:17:50+00:00,-24.125,-23.875,-24.01563,60,2026-08-23T20:15:43.391992-03:00
1507,2026-08-23T20:17:50-03:00,2026-08-23T20:22:50-03:00,2026-08-23T23:17:50+00:00,2026-08-23T23:22:50+00:00,-24.375,-24.125,-24.28854,60,2026-08-23T20:20:42.862352-03:00
1508,2026-08-23T20:22:50-03:00,2026-08-23T20:27:50-03:00,2026-08-23T23:22:50+00:00,2026-08-23T23:27:50+00:00,-24.375,-22.9375,-23.625,60,2026-08-23T20:25:43.319539-03:00
1509,2026-08-23T20:27:50-03:00,2026-08-23T20:32:50-03:00,2026-08-23T23:27:50+00:00,2026-08-23T23:32:50+00:00,-22.875,-21.9375,-22.375,60,2026-08-23T20:30:42.874203-03:00
1510,2026-08-23T20:32:50-03:00,2026-08-23T20:37:50-03:00,2026-08-23T23:32:50+00:00,2026-08-23T23:37:50+00:00,-21.9375,-21.25,-21.58542,60,2026-08-23T20:35:45.238315-03:00
1511,2026-08-23T20:37:50-03:00,2026-08-23T20:42:50-03:00,2026-08-23T23:37:50+00:00,2026-08-23T23:42:50+00:00,-21.25,-20.4375,-20.875,60,2026-08-23T20:40:43.025638-03:00
1512,2026-08-23T20:42:50-03:00,2026-08-23T20:47:50-03:00,2026-08-23T23:42:50+00:00,2026-08-23T23:47:50+00:00,-20.4375,-19.3125,-19.92604,60,2026-08-23T20:45:43.480434-03:00
1513,2026-08-23T20:47:50-03:00,2026-08-23T20:52:50-03:00,2026-08-23T23:47:50+00:00,2026-08-23T23:52:50+00:00,-19.3125,-17.375,-18.42708,60,2026-08-23T20:50:44.254048-03:00
1514,2026-08-23T20:52:50-03:00,2026-08-23T20:57:50-03:00,2026-08-23T23:52:50+00:00,2026-08-23T23:57:50+00:00,-17.3125,-14.6875,-16.03958,60,2026-08-23T20:55:43.978990-03:00
1515,2026-08-23T20:57:50-03:00,2026-08-23T21:02:50-03:00,2026-08-23T23:57:50+00:00,2026-08-24T00:02:50+00:00,-14.625,-11.875,-13.21458,60,2026-08-23T21:00:44.558694-03:00
1516,2026-08-23T21:02:50-03:00,2026-08-23T21:07:50-03:00,2026-08-24T00:02:50+00:00,2026-08-24T00:07:50+00:00,-11.8125,-8.4375,-10.55833,60,2026-08-23T21:06:01.122196-03:00
1517,2026-08-23T21:07:50-03:00,2026-08-23T21:12:51-03:00,2026-08-24T00:07:50+00:00,2026-08-24T00:12:51+00:00,-10.875,-8.375,-9.858553,57,2026-08-23T21:10:43.789725-03:00
1518,2026-08-23T21:12:51-03:00,2026-08-23T21:17:51-03:00,2026-08-24T00:12:51+00:00,2026-08-24T00:17:51+00:00,-11.5625,-10.875,-11.2875,60,2026-08-23T21:15:44.323301-03:00
1519,2026-08-23T21:17:51-03:00,2026-08-23T21:22:51-03:00,2026-08-24T00:17:51+00:00,2026-08-24T00:22:51+00:00,-11.6875,-11.5625,-11.64271,60,2026-08-23T21:21:13.847287-03:00
1521,2026-08-23T21:22:51-03:00,2026-08-23T21:27:51-03:00,2026-08-24T00:22:51+00:00,2026-08-24T00:27:51+00:00,-11.75,-11.6875,-11.7214,59,2026-08-23T21:26:16.900691-03:00
1522,2026-08-23T21:27:51-03:00,2026-08-23T21:32:52-03:00,2026-08-24T00:27:51+00:00,2026-08-24T00:32:52+00:00,-11.75,-11.75,-11.75,59,2026-08-23T21:30:45.263843-03:00
1523,2026-08-23T21:32:52-03:00,2026-08-23T21:37:52-03:00,2026-08-24T00:32:52+00:00,2026-08-24T00:37:52+00:00,-11.75,-11.75,-11.75,60,2026-08-23T21:35:56.704821-03:00
1524,2026-08-23T21:37:52-03:00,2026-08-23T21:42:52-03:00,2026-08-24T00:37:52+00:00,2026-08-24T00:42:52+00:00,-11.75,-11.6875,-11.72522,58,2026-08-23T21:40:44.116177-03:00
1525,2026-08-23T21:42:52-03:00,2026-08-23T21:47:52-03:00,2026-08-24T00:42:52+00:00,2026-08-24T00:47:52+00:00,-11.6875,-11.6875,-11.6875,60,2026-08-23T21:45:45.048474-03:00
1526,2026-08-23T21:47:52-03:00,2026-08-23T21:52:52-03:00,2026-08-24T00:47:52+00:00,2026-08-24T00:52:52+00:00,-11.6875,-11.6875,-11.6875,60,2026-08-23T21:50:44.519532-03:00
1527,2026-08-23T21:52:52-03:00,2026-08-23T21:57:52-03:00,2026-08-24T00:52:52+00:00,2026-08-24T00:57:52+00:00,-11.6875,-11.625,-11.65521,60,2026-08-23T21:55:45.163295-03:00
1528,2026-08-23T21:57:52-03:00,2026-08-23T22:02:52-03:00,2026-08-24T00:57:52+00:00,2026-08-24T01:02:52+00:00,-11.6875,-11.0625,-11.57813,60,2026-08-23T22:00:44.509305-03:00
1529,2026-08-23T22:02:52-03:00,2026-08-23T22:07:52-03:00,2026-08-24T01:02:52+00:00,2026-08-24T01:07:52+00:00,-14.5625,-11.0625,-12.71042,60,2026-08-23T22:05:44.756642-03:00
1530,2026-08-23T22:07:52-03:00,2026-08-23T22:12:52-03:00,2026-08-24T01:07:52+00:00,2026-08-24T01:12:52+00:00,-17.3125,-14.625,-16.09375,60,2026-08-23T22:10:45.872390-03:00
1531,2026-08-23T22:12:52-03:00,2026-08-23T22:17:52-03:00,2026-08-24T01:12:52+00:00,2026-08-24T01:17:52+00:00,-18.8125,-17.375,-18.14688,60,2026-08-23T22:15:44.680277-03:00
1532,2026-08-23T22:17:52-03:00,2026-08-23T22:22:52-03:00,2026-08-24T01:17:52+00:00,2026-08-24T01:22:52+00:00,-19.6875,-18.875,-19.27292,60,2026-08-23T22:20:44.575231-03:00
1533,2026-08-23T22:22:52-03:00,2026-08-23T22:27:52-03:00,2026-08-24T01:22:52+00:00,2026-08-24T01:27:52+00:00,-20.3125,-19.6875,-20.01042,60,2026-08-23T22:25:50.494162-03:00
1534,2026-08-23T22:27:52-03:00,2026-08-23T22:32:52-03:00,2026-08-24T01:27:52+00:00,2026-08-24T01:32:52+00:00,-20.9375,-20.3125,-20.62182,59,2026-08-23T22:30:48.797705-03:00
1535,2026-08-23T22:32:52-03:00,2026-08-23T22:37:52-03:00,2026-08-24T01:32:52+00:00,2026-08-24T01:37:52+00:00,-21.375,-20.9375,-21.18114,59,2026-08-23T22:35:44.696069-03:00
1536,2026-08-23T22:37:52-03:00,2026-08-23T22:42:52-03:00,2026-08-24T01:37:52+00:00,2026-08-24T01:42:52+00:00,-21.8125,-21.4375,-21.62917,60,2026-08-23T22:43:05.418022-03:00
1537,2026-08-23T22:42:52-03:00,2026-08-23T22:47:52-03:00,2026-08-24T01:42:52+00:00,2026-08-24T01:47:52+00:00,-22.1875,-22,-22.09091,33,2026-08-23T22:46:17.200301-03:00
1538,2026-08-23T22:47:52-03:00,2026-08-23T22:52:52-03:00,2026-08-24T01:47:52+00:00,2026-08-24T01:52:52+00:00,-22.5,-22.1875,-22.35699,59,2026-08-23T22:51:48.823373-03:00
1539,2026-08-23T22:52:52-03:00,2026-08-23T22:57:52-03:00,2026-08-24T01:52:52+00:00,2026-08-24T01:57:52+00:00,-22.75,-22.5,-22.64693,57,2026-08-23T22:55:44.850524-03:00
1540,2026-08-23T22:57:52-03:00,2026-08-23T23:02:52-03:00,2026-08-24T01:57:52+00:00,2026-08-24T02:02:52+00:00,-22.9375,-21.6875,-22.575,60,2026-08-23T23:01:41.203935-03:00
1541,2026-08-23T23:02:52-03:00,2026-08-23T23:07:52-03:00,2026-08-24T02:02:52+00:00,2026-08-24T02:07:52+00:00,-21.25,-20.0625,-20.62245,49,2026-08-23T23:05:44.915507-03:00
1542,2026-08-23T23:07:53-03:00,2026-08-23T23:12:53-03:00,2026-08-24T02:07:53+00:00,2026-08-24T02:12:53+00:00,-20.0625,-19.1875,-19.60417,60,2026-08-23T23:10:45.919012-03:00
1543,2026-08-23T23:12:53-03:00,2026-08-23T23:17:53-03:00,2026-08-24T02:12:53+00:00,2026-08-24T02:17:53+00:00,-19.1875,-18.6875,-18.93438,60,2026-08-23T23:15:44.409230-03:00
1544,2026-08-23T23:17:53-03:00,2026-08-23T23:22:53-03:00,2026-08-24T02:17:53+00:00,2026-08-24T02:22:53+00:00,-18.6875,-18.3125,-18.47708,60,2026-08-23T23:20:44.795496-03:00
1545,2026-08-23T23:22:53-03:00,2026-08-23T23:27:53-03:00,2026-08-24T02:22:53+00:00,2026-08-24T02:27:53+00:00,-18.3125,-18,-18.14375,60,2026-08-23T23:25:45.311467-03:00
1546,2026-08-23T23:27:53-03:00,2026-08-23T23:32:53-03:00,2026-08-24T02:27:53+00:00,2026-08-24T02:32:53+00:00,-18,-17.75,-17.87812,60,2026-08-23T23:30:44.568676-03:00
1547,2026-08-23T23:32:53-03:00,2026-08-23T23:37:53-03:00,2026-08-24T02:32:53+00:00,2026-08-24T02:37:53+00:00,-17.75,-17.5625,-17.65104,60,2026-08-23T23:35:55.445402-03:00
1548,2026-08-23T23:37:53-03:00,2026-08-23T23:42:53-03:00,2026-08-24T02:37:53+00:00,2026-08-24T02:42:53+00:00,-17.5625,-17.3125,-17.44073,58,2026-08-23T23:40:44.824498-03:00
1549,2026-08-23T23:42:53-03:00,2026-08-23T23:47:53-03:00,2026-08-24T02:42:53+00:00,2026-08-24T02:47:53+00:00,-17.375,-17.1875,-17.25833,60,2026-08-23T23:45:45.217143-03:00
1550,2026-08-23T23:47:53-03:00,2026-08-23T23:52:53-03:00,2026-08-24T02:47:53+00:00,2026-08-24T02:52:53+00:00,-17.1875,-17,-17.08333,60,2026-08-23T23:50:44.933964-03:00
1551,2026-08-23T23:52:53-03:00,2026-08-23T23:57:53-03:00,2026-08-24T02:52:53+00:00,2026-08-24T02:57:53+00:00,-17,-16.8125,-16.92083,60,2026-08-23T23:55:45.621114-03:00
1552,2026-08-23T23:57:53-03:00,2026-08-24T00:02:53-03:00,2026-08-24T02:57:53+00:00,2026-08-24T03:02:53+00:00,-16.8125,-16.6875,-16.75521,60,2026-08-24T00:00:45.432646-03:00
1553,2026-08-24T00:02:53-03:00,2026-08-24T00:07:53-03:00,2026-08-24T03:02:53+00:00,2026-08-24T03:07:53+00:00,-16.6875,-16.5,-16.60417,60,2026-08-24T00:05:44.952445-03:00
1554,2026-08-24T00:07:53-03:00,2026-08-24T00:12:53-03:00,2026-08-24T03:07:53+00:00,2026-08-24T03:12:53+00:00,-16.5,-16.375,-16.44792,60,2026-08-24T00:10:45.045431-03:00
1555,2026-08-24T00:12:53-03:00,2026-08-24T00:17:53-03:00,2026-08-24T03:12:53+00:00,2026-08-24T03:17:53+00:00,-16.375,-16.25,-16.30417,60,2026-08-24T00:15:45.433901-03:00
1556,2026-08-24T00:17:53-03:00,2026-08-24T00:22:53-03:00,2026-08-24T03:17:53+00:00,2026-08-24T03:22:53+00:00,-16.25,-16.0625,-16.15729,60,2026-08-24T00:20:44.853185-03:00
1557,2026-08-24T00:22:53-03:00,2026-08-24T00:27:53-03:00,2026-08-24T03:22:53+00:00,2026-08-24T03:27:53+00:00,-16.0625,-15.9375,-16.00521,60,2026-08-24T00:25:45.361180-03:00
1558,2026-08-24T00:27:53-03:00,2026-08-24T00:32:53-03:00,2026-08-24T03:27:53+00:00,2026-08-24T03:32:53+00:00,-15.9375,-15.8125,-15.86146,60,2026-08-24T00:30:44.925461-03:00
1559,2026-08-24T00:32:53-03:00,2026-08-24T00:37:53-03:00,2026-08-24T03:32:53+00:00,2026-08-24T03:37:53+00:00,-15.8125,-15.625,-15.71458,60,2026-08-24T00:35:45.129783-03:00
1560,2026-08-24T00:37:53-03:00,2026-08-24T00:42:53-03:00,2026-08-24T03:37:53+00:00,2026-08-24T03:42:53+00:00,-15.625,-15.5,-15.56979,60,2026-08-24T00:40:44.709744-03:00
1561,2026-08-24T00:42:53-03:00,2026-08-24T00:47:53-03:00,2026-08-24T03:42:53+00:00,2026-08-24T03:47:53+00:00,-15.5,-15.375,-15.42917,60,2026-08-24T00:45:45.673148-03:00
1562,2026-08-24T00:47:53-03:00,2026-08-24T00:52:53-03:00,2026-08-24T03:47:53+00:00,2026-08-24T03:52:53+00:00,-15.375,-15.25,-15.29896,60,2026-08-24T00:50:45.238779-03:00
1563,2026-08-24T00:52:53-03:00,2026-08-24T00:57:53-03:00,2026-08-24T03:52:53+00:00,2026-08-24T03:57:53+00:00,-15.25,-15.0625,-15.15833,60,2026-08-24T00:55:44.619290-03:00
1564,2026-08-24T00:57:53-03:00,2026-08-24T01:02:53-03:00,2026-08-24T03:57:53+00:00,2026-08-24T04:02:53+00:00,-15.0625,-14.9375,-15.02083,60,2026-08-24T01:00:44.912932-03:00
1565,2026-08-24T01:02:53-03:00,2026-08-24T01:07:53-03:00,2026-08-24T04:02:53+00:00,2026-08-24T04:07:53+00:00,-14.9375,-14.8125,-14.89271,60,2026-08-24T01:05:44.915901-03:00
1566,2026-08-24T01:07:53-03:00,2026-08-24T01:12:53-03:00,2026-08-24T04:07:53+00:00,2026-08-24T04:12:53+00:00,-14.8125,-14.6875,-14.75833,60,2026-08-24T01:10:45.071509-03:00
1567,2026-08-24T01:12:53-03:00,2026-08-24T01:17:53-03:00,2026-08-24T04:12:53+00:00,2026-08-24T04:17:53+00:00,-15.8125,-14.4375,-14.81354,60,2026-08-24T01:15:45.282642-03:00
1568,2026-08-24T01:17:53-03:00,2026-08-24T01:22:53-03:00,2026-08-24T04:17:53+00:00,2026-08-24T04:22:53+00:00,-18.8125,-15.875,-17.52813,60,2026-08-24T01:20:45.378734-03:00
1569,2026-08-24T01:22:53-03:00,2026-08-24T01:27:54-03:00,2026-08-24T04:22:53+00:00,2026-08-24T04:27:54+00:00,-20.25,-18.875,-19.63437,60,2026-08-24T01:25:45.093630-03:00
1570,2026-08-24T01:27:54-03:00,2026-08-24T01:32:54-03:00,2026-08-24T04:27:54+00:00,2026-08-24T04:32:54+00:00,-21.125,-20.3125,-20.75937,60,2026-08-24T01:30:44.914194-03:00
1571,2026-08-24T01:32:54-03:00,2026-08-24T01:37:54-03:00,2026-08-24T04:32:54+00:00,2026-08-24T04:37:54+00:00,-21.0625,-19,-19.91458,60,2026-08-24T01:35:45.526966-03:00
1572,2026-08-24T01:37:54-03:00,2026-08-24T01:42:54-03:00,2026-08-24T04:37:54+00:00,2026-08-24T04:42:54+00:00,-18.9375,-17.875,-18.34479,60,2026-08-24T01:40:45.563117-03:00
1574,2026-08-24T01:42:54-03:00,2026-08-24T01:47:54-03:00,2026-08-24T04:42:54+00:00,2026-08-24T04:47:54+00:00,-17.875,-17.25,-17.53542,60,2026-08-24T01:46:14.888821-03:00
1575,2026-08-24T01:47:54-03:00,2026-08-24T01:52:54-03:00,2026-08-24T04:47:54+00:00,2026-08-24T04:52:54+00:00,-17.25,-16.875,-17.0678,59,2026-08-24T01:50:45.124548-03:00
1576,2026-08-24T01:52:54-03:00,2026-08-24T01:57:54-03:00,2026-08-24T04:52:54+00:00,2026-08-24T04:57:54+00:00,-16.875,-16.625,-16.75729,60,2026-08-24T01:55:45.513643-03:00
1577,2026-08-24T01:57:54-03:00,2026-08-24T02:02:54-03:00,2026-08-24T04:57:54+00:00,2026-08-24T05:02:54+00:00,-16.625,-16.4375,-16.53333,60,2026-08-24T02:00:44.885113-03:00
1578,2026-08-24T02:02:54-03:00,2026-08-24T02:07:54-03:00,2026-08-24T05:02:54+00:00,2026-08-24T05:07:54+00:00,-16.4375,-16.25,-16.34063,60,2026-08-24T02:05:45.320494-03:00
1579,2026-08-24T02:07:54-03:00,2026-08-24T02:12:54-03:00,2026-08-24T05:07:54+00:00,2026-08-24T05:12:54+00:00,-16.25,-16.0625,-16.16562,60,2026-08-24T02:10:45.178196-03:00
1580,2026-08-24T02:12:54-03:00,2026-08-24T02:17:54-03:00,2026-08-24T05:12:54+00:00,2026-08-24T05:17:54+00:00,-16.0625,-15.9375,-16.00521,60,2026-08-24T02:15:44.607698-03:00
1581,2026-08-24T02:17:54-03:00,2026-08-24T02:22:54-03:00,2026-08-24T05:17:54+00:00,2026-08-24T05:22:54+00:00,-15.9375,-15.75,-15.85312,60,2026-08-24T02:20:45.134414-03:00
1582,2026-08-24T02:22:54-03:00,2026-08-24T02:27:54-03:00,2026-08-24T05:22:54+00:00,2026-08-24T05:27:54+00:00,-15.75,-15.625,-15.69687,60,2026-08-24T02:25:45.713195-03:00
1583,2026-08-24T02:27:54-03:00,2026-08-24T02:32:54-03:00,2026-08-24T05:27:54+00:00,2026-08-24T05:32:54+00:00,-15.625,-15.5,-15.56146,60,2026-08-24T02:30:45.220835-03:00
1584,2026-08-24T02:32:54-03:00,2026-08-24T02:37:54-03:00,2026-08-24T05:32:54+00:00,2026-08-24T05:37:54+00:00,-15.5,-15.375,-15.425,60,2026-08-24T02:35:47.050461-03:00
1585,2026-08-24T02:37:54-03:00,2026-08-24T02:42:54-03:00,2026-08-24T05:37:54+00:00,2026-08-24T05:42:54+00:00,-15.375,-15.1875,-15.28438,60,2026-08-24T02:40:45.305621-03:00
1586,2026-08-24T02:42:54-03:00,2026-08-24T02:47:54-03:00,2026-08-24T05:42:54+00:00,2026-08-24T05:47:54+00:00,-15.1875,-15.0625,-15.15,60,2026-08-24T02:45:45.368242-03:00
1587,2026-08-24T02:47:54-03:00,2026-08-24T02:52:54-03:00,2026-08-24T05:47:54+00:00,2026-08-24T05:52:54+00:00,-15.0625,-14.9375,-15.02292,60,2026-08-24T02:50:45.408529-03:00
1588,2026-08-24T02:52:54-03:00,2026-08-24T02:57:54-03:00,2026-08-24T05:52:54+00:00,2026-08-24T05:57:54+00:00,-14.9375,-14.8125,-14.89063,60,2026-08-24T02:55:45.097288-03:00
1589,2026-08-24T02:57:54-03:00,2026-08-24T03:02:54-03:00,2026-08-24T05:57:54+00:00,2026-08-24T06:02:54+00:00,-14.8125,-14.6875,-14.76146,60,2026-08-24T03:00:45.433497-03:00
1590,2026-08-24T03:02:54-03:00,2026-08-24T03:07:54-03:00,2026-08-24T06:02:54+00:00,2026-08-24T06:07:54+00:00,-14.6875,-14.5625,-14.64271,60,2026-08-24T03:05:47.979146-03:00
1591,2026-08-24T03:07:54-03:00,2026-08-24T03:12:54-03:00,2026-08-24T06:07:54+00:00,2026-08-24T06:12:54+00:00,-17.1875,-14.4375,-15.51458,60,2026-08-24T03:10:45.621043-03:00
1592,2026-08-24T03:12:54-03:00,2026-08-24T03:17:55-03:00,2026-08-24T06:12:54+00:00,2026-08-24T06:17:55+00:00,-19.4375,-17.25,-18.47917,60,2026-08-24T03:15:45.852553-03:00
1593,2026-08-24T03:17:55-03:00,2026-08-24T03:22:55-03:00,2026-08-24T06:17:55+00:00,2026-08-24T06:22:55+00:00,-20.625,-19.4375,-20.075,60,2026-08-24T03:20:45.488331-03:00
1594,2026-08-24T03:22:55-03:00,2026-08-24T03:27:55-03:00,2026-08-24T06:22:55+00:00,2026-08-24T06:27:55+00:00,-21.125,-20.125,-20.79375,60,2026-08-24T03:25:45.647524-03:00
1595,2026-08-24T03:27:55-03:00,2026-08-24T03:32:55-03:00,2026-08-24T06:27:55+00:00,2026-08-24T06:32:55+00:00,-20.125,-18.375,-19.13646,60,2026-08-24T03:30:45.789517-03:00
1596,2026-08-24T03:32:55-03:00,2026-08-24T03:37:55-03:00,2026-08-24T06:32:55+00:00,2026-08-24T06:37:55+00:00,-18.3125,-17.4375,-17.84792,60,2026-08-24T03:35:45.301666-03:00
1597,2026-08-24T03:37:55-03:00,2026-08-24T03:42:55-03:00,2026-08-24T06:37:55+00:00,2026-08-24T06:42:55+00:00,-17.4375,-16.9375,-17.18229,60,2026-08-24T03:40:45.484370-03:00
1598,2026-08-24T03:42:55-03:00,2026-08-24T03:47:55-03:00,2026-08-24T06:42:55+00:00,2026-08-24T06:47:55+00:00,-16.9375,-16.625,-16.77708,60,2026-08-24T03:45:45.760499-03:00
1599,2026-08-24T03:47:55-03:00,2026-08-24T03:52:55-03:00,2026-08-24T06:47:55+00:00,2026-08-24T06:52:55+00:00,-16.625,-16.375,-16.51042,60,2026-08-24T03:50:45.551673-03:00
1600,2026-08-24T03:52:55-03:00,2026-08-24T03:57:55-03:00,2026-08-24T06:52:55+00:00,2026-08-24T06:57:55+00:00,-16.375,-16.1875,-16.29271,60,2026-08-24T03:55:45.678651-03:00
1601,2026-08-24T03:57:55-03:00,2026-08-24T04:02:55-03:00,2026-08-24T06:57:55+00:00,2026-08-24T07:02:55+00:00,-16.1875,-16,-16.11042,60,2026-08-24T04:00:45.270181-03:00
1602,2026-08-24T04:02:55-03:00,2026-08-24T04:07:55-03:00,2026-08-24T07:02:55+00:00,2026-08-24T07:07:55+00:00,-16,-15.875,-15.94583,60,2026-08-24T04:05:48.213628-03:00
1603,2026-08-24T04:07:55-03:00,2026-08-24T04:12:55-03:00,2026-08-24T07:07:55+00:00,2026-08-24T07:12:55+00:00,-15.875,-15.75,-15.80417,60,2026-08-24T04:10:45.634456-03:00
1604,2026-08-24T04:12:55-03:00,2026-08-24T04:17:55-03:00,2026-08-24T07:12:55+00:00,2026-08-24T07:17:55+00:00,-15.75,-15.5625,-15.66354,60,2026-08-24T04:15:45.813112-03:00
1605,2026-08-24T04:17:55-03:00,2026-08-24T04:22:55-03:00,2026-08-24T07:17:55+00:00,2026-08-24T07:22:55+00:00,-15.5625,-15.4375,-15.51875,60,2026-08-24T04:20:45.809702-03:00
1606,2026-08-24T04:22:55-03:00,2026-08-24T04:27:55-03:00,2026-08-24T07:22:55+00:00,2026-08-24T07:27:55+00:00,-15.4375,-15.3125,-15.38542,60,2026-08-24T04:25:45.874084-03:00
1607,2026-08-24T04:27:55-03:00,2026-08-24T04:32:55-03:00,2026-08-24T07:27:55+00:00,2026-08-24T07:32:55+00:00,-15.3125,-15.1875,-15.25833,60,2026-08-24T04:30:45.999077-03:00
1608,2026-08-24T04:32:55-03:00,2026-08-24T04:37:55-03:00,2026-08-24T07:32:55+00:00,2026-08-24T07:37:55+00:00,-15.1875,-15.0625,-15.13229,60,2026-08-24T04:35:46.294554-03:00
1609,2026-08-24T04:37:55-03:00,2026-08-24T04:42:55-03:00,2026-08-24T07:37:55+00:00,2026-08-24T07:42:55+00:00,-15.0625,-14.9375,-15.00313,60,2026-08-24T04:40:45.827436-03:00
1610,2026-08-24T04:42:55-03:00,2026-08-24T04:47:55-03:00,2026-08-24T07:42:55+00:00,2026-08-24T07:47:55+00:00,-14.9375,-14.8125,-14.88125,60,2026-08-24T04:45:46.196371-03:00
1611,2026-08-24T04:47:55-03:00,2026-08-24T04:52:55-03:00,2026-08-24T07:47:55+00:00,2026-08-24T07:52:55+00:00,-14.8125,-14.6875,-14.75625,60,2026-08-24T04:50:48.669157-03:00
1612,2026-08-24T04:52:55-03:00,2026-08-24T04:57:56-03:00,2026-08-24T07:52:55+00:00,2026-08-24T07:57:56+00:00,-14.6875,-14.5625,-14.64167,60,2026-08-24T04:55:46.394663-03:00
1613,2026-08-24T04:57:56-03:00,2026-08-24T05:02:56-03:00,2026-08-24T07:57:56+00:00,2026-08-24T08:02:56+00:00,-14.625,-14.375,-14.51042,60,2026-08-24T05:00:46.599151-03:00
1614,2026-08-24T05:02:56-03:00,2026-08-24T05:07:56-03:00,2026-08-24T08:02:56+00:00,2026-08-24T08:07:56+00:00,-18,-14.6875,-16.38125,60,2026-08-24T05:05:46.482543-03:00
1615,2026-08-24T05:07:56-03:00,2026-08-24T05:12:56-03:00,2026-08-24T08:07:56+00:00,2026-08-24T08:12:56+00:00,-19.75,-18,-19.00417,60,2026-08-24T05:10:46.280284-03:00
1616,2026-08-24T05:12:56-03:00,2026-08-24T05:17:56-03:00,2026-08-24T08:12:56+00:00,2026-08-24T08:17:56+00:00,-20.75,-19.8125,-20.31875,60,2026-08-24T05:15:46.378751-03:00
1617,2026-08-24T05:17:56-03:00,2026-08-24T05:22:56-03:00,2026-08-24T08:17:56+00:00,2026-08-24T08:22:56+00:00,-21,-19.3125,-20.34792,60,2026-08-24T05:20:45.976706-03:00
1618,2026-08-24T05:22:56-03:00,2026-08-24T05:27:56-03:00,2026-08-24T08:22:56+00:00,2026-08-24T08:27:56+00:00,-19.25,-17.875,-18.49479,60,2026-08-24T05:25:46.190296-03:00
1619,2026-08-24T05:27:56-03:00,2026-08-24T05:32:56-03:00,2026-08-24T08:27:56+00:00,2026-08-24T08:32:56+00:00,-17.875,-17.125,-17.46875,60,2026-08-24T05:30:46.293684-03:00
1620,2026-08-24T05:32:56-03:00,2026-08-24T05:37:56-03:00,2026-08-24T08:32:56+00:00,2026-08-24T08:37:56+00:00,-17.125,-16.6875,-16.91771,60,2026-08-24T05:35:46.813450-03:00
1621,2026-08-24T05:37:56-03:00,2026-08-24T05:42:56-03:00,2026-08-24T08:37:56+00:00,2026-08-24T08:42:56+00:00,-16.75,-16.4375,-16.56875,60,2026-08-24T05:40:46.238856-03:00
1622,2026-08-24T05:42:56-03:00,2026-08-24T05:47:56-03:00,2026-08-24T08:42:56+00:00,2026-08-24T08:47:56+00:00,-16.4375,-16.1875,-16.31875,60,2026-08-24T05:45:46.250913-03:00
1623,2026-08-24T05:47:56-03:00,2026-08-24T05:52:56-03:00,2026-08-24T08:47:56+00:00,2026-08-24T08:52:56+00:00,-16.1875,-16,-16.11667,60,2026-08-24T05:50:46.476245-03:00
1624,2026-08-24T05:52:56-03:00,2026-08-24T05:57:56-03:00,2026-08-24T08:52:56+00:00,2026-08-24T08:57:56+00:00,-16,-15.875,-15.94896,60,2026-08-24T05:55:46.826853-03:00
1625,2026-08-24T05:57:56-03:00,2026-08-24T06:02:56-03:00,2026-08-24T08:57:56+00:00,2026-08-24T09:02:56+00:00,-15.875,-15.75,-15.80104,60,2026-08-24T06:00:46.282253-03:00
1626,2026-08-24T06:02:56-03:00,2026-08-24T06:07:56-03:00,2026-08-24T09:02:56+00:00,2026-08-24T09:07:56+00:00,-15.75,-15.5625,-15.66771,60,2026-08-24T06:05:46.449392-03:00
1627,2026-08-24T06:07:56-03:00,2026-08-24T06:12:56-03:00,2026-08-24T09:07:56+00:00,2026-08-24T09:12:56+00:00,-15.625,-15.4375,-15.53125,60,2026-08-24T06:10:48.691281-03:00
1628,2026-08-24T06:12:56-03:00,2026-08-24T06:17:56-03:00,2026-08-24T09:12:56+00:00,2026-08-24T09:17:56+00:00,-15.4375,-15.3125,-15.4,60,2026-08-24T06:15:46.313820-03:00
1629,2026-08-24T06:17:56-03:00,2026-08-24T06:22:56-03:00,2026-08-24T09:17:56+00:00,2026-08-24T09:22:56+00:00,-15.3125,-15.1875,-15.26771,60,2026-08-24T06:20:46.426072-03:00
1630,2026-08-24T06:22:56-03:00,2026-08-24T06:27:56-03:00,2026-08-24T09:22:56+00:00,2026-08-24T09:27:56+00:00,-15.1875,-15.0625,-15.15104,60,2026-08-24T06:25:47.125411-03:00
1631,2026-08-24T06:27:56-03:00,2026-08-24T06:32:56-03:00,2026-08-24T09:27:56+00:00,2026-08-24T09:32:56+00:00,-15.0625,-14.9375,-15.02708,60,2026-08-24T06:30:46.349621-03:00
1632,2026-08-24T06:32:56-03:00,2026-08-24T06:37:56-03:00,2026-08-24T09:32:56+00:00,2026-08-24T09:37:56+00:00,-15,-14.875,-14.91354,60,2026-08-24T06:35:46.538649-03:00
1633,2026-08-24T06:37:56-03:00,2026-08-24T06:42:57-03:00,2026-08-24T09:37:56+00:00,2026-08-24T09:42:57+00:00,-14.875,-14.75,-14.80104,60,2026-08-24T06:40:46.354974-03:00
1634,2026-08-24T06:42:57-03:00,2026-08-24T06:47:57-03:00,2026-08-24T09:42:57+00:00,2026-08-24T09:47:57+00:00,-14.75,-14.625,-14.68437,60,2026-08-24T06:45:46.926909-03:00
1635,2026-08-24T06:47:57-03:00,2026-08-24T06:52:57-03:00,2026-08-24T09:47:57+00:00,2026-08-24T09:52:57+00:00,-14.625,-14.5,-14.57187,60,2026-08-24T06:50:46.605636-03:00
1636,2026-08-24T06:52:57-03:00,2026-08-24T06:57:57-03:00,2026-08-24T09:52:57+00:00,2026-08-24T09:57:57+00:00,-14.5,-14.375,-14.4625,60,2026-08-24T06:55:49.473869-03:00
1637,2026-08-24T06:57:57-03:00,2026-08-24T07:02:57-03:00,2026-08-24T09:57:57+00:00,2026-08-24T10:02:57+00:00,-16.5,-14.25,-15.0125,60,2026-08-24T07:00:47.276640-03:00
1638,2026-08-24T07:02:57-03:00,2026-08-24T07:07:57-03:00,2026-08-24T10:02:57+00:00,2026-08-24T10:07:57+00:00,-19.0625,-16.5625,-17.96042,60,2026-08-24T07:05:47.059927-03:00
1639,2026-08-24T07:07:57-03:00,2026-08-24T07:12:57-03:00,2026-08-24T10:07:57+00:00,2026-08-24T10:12:57+00:00,-20.3125,-19.0625,-19.74063,60,2026-08-24T07:10:47.266336-03:00
1640,2026-08-24T07:12:57-03:00,2026-08-24T07:17:57-03:00,2026-08-24T10:12:57+00:00,2026-08-24T10:17:57+00:00,-20.9375,-20.3125,-20.64167,60,2026-08-24T07:15:47.516107-03:00
1641,2026-08-24T07:17:57-03:00,2026-08-24T07:22:57-03:00,2026-08-24T10:17:57+00:00,2026-08-24T10:22:57+00:00,-20.3125,-18.3125,-19.19896,60,2026-08-24T07:20:47.158039-03:00
1642,2026-08-24T07:22:57-03:00,2026-08-24T07:27:57-03:00,2026-08-24T10:22:57+00:00,2026-08-24T10:27:57+00:00,-18.3125,-17.3125,-17.7625,60,2026-08-24T07:25:47.105241-03:00
1643,2026-08-24T07:27:57-03:00,2026-08-24T07:32:57-03:00,2026-08-24T10:27:57+00:00,2026-08-24T10:32:57+00:00,-17.3125,-16.8125,-17.04062,60,2026-08-24T07:30:46.756279-03:00
1644,2026-08-24T07:32:57-03:00,2026-08-24T07:37:58-03:00,2026-08-24T10:32:57+00:00,2026-08-24T10:37:58+00:00,-16.8125,-16.4375,-16.62188,60,2026-08-24T07:35:47.547075-03:00
1645,2026-08-24T07:37:58-03:00,2026-08-24T07:42:58-03:00,2026-08-24T10:37:58+00:00,2026-08-24T10:42:58+00:00,-16.5,-16.1875,-16.33958,60,2026-08-24T07:40:48.253189-03:00
1646,2026-08-24T07:42:58-03:00,2026-08-24T07:47:58-03:00,2026-08-24T10:42:58+00:00,2026-08-24T10:47:58+00:00,-16.1875,-16,-16.11979,60,2026-08-24T07:45:47.669300-03:00
1647,2026-08-24T07:47:58-03:00,2026-08-24T07:52:58-03:00,2026-08-24T10:47:58+00:00,2026-08-24T10:52:58+00:00,-16.0625,-15.875,-15.94583,60,2026-08-24T07:50:47.385592-03:00
1648,2026-08-24T07:52:58-03:00,2026-08-24T07:57:58-03:00,2026-08-24T10:52:58+00:00,2026-08-24T10:57:58+00:00,-15.875,-15.75,-15.80313,60,2026-08-24T07:55:47.033861-03:00
1649,2026-08-24T07:57:58-03:00,2026-08-24T08:02:58-03:00,2026-08-24T10:57:58+00:00,2026-08-24T11:02:58+00:00,-15.75,-15.625,-15.66771,60,2026-08-24T08:00:47.028282-03:00
1650,2026-08-24T08:02:58-03:00,2026-08-24T08:07:58-03:00,2026-08-24T11:02:58+00:00,2026-08-24T11:07:58+00:00,-15.625,-15.4375,-15.53646,60,2026-08-24T08:05:49.546128-03:00
1651,2026-08-24T08:07:58-03:00,2026-08-24T08:12:58-03:00,2026-08-24T11:07:58+00:00,2026-08-24T11:12:58+00:00,-15.5,-15.375,-15.41042,60,2026-08-24T08:10:47.272481-03:00
1652,2026-08-24T08:12:58-03:00,2026-08-24T08:17:58-03:00,2026-08-24T11:12:58+00:00,2026-08-24T11:17:58+00:00,-15.375,-15.25,-15.29167,60,2026-08-24T08:15:47.156855-03:00
1653,2026-08-24T08:17:58-03:00,2026-08-24T08:22:58-03:00,2026-08-24T11:17:58+00:00,2026-08-24T11:22:58+00:00,-15.25,-15.125,-15.17083,60,2026-08-24T08:20:47.308640-03:00
1654,2026-08-24T08:22:58-03:00,2026-08-24T08:27:58-03:00,2026-08-24T11:22:58+00:00,2026-08-24T11:27:58+00:00,-15.125,-15,-15.05521,60,2026-08-24T08:25:51.750718-03:00
1655,2026-08-24T08:27:58-03:00,2026-08-24T08:32:58-03:00,2026-08-24T11:27:58+00:00,2026-08-24T11:32:58+00:00,-15,-14.875,-14.94597,59,2026-08-24T08:30:47.441071-03:00
1656,2026-08-24T08:32:58-03:00,2026-08-24T08:37:58-03:00,2026-08-24T11:32:58+00:00,2026-08-24T11:37:58+00:00,-14.875,-14.8125,-14.84167,60,2026-08-24T08:35:47.624674-03:00
1657,2026-08-24T08:37:58-03:00,2026-08-24T08:42:58-03:00,2026-08-24T11:37:58+00:00,2026-08-24T11:42:58+00:00,-14.75,-14.6875,-14.72188,60,2026-08-24T08:40:47.332089-03:00
1658,2026-08-24T08:42:58-03:00,2026-08-24T08:47:58-03:00,2026-08-24T11:42:58+00:00,2026-08-24T11:47:58+00:00,-14.6875,-14.5625,-14.62187,60,2026-08-24T08:45:47.451973-03:00
1659,2026-08-24T08:47:58-03:00,2026-08-24T08:52:58-03:00,2026-08-24T11:47:58+00:00,2026-08-24T11:52:58+00:00,-14.5625,-14.4375,-14.51563,60,2026-08-24T08:50:47.603517-03:00
1660,2026-08-24T08:52:58-03:00,2026-08-24T08:57:58-03:00,2026-08-24T11:52:58+00:00,2026-08-24T11:57:58+00:00,-14.4375,-14.375,-14.40312,60,2026-08-24T08:55:47.214777-03:00
1661,2026-08-24T08:57:58-03:00,2026-08-24T09:02:58-03:00,2026-08-24T11:57:58+00:00,2026-08-24T12:02:58+00:00,-14.375,-14.25,-14.30208,60,2026-08-24T09:00:48.543457-03:00
1662,2026-08-24T09:02:58-03:00,2026-08-24T09:07:58-03:00,2026-08-24T12:02:58+00:00,2026-08-24T12:07:58+00:00,-15,-14.0625,-14.30313,60,2026-08-24T09:05:47.609318-03:00
1663,2026-08-24T09:07:58-03:00,2026-08-24T09:12:58-03:00,2026-08-24T12:07:58+00:00,2026-08-24T12:12:58+00:00,-18.0625,-15.0625,-16.65521,60,2026-08-24T09:11:11.988708-03:00
1664,2026-08-24T09:12:58-03:00,2026-08-24T09:17:58-03:00,2026-08-24T12:12:58+00:00,2026-08-24T12:17:58+00:00,-19.75,-18.3125,-19.05682,55,2026-08-24T09:15:47.352798-03:00
1665,2026-08-24T09:17:58-03:00,2026-08-24T09:22:58-03:00,2026-08-24T12:17:58+00:00,2026-08-24T12:22:58+00:00,-20.625,-19.75,-20.20625,60,2026-08-24T09:20:47.452298-03:00
1666,2026-08-24T09:22:58-03:00,2026-08-24T09:27:58-03:00,2026-08-24T12:22:58+00:00,2026-08-24T12:27:58+00:00,-20.75,-18.75,-19.85104,60,2026-08-24T09:25:47.571318-03:00
1667,2026-08-24T09:27:58-03:00,2026-08-24T09:32:58-03:00,2026-08-24T12:27:58+00:00,2026-08-24T12:32:58+00:00,-18.75,-17.4375,-18.025,60,2026-08-24T09:30:47.836711-03:00
1668,2026-08-24T09:32:58-03:00,2026-08-24T09:37:58-03:00,2026-08-24T12:32:58+00:00,2026-08-24T12:37:58+00:00,-17.4375,-16.8125,-17.08438,60,2026-08-24T09:35:47.562134-03:00
1669,2026-08-24T09:37:58-03:00,2026-08-24T09:42:58-03:00,2026-08-24T12:37:58+00:00,2026-08-24T12:42:58+00:00,-16.75,-16.375,-16.57708,60,2026-08-24T09:40:47.355567-03:00
1670,2026-08-24T09:42:58-03:00,2026-08-24T09:47:58-03:00,2026-08-24T12:42:58+00:00,2026-08-24T12:47:58+00:00,-16.375,-16.125,-16.25104,60,2026-08-24T09:45:47.367343-03:00
1671,2026-08-24T09:47:58-03:00,2026-08-24T09:52:58-03:00,2026-08-24T12:47:58+00:00,2026-08-24T12:52:58+00:00,-16.125,-15.875,-16.00729,60,2026-08-24T09:50:46.829479-03:00
1672,2026-08-24T09:52:58-03:00,2026-08-24T09:57:59-03:00,2026-08-24T12:52:58+00:00,2026-08-24T12:57:59+00:00,-15.875,-15.75,-15.81146,60,2026-08-24T09:55:47.776738-03:00
1673,2026-08-24T09:57:59-03:00,2026-08-24T10:02:59-03:00,2026-08-24T12:57:59+00:00,2026-08-24T13:02:59+00:00,-15.75,-15.5625,-15.65833,60,2026-08-24T10:00:50.180800-03:00
1674,2026-08-24T10:02:59-03:00,2026-08-24T10:07:59-03:00,2026-08-24T13:02:59+00:00,2026-08-24T13:07:59+00:00,-15.5625,-15.4375,-15.51563,60,2026-08-24T10:05:51.180691-03:00
1675,2026-08-24T10:07:59-03:00,2026-08-24T10:12:59-03:00,2026-08-24T13:07:59+00:00,2026-08-24T13:12:59+00:00,-15.4375,-15.3125,-15.38771,59,2026-08-24T10:10:48.234808-03:00
1676,2026-08-24T10:12:59-03:00,2026-08-24T10:17:59-03:00,2026-08-24T13:12:59+00:00,2026-08-24T13:17:59+00:00,-15.3125,-15.1875,-15.25937,60,2026-08-24T10:15:56.826666-03:00
1677,2026-08-24T10:17:59-03:00,2026-08-24T10:22:59-03:00,2026-08-24T13:17:59+00:00,2026-08-24T13:22:59+00:00,-15.1875,-15.0625,-15.14116,58,2026-08-24T10:20:47.726104-03:00
1678,2026-08-24T10:22:59-03:00,2026-08-24T10:27:59-03:00,2026-08-24T13:22:59+00:00,2026-08-24T13:27:59+00:00,-15.0625,-14.9375,-15.01875,60,2026-08-24T10:25:48.361491-03:00
1679,2026-08-24T10:27:59-03:00,2026-08-24T10:32:59-03:00,2026-08-24T13:27:59+00:00,2026-08-24T13:32:59+00:00,-14.9375,-14.8125,-14.90104,60,2026-08-24T10:30:48.026270-03:00
1680,2026-08-24T10:32:59-03:00,2026-08-24T10:37:59-03:00,2026-08-24T13:32:59+00:00,2026-08-24T13:37:59+00:00,-14.875,-14.75,-14.78854,60,2026-08-24T10:35:50.082306-03:00
1681,2026-08-24T10:37:59-03:00,2026-08-24T10:42:59-03:00,2026-08-24T13:37:59+00:00,2026-08-24T13:42:59+00:00,-14.75,-14.625,-14.67396,60,2026-08-24T10:40:48.056563-03:00
1682,2026-08-24T10:42:59-03:00,2026-08-24T10:47:59-03:00,2026-08-24T13:42:59+00:00,2026-08-24T13:47:59+00:00,-14.625,-14.5,-14.56875,60,2026-08-24T10:45:48.016877-03:00
1683,2026-08-24T10:47:59-03:00,2026-08-24T10:52:59-03:00,2026-08-24T13:47:59+00:00,2026-08-24T13:52:59+00:00,-14.5,-14.375,-14.45833,60,2026-08-24T10:50:47.869755-03:00
1684,2026-08-24T10:52:59-03:00,2026-08-24T10:57:59-03:00,2026-08-24T13:52:59+00:00,2026-08-24T13:57:59+00:00,-14.4375,-14.3125,-14.35208,60,2026-08-24T10:55:48.250535-03:00
1685,2026-08-24T10:57:59-03:00,2026-08-24T11:02:59-03:00,2026-08-24T13:57:59+00:00,2026-08-24T14:02:59+00:00,-14.3125,-14.1875,-14.24896,60,2026-08-24T11:00:49.356817-03:00
1686,2026-08-24T11:02:59-03:00,2026-08-24T11:07:59-03:00,2026-08-24T14:02:59+00:00,2026-08-24T14:07:59+00:00,-15.4375,-14.0625,-14.4125,60,2026-08-24T11:05:49.084173-03:00
1687,2026-08-24T11:07:59-03:00,2026-08-24T11:12:59-03:00,2026-08-24T14:07:59+00:00,2026-08-24T14:12:59+00:00,-18.25,-15.5,-17.00937,60,2026-08-24T11:11:18.634538-03:00
1688,2026-08-24T11:12:59-03:00,2026-08-24T11:17:59-03:00,2026-08-24T14:12:59+00:00,2026-08-24T14:17:59+00:00,-19.75,-18.3125,-19.11758,59,2026-08-24T11:15:48.179606-03:00
1689,2026-08-24T11:17:59-03:00,2026-08-24T11:22:59-03:00,2026-08-24T14:17:59+00:00,2026-08-24T14:22:59+00:00,-20.625,-19.8125,-20.22812,60,2026-08-24T11:20:47.998947-03:00
1690,2026-08-24T11:22:59-03:00,2026-08-24T11:27:59-03:00,2026-08-24T14:22:59+00:00,2026-08-24T14:27:59+00:00,-20.75,-18.625,-19.68125,60,2026-08-24T11:25:48.561116-03:00
1691,2026-08-24T11:27:59-03:00,2026-08-24T11:32:59-03:00,2026-08-24T14:27:59+00:00,2026-08-24T14:32:59+00:00,-18.5625,-17.3125,-17.88021,60,2026-08-24T11:30:56.618993-03:00
1692,2026-08-24T11:32:59-03:00,2026-08-24T11:38:00-03:00,2026-08-24T14:32:59+00:00,2026-08-24T14:38:00+00:00,-17.3125,-16.625,-16.9569,58,2026-08-24T11:35:48.006620-03:00
1693,2026-08-24T11:38:00-03:00,2026-08-24T11:43:00-03:00,2026-08-24T14:38:00+00:00,2026-08-24T14:43:00+00:00,-16.6875,-15.75,-16.3875,60,2026-08-24T11:40:48.016276-03:00
1694,2026-08-24T11:43:00-03:00,2026-08-24T11:48:00-03:00,2026-08-24T14:43:00+00:00,2026-08-24T14:48:00+00:00,-15.75,-15.5625,-15.65625,60,2026-08-24T11:45:48.519712-03:00
1695,2026-08-24T11:48:00-03:00,2026-08-24T11:53:00-03:00,2026-08-24T14:48:00+00:00,2026-08-24T14:53:00+00:00,-15.625,-15.5625,-15.56979,60,2026-08-24T11:50:48.029852-03:00
1696,2026-08-24T11:53:00-03:00,2026-08-24T11:58:00-03:00,2026-08-24T14:53:00+00:00,2026-08-24T14:58:00+00:00,-15.5625,-15.5,-15.51771,60,2026-08-24T11:55:48.308332-03:00
1697,2026-08-24T11:58:00-03:00,2026-08-24T12:03:00-03:00,2026-08-24T14:58:00+00:00,2026-08-24T15:03:00+00:00,-15.5,-15.375,-15.41667,60,2026-08-24T12:00:51.290169-03:00
1698,2026-08-24T12:03:00-03:00,2026-08-24T12:08:00-03:00,2026-08-24T15:03:00+00:00,2026-08-24T15:08:00+00:00,-15.375,-15.1875,-15.27436,59,2026-08-24T12:05:48.502729-03:00
1699,2026-08-24T12:08:00-03:00,2026-08-24T12:13:00-03:00,2026-08-24T15:08:00+00:00,2026-08-24T15:13:00+00:00,-15.1875,-15.0625,-15.14271,60,2026-08-24T12:10:48.232800-03:00
1700,2026-08-24T12:13:00-03:00,2026-08-24T12:18:00-03:00,2026-08-24T15:13:00+00:00,2026-08-24T15:18:00+00:00,-15.0625,-14.9375,-15.01563,60,2026-08-24T12:15:50.659205-03:00
1701,2026-08-24T12:18:00-03:00,2026-08-24T12:23:00-03:00,2026-08-24T15:18:00+00:00,2026-08-24T15:23:00+00:00,-14.9375,-14.8125,-14.89271,60,2026-08-24T12:20:49.870820-03:00
1702,2026-08-24T12:23:00-03:00,2026-08-24T12:28:00-03:00,2026-08-24T15:23:00+00:00,2026-08-24T15:28:00+00:00,-14.8125,-14.6875,-14.75521,60,2026-08-24T12:25:48.605906-03:00
1703,2026-08-24T12:28:00-03:00,2026-08-24T12:33:00-03:00,2026-08-24T15:28:00+00:00,2026-08-24T15:33:00+00:00,-14.6875,-14.5625,-14.64063,60,2026-08-24T12:30:48.868500-03:00
1704,2026-08-24T12:33:00-03:00,2026-08-24T12:38:00-03:00,2026-08-24T15:33:00+00:00,2026-08-24T15:38:00+00:00,-14.5625,-13.875,-13.96875,60,2026-08-24T12:35:48.353668-03:00
1705,2026-08-24T12:38:00-03:00,2026-08-24T12:43:00-03:00,2026-08-24T15:38:00+00:00,2026-08-24T15:43:00+00:00,-14.0625,-13.9375,-14.00729,60,2026-08-24T12:40:54.496268-03:00
1706,2026-08-24T12:43:00-03:00,2026-08-24T12:48:00-03:00,2026-08-24T15:43:00+00:00,2026-08-24T15:48:00+00:00,-16.125,-14,-14.80191,59,2026-08-24T12:45:50.268864-03:00
1707,2026-08-24T12:48:00-03:00,2026-08-24T12:53:00-03:00,2026-08-24T15:48:00+00:00,2026-08-24T15:53:00+00:00,-18.375,-16.1875,-17.37604,60,2026-08-24T12:50:48.311345-03:00
1708,2026-08-24T12:53:00-03:00,2026-08-24T12:58:00-03:00,2026-08-24T15:53:00+00:00,2026-08-24T15:58:00+00:00,-19.5625,-18.375,-19.01146,60,2026-08-24T12:55:49.219634-03:00
1709,2026-08-24T12:58:00-03:00,2026-08-24T13:03:00-03:00,2026-08-24T15:58:00+00:00,2026-08-24T16:03:00+00:00,-20.25,-19.5625,-19.91354,60,2026-08-24T13:00:48.336414-03:00
1710,2026-08-24T13:03:00-03:00,2026-08-24T13:08:00-03:00,2026-08-24T16:03:00+00:00,2026-08-24T16:08:00+00:00,-20.375,-18.8125,-19.72292,60,2026-08-24T13:05:48.833366-03:00
1711,2026-08-24T13:08:00-03:00,2026-08-24T13:13:00-03:00,2026-08-24T16:08:00+00:00,2026-08-24T16:13:00+00:00,-18.75,-17.4375,-18.03333,60,2026-08-24T13:10:48.383380-03:00
1712,2026-08-24T13:13:00-03:00,2026-08-24T13:18:01-03:00,2026-08-24T16:13:00+00:00,2026-08-24T16:18:01+00:00,-17.4375,-4,-15.52812,60,2026-08-24T13:15:48.608946-03:00
1713,2026-08-24T13:18:01-03:00,2026-08-24T13:23:01-03:00,2026-08-24T16:18:01+00:00,2026-08-24T16:23:01+00:00,-10.1875,-3.8125,-7.6875,60,2026-08-24T13:20:48.836462-03:00
1714,2026-08-24T13:23:01-03:00,2026-08-24T13:28:01-03:00,2026-08-24T16:23:01+00:00,2026-08-24T16:28:01+00:00,-12.125,-10.25,-11.35938,60,2026-08-24T13:25:48.695216-03:00
1715,2026-08-24T13:28:01-03:00,2026-08-24T13:33:01-03:00,2026-08-24T16:28:01+00:00,2026-08-24T16:33:01+00:00,-12.6875,-12.1875,-12.44167,60,2026-08-24T13:30:48.367995-03:00
1716,2026-08-24T13:33:01-03:00,2026-08-24T13:38:01-03:00,2026-08-24T16:33:01+00:00,2026-08-24T16:38:01+00:00,-12.8125,-12.6875,-12.75937,60,2026-08-24T13:35:48.544482-03:00
1717,2026-08-24T13:38:01-03:00,2026-08-24T13:43:01-03:00,2026-08-24T16:38:01+00:00,2026-08-24T16:43:01+00:00,-12.8125,-12.8125,-12.8125,60,2026-08-24T13:40:48.438563-03:00
1718,2026-08-24T13:43:01-03:00,2026-08-24T13:48:01-03:00,2026-08-24T16:43:01+00:00,2026-08-24T16:48:01+00:00,-12.8125,-12.625,-12.72188,60,2026-08-24T13:45:48.794392-03:00
1719,2026-08-24T13:48:01-03:00,2026-08-24T13:53:01-03:00,2026-08-24T16:48:01+00:00,2026-08-24T16:53:01+00:00,-12.625,-12.5,-12.56354,60,2026-08-24T13:50:49.026338-03:00
1720,2026-08-24T13:53:01-03:00,2026-08-24T13:58:01-03:00,2026-08-24T16:53:01+00:00,2026-08-24T16:58:01+00:00,-13.625,-12.375,-12.81458,60,2026-08-24T13:55:48.599392-03:00
1721,2026-08-24T13:58:01-03:00,2026-08-24T14:03:01-03:00,2026-08-24T16:58:01+00:00,2026-08-24T17:03:01+00:00,-16.125,-13.6875,-14.91771,60,2026-08-24T14:00:51.762835-03:00
1722,2026-08-24T14:03:01-03:00,2026-08-24T14:08:01-03:00,2026-08-24T17:03:01+00:00,2026-08-24T17:08:01+00:00,-17.9375,-16.1875,-17.12076,59,2026-08-24T14:05:48.391959-03:00
1723,2026-08-24T14:08:01-03:00,2026-08-24T14:13:01-03:00,2026-08-24T17:08:01+00:00,2026-08-24T17:13:01+00:00,-19.125,-17.9375,-18.58646,60,2026-08-24T14:10:50.565619-03:00
1724,2026-08-24T14:13:01-03:00,2026-08-24T14:18:01-03:00,2026-08-24T17:13:01+00:00,2026-08-24T17:18:01+00:00,-20,-19.1875,-19.59375,60,2026-08-24T14:15:50.370516-03:00
1725,2026-08-24T14:18:01-03:00,2026-08-24T14:23:01-03:00,2026-08-24T17:18:01+00:00,2026-08-24T17:23:01+00:00,-20,-19.375,-19.77292,60,2026-08-24T14:20:48.751005-03:00
1726,2026-08-24T14:23:01-03:00,2026-08-24T14:28:01-03:00,2026-08-24T17:23:01+00:00,2026-08-24T17:28:01+00:00,-19.375,-18.25,-18.8125,60,2026-08-24T14:25:48.690517-03:00
1727,2026-08-24T14:28:01-03:00,2026-08-24T14:33:01-03:00,2026-08-24T17:28:01+00:00,2026-08-24T17:33:01+00:00,-18.25,-17.375,-17.80729,60,2026-08-24T14:30:48.869687-03:00
1728,2026-08-24T14:33:01-03:00,2026-08-24T14:38:01-03:00,2026-08-24T17:33:01+00:00,2026-08-24T17:38:01+00:00,-17.375,-16.6875,-17.02813,60,2026-08-24T14:36:00.770478-03:00
1729,2026-08-24T14:38:01-03:00,2026-08-24T14:43:01-03:00,2026-08-24T17:38:01+00:00,2026-08-24T17:43:01+00:00,-16.625,-16.125,-16.38685,58,2026-08-24T14:40:49.104527-03:00
1730,2026-08-24T14:43:01-03:00,2026-08-24T14:48:01-03:00,2026-08-24T17:43:01+00:00,2026-08-24T17:48:01+00:00,-16.125,-15.6875,-15.88021,60,2026-08-24T14:45:50.997247-03:00
1731,2026-08-24T14:48:01-03:00,2026-08-24T14:53:01-03:00,2026-08-24T17:48:01+00:00,2026-08-24T17:53:01+00:00,-15.625,-15.25,-15.44479,60,2026-08-24T14:50:48.560215-03:00
1732,2026-08-24T14:53:01-03:00,2026-08-24T14:58:01-03:00,2026-08-24T17:53:01+00:00,2026-08-24T17:58:01+00:00,-15.25,-14.875,-15.06354,60,2026-08-24T14:55:51.697869-03:00
1733,2026-08-24T14:58:01-03:00,2026-08-24T15:03:01-03:00,2026-08-24T17:58:01+00:00,2026-08-24T18:03:01+00:00,-14.875,-14.5625,-14.72034,59,2026-08-24T15:00:48.628318-03:00
1734,2026-08-24T15:03:01-03:00,2026-08-24T15:08:01-03:00,2026-08-24T18:03:01+00:00,2026-08-24T18:08:01+00:00,-14.5625,-14.25,-14.39896,60,2026-08-24T15:05:49.166552-03:00
1737,2026-08-24T15:08:01-03:00,2026-08-24T15:13:01-03:00,2026-08-24T18:08:01+00:00,2026-08-24T18:13:01+00:00,-14.25,-13.9375,-14.09896,60,2026-08-24T15:11:58.297886-03:00
1738,2026-08-24T15:13:01-03:00,2026-08-24T15:18:01-03:00,2026-08-24T18:13:01+00:00,2026-08-24T18:18:01+00:00,-13.9375,-13.6875,-13.80515,51,2026-08-24T15:15:51.205365-03:00
1739,2026-08-24T15:18:01-03:00,2026-08-24T15:23:02-03:00,2026-08-24T18:18:01+00:00,2026-08-24T18:23:02+00:00,-13.6875,-13.5,-13.59271,60,2026-08-24T15:20:50.605616-03:00
1740,2026-08-24T15:23:02-03:00,2026-08-24T15:28:02-03:00,2026-08-24T18:23:02+00:00,2026-08-24T18:28:02+00:00,-15.25,-13.6875,-14.33958,60,2026-08-24T15:25:51.109771-03:00
1742,2026-08-24T15:28:02-03:00,2026-08-24T15:33:02-03:00,2026-08-24T18:28:02+00:00,2026-08-24T18:33:02+00:00,-17.25,-15.3125,-16.34479,60,2026-08-24T15:31:31.857819-03:00
1743,2026-08-24T15:33:02-03:00,2026-08-24T15:38:02-03:00,2026-08-24T18:33:02+00:00,2026-08-24T18:38:02+00:00,-18.75,-17.3125,-18.09649,57,2026-08-24T15:35:49.713011-03:00
1744,2026-08-24T15:38:02-03:00,2026-08-24T15:43:02-03:00,2026-08-24T18:38:02+00:00,2026-08-24T18:43:02+00:00,-19.6875,-18.75,-19.26771,60,2026-08-24T15:40:50.291826-03:00
1745,2026-08-24T15:43:02-03:00,2026-08-24T15:48:02-03:00,2026-08-24T18:43:02+00:00,2026-08-24T18:48:02+00:00,-20.375,-19.6875,-20.11146,60,2026-08-24T15:45:55.657221-03:00
1746,2026-08-24T15:48:02-03:00,2026-08-24T15:53:03-03:00,2026-08-24T18:48:02+00:00,2026-08-24T18:53:03+00:00,-20.375,-19.625,-20.0339,59,2026-08-24T15:50:49.492416-03:00
1747,2026-08-24T15:53:03-03:00,2026-08-24T15:58:03-03:00,2026-08-24T18:53:03+00:00,2026-08-24T18:58:03+00:00,-19.625,-18.625,-19.1,60,2026-08-24T15:55:49.620249-03:00
1748,2026-08-24T15:58:03-03:00,2026-08-24T16:03:03-03:00,2026-08-24T18:58:03+00:00,2026-08-24T19:03:03+00:00,-18.625,-17.75,-18.17813,60,2026-08-24T16:00:52.088217-03:00
1749,2026-08-24T16:03:03-03:00,2026-08-24T16:08:03-03:00,2026-08-24T19:03:03+00:00,2026-08-24T19:08:03+00:00,-17.75,-17.0625,-17.40833,60,2026-08-24T16:06:22.237084-03:00
1750,2026-08-24T16:08:03-03:00,2026-08-24T16:13:03-03:00,2026-08-24T19:08:03+00:00,2026-08-24T19:13:03+00:00,-17.0625,-16.5,-16.77436,59,2026-08-24T16:10:49.899422-03:00
1751,2026-08-24T16:13:03-03:00,2026-08-24T16:18:03-03:00,2026-08-24T19:13:03+00:00,2026-08-24T19:18:03+00:00,-16.5,-16.0625,-16.26146,60,2026-08-24T16:16:24.304697-03:00
1752,2026-08-24T16:18:03-03:00,2026-08-24T16:23:03-03:00,2026-08-24T19:18:03+00:00,2026-08-24T19:23:03+00:00,-16,-15.625,-15.80927,58,2026-08-24T16:21:20.197861-03:00
1753,2026-08-24T16:23:03-03:00,2026-08-24T16:28:03-03:00,2026-08-24T19:23:03+00:00,2026-08-24T19:28:03+00:00,-15.625,-15.25,-15.41949,59,2026-08-24T16:25:52.628768-03:00
1754,2026-08-24T16:28:03-03:00,2026-08-24T16:33:03-03:00,2026-08-24T19:28:03+00:00,2026-08-24T19:33:03+00:00,-15.25,-14.875,-15.07187,60,2026-08-24T16:30:50.796280-03:00
1755,2026-08-24T16:33:03-03:00,2026-08-24T16:38:03-03:00,2026-08-24T19:33:03+00:00,2026-08-24T19:38:03+00:00,-14.875,-14.5625,-14.74375,60,2026-08-24T16:35:50.940157-03:00
1756,2026-08-24T16:38:03-03:00,2026-08-24T16:43:04-03:00,2026-08-24T19:38:03+00:00,2026-08-24T19:43:04+00:00,-14.5625,-14.3125,-14.43542,60,2026-08-24T16:40:50.433502-03:00
1757,2026-08-24T16:43:04-03:00,2026-08-24T16:48:04-03:00,2026-08-24T19:43:04+00:00,2026-08-24T19:48:04+00:00,-14.3125,-14,-14.15208,60,2026-08-24T16:46:20.352420-03:00
1758,2026-08-24T16:48:04-03:00,2026-08-24T16:53:04-03:00,2026-08-24T19:48:04+00:00,2026-08-24T19:53:04+00:00,-14.125,-13.875,-13.94907,54,2026-08-24T16:50:50.761612-03:00
1759,2026-08-24T16:53:04-03:00,2026-08-24T16:58:04-03:00,2026-08-24T19:53:04+00:00,2026-08-24T19:58:04+00:00,-15.8125,-14.125,-14.86875,60,2026-08-24T16:55:50.544001-03:00
1760,2026-08-24T16:58:04-03:00,2026-08-24T17:03:04-03:00,2026-08-24T19:58:04+00:00,2026-08-24T20:03:04+00:00,-17.75,-15.875,-16.85,60,2026-08-24T17:01:56.385611-03:00
1761,2026-08-24T17:03:04-03:00,2026-08-24T17:08:04-03:00,2026-08-24T20:03:04+00:00,2026-08-24T20:08:04+00:00,-19.125,-17.75,-18.51864,57,2026-08-24T17:05:50.372201-03:00
1762,2026-08-24T17:08:04-03:00,2026-08-24T17:13:04-03:00,2026-08-24T20:08:04+00:00,2026-08-24T20:13:04+00:00,-20.0625,-19.1875,-19.625,60,2026-08-24T17:10:50.458850-03:00
1763,2026-08-24T17:13:04-03:00,2026-08-24T17:18:04-03:00,2026-08-24T20:13:04+00:00,2026-08-24T20:18:04+00:00,-20.375,-20.0625,-20.26875,60,2026-08-24T17:15:59.514877-03:00
1764,2026-08-24T17:18:04-03:00,2026-08-24T17:23:04-03:00,2026-08-24T20:18:04+00:00,2026-08-24T20:23:04+00:00,-20.125,-19.25,-19.69612,58,2026-08-24T17:20:59.497405-03:00
1766,2026-08-24T17:23:04-03:00,2026-08-24T17:28:04-03:00,2026-08-24T20:23:04+00:00,2026-08-24T20:28:04+00:00,-19.1875,-18.3125,-18.74138,58,2026-08-24T17:26:20.425562-03:00
1767,2026-08-24T17:28:04-03:00,2026-08-24T17:33:04-03:00,2026-08-24T20:28:04+00:00,2026-08-24T20:33:04+00:00,-18.25,-17.5625,-17.90241,57,2026-08-24T17:30:56.691237-03:00
1768,2026-08-24T17:33:04-03:00,2026-08-24T17:38:04-03:00,2026-08-24T20:33:04+00:00,2026-08-24T20:38:04+00:00,-17.5625,-16.9375,-17.22458,59,2026-08-24T17:35:51.026219-03:00
1769,2026-08-24T17:38:04-03:00,2026-08-24T17:43:04-03:00,2026-08-24T20:38:04+00:00,2026-08-24T20:43:04+00:00,-16.9375,-16.4375,-16.66458,60,2026-08-24T17:40:50.740300-03:00
1770,2026-08-24T17:43:04-03:00,2026-08-24T17:48:04-03:00,2026-08-24T20:43:04+00:00,2026-08-24T20:48:04+00:00,-16.4375,-16,-16.2,60,2026-08-24T17:46:50.724820-03:00
1771,2026-08-24T17:48:04-03:00,2026-08-24T17:53:04-03:00,2026-08-24T20:48:04+00:00,2026-08-24T20:53:04+00:00,-16,-15.625,-15.79418,58,2026-08-24T17:50:50.318861-03:00
1772,2026-08-24T17:53:04-03:00,2026-08-24T17:58:04-03:00,2026-08-24T20:53:04+00:00,2026-08-24T20:58:04+00:00,-15.625,-15.25,-15.43854,60,2026-08-24T17:55:51.603260-03:00
1773,2026-08-24T17:58:04-03:00,2026-08-24T18:03:04-03:00,2026-08-24T20:58:04+00:00,2026-08-24T21:03:04+00:00,-15.25,-14.9375,-15.10729,60,2026-08-24T18:00:50.542154-03:00
1774,2026-08-24T18:03:04-03:00,2026-08-24T18:08:04-03:00,2026-08-24T21:03:04+00:00,2026-08-24T21:08:04+00:00,-14.9375,-14.625,-14.79792,60,2026-08-24T18:05:50.968482-03:00
1775,2026-08-24T18:08:04-03:00,2026-08-24T18:13:04-03:00,2026-08-24T21:08:04+00:00,2026-08-24T21:13:04+00:00,-14.625,-14.375,-14.51458,60,2026-08-24T18:10:50.821647-03:00
1776,2026-08-24T18:13:04-03:00,2026-08-24T18:18:04-03:00,2026-08-24T21:13:04+00:00,2026-08-24T21:18:04+00:00,-14.375,-14.125,-14.25313,60,2026-08-24T18:16:21.810736-03:00
1777,2026-08-24T18:18:04-03:00,2026-08-24T18:23:04-03:00,2026-08-24T21:18:04+00:00,2026-08-24T21:23:04+00:00,-14.125,-13.875,-14,54,2026-08-24T18:20:54.503085-03:00
1778,2026-08-24T18:23:04-03:00,2026-08-24T18:28:04-03:00,2026-08-24T21:23:04+00:00,2026-08-24T21:28:04+00:00,-14.4375,-13.8125,-14.02119,59,2026-08-24T18:25:50.624729-03:00
1779,2026-08-24T18:28:04-03:00,2026-08-24T18:33:04-03:00,2026-08-24T21:28:04+00:00,2026-08-24T21:33:04+00:00,-16.5,-14.5,-15.45,60,2026-08-24T18:30:50.544387-03:00
1780,2026-08-24T18:33:04-03:00,2026-08-24T18:38:04-03:00,2026-08-24T21:33:04+00:00,2026-08-24T21:38:04+00:00,-18.25,-16.5,-17.41458,60,2026-08-24T18:35:51.216901-03:00
1781,2026-08-24T18:38:04-03:00,2026-08-24T18:43:04-03:00,2026-08-24T21:38:04+00:00,2026-08-24T21:43:04+00:00,-19.5,-18.25,-18.90625,60,2026-08-24T18:40:50.396388-03:00
1782,2026-08-24T18:43:04-03:00,2026-08-24T18:48:04-03:00,2026-08-24T21:43:04+00:00,2026-08-24T21:48:04+00:00,-20.3125,-19.5,-19.95833,60,2026-08-24T18:45:51.239215-03:00
1783,2026-08-24T18:48:04-03:00,2026-08-24T18:53:04-03:00,2026-08-24T21:48:04+00:00,2026-08-24T21:53:04+00:00,-20.3125,-19.6875,-20.05,60,2026-08-24T18:51:20.918181-03:00
1784,2026-08-24T18:53:04-03:00,2026-08-24T18:58:05-03:00,2026-08-24T21:53:04+00:00,2026-08-24T21:58:05+00:00,-19.625,-18.75,-19.17691,59,2026-08-24T18:56:21.768450-03:00
1785,2026-08-24T18:58:05-03:00,2026-08-24T19:03:05-03:00,2026-08-24T21:58:05+00:00,2026-08-24T22:03:05+00:00,-18.6875,-17.9375,-18.30085,59,2026-08-24T19:00:53.353442-03:00
1786,2026-08-24T19:03:05-03:00,2026-08-24T19:08:05-03:00,2026-08-24T22:03:05+00:00,2026-08-24T22:08:05+00:00,-17.9375,-17.25,-17.56458,60,2026-08-24T19:05:51.917495-03:00
1787,2026-08-24T19:08:05-03:00,2026-08-24T19:13:05-03:00,2026-08-24T22:08:05+00:00,2026-08-24T22:13:05+00:00,-17.25,-16.6875,-16.9625,60,2026-08-24T19:10:58.540903-03:00
1788,2026-08-24T19:13:05-03:00,2026-08-24T19:18:05-03:00,2026-08-24T22:13:05+00:00,2026-08-24T22:18:05+00:00,-16.6875,-16.25,-16.4661,59,2026-08-24T19:15:52.233852-03:00
1789,2026-08-24T19:18:05-03:00,2026-08-24T19:23:05-03:00,2026-08-24T22:18:05+00:00,2026-08-24T22:23:05+00:00,-16.25,-15.875,-16.04583,60,2026-08-24T19:20:51.172872-03:00
1790,2026-08-24T19:23:05-03:00,2026-08-24T19:28:05-03:00,2026-08-24T22:23:05+00:00,2026-08-24T22:28:05+00:00,-15.875,-15.5,-15.66354,60,2026-08-24T19:25:52.042099-03:00
1791,2026-08-24T19:28:05-03:00,2026-08-24T19:33:05-03:00,2026-08-24T22:28:05+00:00,2026-08-24T22:33:05+00:00,-15.5,-15.1875,-15.325,60,2026-08-24T19:30:51.356299-03:00
1792,2026-08-24T19:33:05-03:00,2026-08-24T19:38:05-03:00,2026-08-24T22:33:05+00:00,2026-08-24T22:38:05+00:00,-15.1875,-14.875,-15.00937,60,2026-08-24T19:35:51.116394-03:00
1793,2026-08-24T19:38:05-03:00,2026-08-24T19:43:05-03:00,2026-08-24T22:38:05+00:00,2026-08-24T22:43:05+00:00,-14.875,-14.5625,-14.71562,60,2026-08-24T19:40:51.183141-03:00
1794,2026-08-24T19:43:05-03:00,2026-08-24T19:48:05-03:00,2026-08-24T22:43:05+00:00,2026-08-24T22:48:05+00:00,-14.5625,-14.3125,-14.44271,60,2026-08-24T19:45:53.427159-03:00
1795,2026-08-24T19:48:05-03:00,2026-08-24T19:53:05-03:00,2026-08-24T22:48:05+00:00,2026-08-24T22:53:05+00:00,-14.3125,-14.0625,-14.19479,60,2026-08-24T19:50:51.673833-03:00
1796,2026-08-24T19:53:05-03:00,2026-08-24T19:58:05-03:00,2026-08-24T22:53:05+00:00,2026-08-24T22:58:05+00:00,-14.0625,-13.875,-13.95938,60,2026-08-24T19:55:51.568720-03:00
1797,2026-08-24T19:58:05-03:00,2026-08-24T20:03:06-03:00,2026-08-24T22:58:05+00:00,2026-08-24T23:03:06+00:00,-14.5,-13.75,-14.00208,60,2026-08-24T20:00:51.316653-03:00
1798,2026-08-24T20:03:06-03:00,2026-08-24T20:08:06-03:00,2026-08-24T23:03:06+00:00,2026-08-24T23:08:06+00:00,-16.5,-14.5,-15.48333,60,2026-08-24T20:05:51.314873-03:00
1799,2026-08-24T20:08:06-03:00,2026-08-24T20:13:06-03:00,2026-08-24T23:08:06+00:00,2026-08-24T23:13:06+00:00,-18.3125,-16.5625,-17.45,60,2026-08-24T20:10:50.999100-03:00
1800,2026-08-24T20:13:06-03:00,2026-08-24T20:18:06-03:00,2026-08-24T23:13:06+00:00,2026-08-24T23:18:06+00:00,-19.5625,-18.3125,-18.95521,60,2026-08-24T20:15:51.432223-03:00
1801,2026-08-24T20:18:06-03:00,2026-08-24T20:23:06-03:00,2026-08-24T23:18:06+00:00,2026-08-24T23:23:06+00:00,-20.3125,-19.5625,-19.98229,60,2026-08-24T20:20:54.216955-03:00
1802,2026-08-24T20:23:06-03:00,2026-08-24T20:28:06-03:00,2026-08-24T23:23:06+00:00,2026-08-24T23:28:06+00:00,-20.3125,-19.75,-20.09583,60,2026-08-24T20:25:51.620350-03:00
1803,2026-08-24T20:28:06-03:00,2026-08-24T20:33:06-03:00,2026-08-24T23:28:06+00:00,2026-08-24T23:33:06+00:00,-19.6875,-18.8125,-19.24167,60,2026-08-24T20:30:51.669038-03:00
1804,2026-08-24T20:33:06-03:00,2026-08-24T20:38:06-03:00,2026-08-24T23:33:06+00:00,2026-08-24T23:38:06+00:00,-18.75,-18,-18.37604,60,2026-08-24T20:35:52.003101-03:00
1805,2026-08-24T20:38:06-03:00,2026-08-24T20:43:06-03:00,2026-08-24T23:38:06+00:00,2026-08-24T23:43:06+00:00,-18,-17.3125,-17.63958,60,2026-08-24T20:40:51.846059-03:00
1806,2026-08-24T20:43:06-03:00,2026-08-24T20:48:06-03:00,2026-08-24T23:43:06+00:00,2026-08-24T23:48:06+00:00,-17.3125,-16.75,-17.0375,60,2026-08-24T20:45:51.932163-03:00
1807,2026-08-24T20:48:06-03:00,2026-08-24T20:53:06-03:00,2026-08-24T23:48:06+00:00,2026-08-24T23:53:06+00:00,-16.75,-15.0625,-16.275,60,2026-08-24T20:50:52.653033-03:00
1808,2026-08-24T20:53:06-03:00,2026-08-24T20:58:06-03:00,2026-08-24T23:53:06+00:00,2026-08-24T23:58:06+00:00,-15.1875,-15.0625,-15.13229,60,2026-08-24T20:55:52.018648-03:00
1809,2026-08-24T20:58:06-03:00,2026-08-24T21:03:06-03:00,2026-08-24T23:58:06+00:00,2026-08-25T00:03:06+00:00,-15.25,-15.1875,-15.23854,60,2026-08-24T21:01:23.373376-03:00
1810,2026-08-24T21:03:06-03:00,2026-08-24T21:08:07-03:00,2026-08-25T00:03:06+00:00,2026-08-25T00:08:07+00:00,-15.1875,-15.125,-15.16667,54,2026-08-24T21:05:51.885771-03:00
1811,2026-08-24T21:08:07-03:00,2026-08-24T21:13:07-03:00,2026-08-25T00:08:07+00:00,2026-08-25T00:13:07+00:00,-15.125,-14.9375,-15.04688,60,2026-08-24T21:11:21.923406-03:00
1812,2026-08-24T21:13:07-03:00,2026-08-24T21:18:07-03:00,2026-08-25T00:13:07+00:00,2026-08-25T00:18:07+00:00,-16.3125,-15,-15.65148,59,2026-08-24T21:15:51.937385-03:00
1813,2026-08-24T21:18:07-03:00,2026-08-24T21:23:07-03:00,2026-08-25T00:18:07+00:00,2026-08-25T00:23:07+00:00,-17.875,-16.375,-17.0875,60,2026-08-24T21:20:52.086999-03:00
1814,2026-08-24T21:23:07-03:00,2026-08-24T21:28:07-03:00,2026-08-25T00:23:07+00:00,2026-08-25T00:28:07+00:00,-19.125,-17.875,-18.53854,60,2026-08-24T21:25:52.892636-03:00
1815,2026-08-24T21:28:07-03:00,2026-08-24T21:33:07-03:00,2026-08-25T00:28:07+00:00,2026-08-25T00:33:07+00:00,-20.0625,-19.125,-19.59479,60,2026-08-24T21:30:51.714321-03:00
1816,2026-08-24T21:33:07-03:00,2026-08-24T21:38:07-03:00,2026-08-25T00:33:07+00:00,2026-08-25T00:38:07+00:00,-20.8125,-20.0625,-20.46354,60,2026-08-24T21:35:51.749355-03:00
1817,2026-08-24T21:38:07-03:00,2026-08-24T21:43:07-03:00,2026-08-25T00:38:07+00:00,2026-08-25T00:43:07+00:00,-21.375,-20.8125,-21.08958,60,2026-08-24T21:40:52.402611-03:00
1818,2026-08-24T21:43:07-03:00,2026-08-24T21:48:07-03:00,2026-08-25T00:43:07+00:00,2026-08-25T00:48:07+00:00,-21.875,-21.375,-21.62604,60,2026-08-24T21:45:52.133662-03:00
1819,2026-08-24T21:48:07-03:00,2026-08-24T21:53:07-03:00,2026-08-25T00:48:07+00:00,2026-08-25T00:53:07+00:00,-22.25,-21.875,-22.07813,60,2026-08-24T21:50:52.960159-03:00
1820,2026-08-24T21:53:07-03:00,2026-08-24T21:58:07-03:00,2026-08-25T00:53:07+00:00,2026-08-25T00:58:07+00:00,-22.5625,-22.3125,-22.43229,60,2026-08-24T21:55:52.357073-03:00
1821,2026-08-24T21:58:07-03:00,2026-08-24T22:03:07-03:00,2026-08-25T00:58:07+00:00,2026-08-25T01:03:07+00:00,-22.8125,-22.5625,-22.66979,60,2026-08-24T22:00:52.422316-03:00
1822,2026-08-24T22:03:07-03:00,2026-08-24T22:08:07-03:00,2026-08-25T01:03:07+00:00,2026-08-25T01:08:07+00:00,-22.875,-22.4375,-22.73958,60,2026-08-24T22:05:52.313534-03:00
1823,2026-08-24T22:08:07-03:00,2026-08-24T22:13:07-03:00,2026-08-25T01:08:07+00:00,2026-08-25T01:13:07+00:00,-22.4375,-21.375,-21.90104,60,2026-08-24T22:10:52.222679-03:00
1824,2026-08-24T22:13:07-03:00,2026-08-24T22:18:07-03:00,2026-08-25T01:13:07+00:00,2026-08-25T01:18:07+00:00,-21.375,-20.4375,-20.88229,60,2026-08-24T22:16:26.003825-03:00
1825,2026-08-24T22:18:07-03:00,2026-08-24T22:23:07-03:00,2026-08-25T01:18:07+00:00,2026-08-25T01:23:07+00:00,-20.4375,-19.6875,-20.02371,58,2026-08-24T22:20:52.098717-03:00
1826,2026-08-24T22:23:07-03:00,2026-08-24T22:28:07-03:00,2026-08-25T01:23:07+00:00,2026-08-25T01:28:07+00:00,-19.6875,-19.0625,-19.35625,60,2026-08-24T22:25:52.086607-03:00
1827,2026-08-24T22:28:07-03:00,2026-08-24T22:33:07-03:00,2026-08-25T01:28:07+00:00,2026-08-25T01:33:07+00:00,-19.0625,-18.5625,-18.79896,60,2026-08-24T22:30:54.002944-03:00
1828,2026-08-24T22:33:07-03:00,2026-08-24T22:38:07-03:00,2026-08-25T01:33:07+00:00,2026-08-25T01:38:07+00:00,-18.5625,-18.125,-18.31979,60,2026-08-24T22:35:52.340539-03:00
1829,2026-08-24T22:38:07-03:00,2026-08-24T22:43:07-03:00,2026-08-25T01:38:07+00:00,2026-08-25T01:43:07+00:00,-18.125,-17.6875,-17.90521,60,2026-08-24T22:40:51.675148-03:00
1830,2026-08-24T22:43:07-03:00,2026-08-24T22:48:07-03:00,2026-08-25T01:43:07+00:00,2026-08-25T01:48:07+00:00,-17.6875,-17.375,-17.53542,60,2026-08-24T22:46:01.141717-03:00
1831,2026-08-24T22:48:07-03:00,2026-08-24T22:53:07-03:00,2026-08-25T01:48:07+00:00,2026-08-25T01:53:07+00:00,-17.375,-17.0625,-17.20259,58,2026-08-24T22:50:53.065636-03:00
1832,2026-08-24T22:53:07-03:00,2026-08-24T22:58:07-03:00,2026-08-25T01:53:07+00:00,2026-08-25T01:58:07+00:00,-17.0625,-16.75,-16.88333,60,2026-08-24T22:55:51.921156-03:00
1833,2026-08-24T22:58:07-03:00,2026-08-24T23:03:07-03:00,2026-08-25T01:58:07+00:00,2026-08-25T02:03:07+00:00,-16.75,-16.5,-16.61042,60,2026-08-24T23:01:23.347853-03:00
1834,2026-08-24T23:03:07-03:00,2026-08-24T23:08:07-03:00,2026-08-25T02:03:07+00:00,2026-08-25T02:08:07+00:00,-16.4375,-16.25,-16.3588,54,2026-08-24T23:05:53.958306-03:00
1836,2026-08-24T23:08:07-03:00,2026-08-24T23:13:07-03:00,2026-08-25T02:08:07+00:00,2026-08-25T02:13:07+00:00,-16.25,-16.0625,-16.14896,60,2026-08-24T23:12:10.842816-03:00
1837,2026-08-24T23:13:07-03:00,2026-08-24T23:18:07-03:00,2026-08-25T02:13:07+00:00,2026-08-25T02:18:07+00:00,-16.0625,-15.875,-15.93085,47,2026-08-24T23:15:52.116192-03:00
1838,2026-08-24T23:18:07-03:00,2026-08-24T23:23:08-03:00,2026-08-25T02:18:07+00:00,2026-08-25T02:23:08+00:00,-15.875,-15.6875,-15.75313,60,2026-08-24T23:21:38.896909-03:00
1839,2026-08-24T23:23:08-03:00,2026-08-24T23:28:08-03:00,2026-08-25T02:23:08+00:00,2026-08-25T02:28:08+00:00,-15.625,-15.5,-15.5625,51,2026-08-24T23:25:52.290304-03:00
1840,2026-08-24T23:28:08-03:00,2026-08-24T23:33:08-03:00,2026-08-25T02:28:08+00:00,2026-08-25T02:33:08+00:00,-15.5,-15.3125,-15.40104,60,2026-08-24T23:31:52.485786-03:00
1841,2026-08-24T23:33:08-03:00,2026-08-24T23:38:08-03:00,2026-08-25T02:33:08+00:00,2026-08-25T02:38:08+00:00,-15.3125,-15.125,-15.23491,58,2026-08-24T23:35:51.995713-03:00
1842,2026-08-24T23:38:08-03:00,2026-08-24T23:43:08-03:00,2026-08-25T02:38:08+00:00,2026-08-25T02:43:08+00:00,-15.125,-15,-15.07292,60,2026-08-24T23:40:51.965005-03:00
1843,2026-08-24T23:43:08-03:00,2026-08-24T23:48:08-03:00,2026-08-25T02:43:08+00:00,2026-08-25T02:48:08+00:00,-15.75,-15,-15.27396,60,2026-08-24T23:45:56.986322-03:00
1844,2026-08-24T23:48:08-03:00,2026-08-24T23:53:08-03:00,2026-08-25T02:48:08+00:00,2026-08-25T02:53:08+00:00,-17.3125,-15.8125,-16.55085,59,2026-08-24T23:50:52.023468-03:00
1845,2026-08-24T23:53:08-03:00,2026-08-24T23:58:08-03:00,2026-08-25T02:53:08+00:00,2026-08-25T02:58:08+00:00,-18.8125,-17.3125,-18.09479,60,2026-08-24T23:55:52.181174-03:00
1846,2026-08-24T23:58:08-03:00,2026-08-25T00:03:08-03:00,2026-08-25T02:58:08+00:00,2026-08-25T03:03:08+00:00,-20.0625,-18.875,-19.46979,60,2026-08-25T00:00:52.309915-03:00
1847,2026-08-25T00:03:08-03:00,2026-08-25T00:08:08-03:00,2026-08-25T03:03:08+00:00,2026-08-25T03:08:08+00:00,-20.4375,-20.0625,-20.27708,60,2026-08-25T00:06:01.355179-03:00
1848,2026-08-25T00:08:08-03:00,2026-08-25T00:13:08-03:00,2026-08-25T03:08:08+00:00,2026-08-25T03:13:08+00:00,-20.125,-19.4375,-19.78772,58,2026-08-25T00:10:52.170937-03:00
1850,2026-08-25T00:13:08-03:00,2026-08-25T00:18:08-03:00,2026-08-25T03:13:08+00:00,2026-08-25T03:18:08+00:00,-19.4375,-18.75,-19.0625,60,2026-08-25T00:16:23.700731-03:00
1851,2026-08-25T00:18:08-03:00,2026-08-25T00:23:08-03:00,2026-08-25T03:18:08+00:00,2026-08-25T03:23:08+00:00,-18.625,-18.125,-18.38426,54,2026-08-25T00:21:01.360138-03:00
1852,2026-08-25T00:23:08-03:00,2026-08-25T00:28:08-03:00,2026-08-25T03:23:08+00:00,2026-08-25T03:28:08+00:00,-18.125,-17.625,-17.88147,58,2026-08-25T00:26:00.917036-03:00
1853,2026-08-25T00:28:08-03:00,2026-08-25T00:33:08-03:00,2026-08-25T03:28:08+00:00,2026-08-25T03:33:08+00:00,-17.625,-17.25,-17.42888,58,2026-08-25T00:30:52.343980-03:00
1854,2026-08-25T00:33:08-03:00,2026-08-25T00:38:08-03:00,2026-08-25T03:33:08+00:00,2026-08-25T03:38:08+00:00,-17.25,-16.875,-17.03646,60,2026-08-25T00:35:51.838456-03:00
1855,2026-08-25T00:38:08-03:00,2026-08-25T00:43:08-03:00,2026-08-25T03:38:08+00:00,2026-08-25T03:43:08+00:00,-16.875,-16.5625,-16.70521,60,2026-08-25T00:40:52.568736-03:00
1856,2026-08-25T00:43:08-03:00,2026-08-25T00:48:08-03:00,2026-08-25T03:43:08+00:00,2026-08-25T03:48:08+00:00,-16.5625,-16.25,-16.40521,60,2026-08-25T00:45:52.276365-03:00
1857,2026-08-25T00:48:08-03:00,2026-08-25T00:53:08-03:00,2026-08-25T03:48:08+00:00,2026-08-25T03:53:08+00:00,-16.25,-16,-16.13854,60,2026-08-25T00:50:52.620897-03:00
1858,2026-08-25T00:53:08-03:00,2026-08-25T00:58:08-03:00,2026-08-25T03:53:08+00:00,2026-08-25T03:58:08+00:00,-16,-15.8125,-15.90208,60,2026-08-25T00:55:52.269068-03:00
1859,2026-08-25T00:58:08-03:00,2026-08-25T01:03:08-03:00,2026-08-25T03:58:08+00:00,2026-08-25T04:03:08+00:00,-15.8125,-15.5625,-15.68437,60,2026-08-25T01:00:52.313018-03:00
1860,2026-08-25T01:03:08-03:00,2026-08-25T01:08:08-03:00,2026-08-25T04:03:08+00:00,2026-08-25T04:08:08+00:00,-15.5625,-15.375,-15.48333,60,2026-08-25T01:05:52.592734-03:00
1861,2026-08-25T01:08:08-03:00,2026-08-25T01:13:08-03:00,2026-08-25T04:08:08+00:00,2026-08-25T04:13:08+00:00,-15.375,-15.1875,-15.30208,60,2026-08-25T01:10:53.787144-03:00
1862,2026-08-25T01:13:08-03:00,2026-08-25T01:18:08-03:00,2026-08-25T04:13:08+00:00,2026-08-25T04:18:08+00:00,-15.1875,-15.0625,-15.12396,60,2026-08-25T01:15:52.518391-03:00
1863,2026-08-25T01:18:08-03:00,2026-08-25T01:23:08-03:00,2026-08-25T04:18:08+00:00,2026-08-25T04:23:08+00:00,-15.0625,-14.875,-14.95938,60,2026-08-25T01:21:01.471641-03:00
1864,2026-08-25T01:23:08-03:00,2026-08-25T01:28:08-03:00,2026-08-25T04:23:08+00:00,2026-08-25T04:28:08+00:00,-16.0625,-15,-15.47306,58,2026-08-25T01:25:52.384097-03:00
1865,2026-08-25T01:28:08-03:00,2026-08-25T01:33:08-03:00,2026-08-25T04:28:08+00:00,2026-08-25T04:33:08+00:00,-17.8125,-16.125,-16.94062,60,2026-08-25T01:31:01.724290-03:00
1866,2026-08-25T01:33:08-03:00,2026-08-25T01:38:08-03:00,2026-08-25T04:33:08+00:00,2026-08-25T04:38:08+00:00,-19.1875,-17.875,-18.55172,58,2026-08-25T01:35:52.094274-03:00
1867,2026-08-25T01:38:08-03:00,2026-08-25T01:43:09-03:00,2026-08-25T04:38:08+00:00,2026-08-25T04:43:09+00:00,-20.25,-19.1875,-19.76042,60,2026-08-25T01:40:52.331769-03:00
1868,2026-08-25T01:43:09-03:00,2026-08-25T01:48:09-03:00,2026-08-25T04:43:09+00:00,2026-08-25T04:48:09+00:00,-20.3125,-19.75,-20.05625,60,2026-08-25T01:45:52.810252-03:00
1869,2026-08-25T01:48:09-03:00,2026-08-25T01:53:09-03:00,2026-08-25T04:48:09+00:00,2026-08-25T04:53:09+00:00,-19.75,-19,-19.36458,60,2026-08-25T01:50:52.081693-03:00
1870,2026-08-25T01:53:09-03:00,2026-08-25T01:58:09-03:00,2026-08-25T04:53:09+00:00,2026-08-25T04:58:09+00:00,-19,-18.3125,-18.64896,60,2026-08-25T01:55:52.561493-03:00
1871,2026-08-25T01:58:09-03:00,2026-08-25T02:03:09-03:00,2026-08-25T04:58:09+00:00,2026-08-25T05:03:09+00:00,-18.3125,-17.8125,-18.04896,60,2026-08-25T02:00:52.401325-03:00
1872,2026-08-25T02:03:09-03:00,2026-08-25T02:08:09-03:00,2026-08-25T05:03:09+00:00,2026-08-25T05:08:09+00:00,-17.8125,-17.375,-17.55938,60,2026-08-25T02:05:52.812443-03:00
1873,2026-08-25T02:08:09-03:00,2026-08-25T02:13:09-03:00,2026-08-25T05:08:09+00:00,2026-08-25T05:13:09+00:00,-17.3125,-16.9375,-17.14271,60,2026-08-25T02:10:52.125740-03:00
1874,2026-08-25T02:13:09-03:00,2026-08-25T02:18:09-03:00,2026-08-25T05:13:09+00:00,2026-08-25T05:18:09+00:00,-16.9375,-16.625,-16.77813,60,2026-08-25T02:15:52.957049-03:00
1875,2026-08-25T02:18:09-03:00,2026-08-25T02:23:09-03:00,2026-08-25T05:18:09+00:00,2026-08-25T05:23:09+00:00,-16.625,-16.3125,-16.46667,60,2026-08-25T02:20:52.543273-03:00
1876,2026-08-25T02:23:09-03:00,2026-08-25T02:28:09-03:00,2026-08-25T05:23:09+00:00,2026-08-25T05:28:09+00:00,-16.3125,-16.0625,-16.175,60,2026-08-25T02:25:52.410393-03:00
1877,2026-08-25T02:28:09-03:00,2026-08-25T02:33:09-03:00,2026-08-25T05:28:09+00:00,2026-08-25T05:33:09+00:00,-16.0625,-15.8125,-15.92083,60,2026-08-25T02:30:52.715283-03:00
1878,2026-08-25T02:33:09-03:00,2026-08-25T02:38:09-03:00,2026-08-25T05:33:09+00:00,2026-08-25T05:38:09+00:00,-15.8125,-15.5625,-15.69479,60,2026-08-25T02:35:52.516022-03:00
1879,2026-08-25T02:38:09-03:00,2026-08-25T02:43:09-03:00,2026-08-25T05:38:09+00:00,2026-08-25T05:43:09+00:00,-15.625,-15.375,-15.49271,60,2026-08-25T02:40:51.991748-03:00
1880,2026-08-25T02:43:09-03:00,2026-08-25T02:48:09-03:00,2026-08-25T05:43:09+00:00,2026-08-25T05:48:09+00:00,-15.375,-15.1875,-15.30313,60,2026-08-25T02:45:54.449312-03:00
1881,2026-08-25T02:48:09-03:00,2026-08-25T02:53:09-03:00,2026-08-25T05:48:09+00:00,2026-08-25T05:53:09+00:00,-15.25,-15.0625,-15.13021,60,2026-08-25T02:50:52.509128-03:00
1882,2026-08-25T02:53:09-03:00,2026-08-25T02:58:09-03:00,2026-08-25T05:53:09+00:00,2026-08-25T05:58:09+00:00,-15.0625,-14.875,-14.96562,60,2026-08-25T02:55:52.379012-03:00
1883,2026-08-25T02:58:09-03:00,2026-08-25T03:03:09-03:00,2026-08-25T05:58:09+00:00,2026-08-25T06:03:09+00:00,-14.875,-14.75,-14.80521,60,2026-08-25T03:00:52.368990-03:00
1884,2026-08-25T03:03:09-03:00,2026-08-25T03:08:09-03:00,2026-08-25T06:03:09+00:00,2026-08-25T06:08:09+00:00,-15.375,-14.6875,-14.90938,60,2026-08-25T03:05:52.507980-03:00
1885,2026-08-25T03:08:09-03:00,2026-08-25T03:13:09-03:00,2026-08-25T06:08:09+00:00,2026-08-25T06:13:09+00:00,-17,-15.375,-16.14792,60,2026-08-25T03:10:52.556908-03:00
1886,2026-08-25T03:13:09-03:00,2026-08-25T03:18:09-03:00,2026-08-25T06:13:09+00:00,2026-08-25T06:18:09+00:00,-18.5,-17,-17.78854,60,2026-08-25T03:15:52.696519-03:00
1887,2026-08-25T03:18:09-03:00,2026-08-25T03:23:09-03:00,2026-08-25T06:18:09+00:00,2026-08-25T06:23:09+00:00,-19.8125,-18.5625,-19.20521,60,2026-08-25T03:20:55.652787-03:00
1888,2026-08-25T03:23:09-03:00,2026-08-25T03:28:10-03:00,2026-08-25T06:23:09+00:00,2026-08-25T06:28:10+00:00,-20.125,-19.8125,-19.97604,60,2026-08-25T03:25:53.276174-03:00
1889,2026-08-25T03:28:10-03:00,2026-08-25T03:33:10-03:00,2026-08-25T06:28:10+00:00,2026-08-25T06:33:10+00:00,-19.75,-19.0625,-19.43854,60,2026-08-25T03:30:53.192184-03:00
1890,2026-08-25T03:33:10-03:00,2026-08-25T03:38:10-03:00,2026-08-25T06:33:10+00:00,2026-08-25T06:38:10+00:00,-19.0625,-18.375,-18.71354,60,2026-08-25T03:35:53.402207-03:00
1891,2026-08-25T03:38:10-03:00,2026-08-25T03:43:10-03:00,2026-08-25T06:38:10+00:00,2026-08-25T06:43:10+00:00,-18.375,-17.8125,-18.07813,60,2026-08-25T03:40:53.165073-03:00
1892,2026-08-25T03:43:10-03:00,2026-08-25T03:48:10-03:00,2026-08-25T06:43:10+00:00,2026-08-25T06:48:10+00:00,-17.8125,-17.375,-17.56562,60,2026-08-25T03:45:53.683630-03:00
1893,2026-08-25T03:48:10-03:00,2026-08-25T03:53:10-03:00,2026-08-25T06:48:10+00:00,2026-08-25T06:53:10+00:00,-17.3125,-16.9375,-17.13646,60,2026-08-25T03:50:54.011294-03:00
1894,2026-08-25T03:53:10-03:00,2026-08-25T03:58:10-03:00,2026-08-25T06:53:10+00:00,2026-08-25T06:58:10+00:00,-16.9375,-16.625,-16.76667,60,2026-08-25T03:55:53.091142-03:00
1895,2026-08-25T03:58:10-03:00,2026-08-25T04:03:10-03:00,2026-08-25T06:58:10+00:00,2026-08-25T07:03:10+00:00,-16.625,-16.3125,-16.44896,60,2026-08-25T04:00:53.476229-03:00
1896,2026-08-25T04:03:10-03:00,2026-08-25T04:08:10-03:00,2026-08-25T07:03:10+00:00,2026-08-25T07:08:10+00:00,-16.3125,-16,-16.14583,60,2026-08-25T04:05:53.311720-03:00
1897,2026-08-25T04:08:10-03:00,2026-08-25T04:13:10-03:00,2026-08-25T07:08:10+00:00,2026-08-25T07:13:10+00:00,-16,-15.75,-15.89271,60,2026-08-25T04:10:53.268912-03:00
1898,2026-08-25T04:13:10-03:00,2026-08-25T04:18:10-03:00,2026-08-25T07:13:10+00:00,2026-08-25T07:18:10+00:00,-15.75,-15.5625,-15.66979,60,2026-08-25T04:15:53.361038-03:00
1899,2026-08-25T04:18:10-03:00,2026-08-25T04:23:10-03:00,2026-08-25T07:18:10+00:00,2026-08-25T07:23:10+00:00,-15.5625,-15.375,-15.47188,60,2026-08-25T04:20:53.448445-03:00
1900,2026-08-25T04:23:10-03:00,2026-08-25T04:28:10-03:00,2026-08-25T07:23:10+00:00,2026-08-25T07:28:10+00:00,-15.375,-15.1875,-15.28438,60,2026-08-25T04:25:53.647072-03:00
1901,2026-08-25T04:28:10-03:00,2026-08-25T04:33:10-03:00,2026-08-25T07:28:10+00:00,2026-08-25T07:33:10+00:00,-15.1875,-15,-15.10625,60,2026-08-25T04:30:53.547246-03:00
1902,2026-08-25T04:33:10-03:00,2026-08-25T04:38:10-03:00,2026-08-25T07:33:10+00:00,2026-08-25T07:38:10+00:00,-15,-14.875,-14.93646,60,2026-08-25T04:35:53.272294-03:00
1903,2026-08-25T04:38:10-03:00,2026-08-25T04:43:10-03:00,2026-08-25T07:38:10+00:00,2026-08-25T07:43:10+00:00,-14.875,-14.6875,-14.78542,60,2026-08-25T04:40:53.322853-03:00
1904,2026-08-25T04:43:10-03:00,2026-08-25T04:48:10-03:00,2026-08-25T07:43:10+00:00,2026-08-25T07:48:10+00:00,-14.6875,-14.5625,-14.63958,60,2026-08-25T04:46:02.630050-03:00
1905,2026-08-25T04:48:10-03:00,2026-08-25T04:53:10-03:00,2026-08-25T07:48:10+00:00,2026-08-25T07:53:10+00:00,-14.8125,-14.5,-14.56897,58,2026-08-25T04:50:52.969609-03:00
1906,2026-08-25T04:53:10-03:00,2026-08-25T04:58:11-03:00,2026-08-25T07:53:10+00:00,2026-08-25T07:58:11+00:00,-16.1875,-14.8125,-15.43333,60,2026-08-25T04:55:53.506378-03:00
1907,2026-08-25T04:58:11-03:00,2026-08-25T05:03:11-03:00,2026-08-25T07:58:11+00:00,2026-08-25T08:03:11+00:00,-17.875,-16.25,-17.06354,60,2026-08-25T05:00:53.641928-03:00
1908,2026-08-25T05:03:11-03:00,2026-08-25T05:08:11-03:00,2026-08-25T08:03:11+00:00,2026-08-25T08:08:11+00:00,-19.25,-17.9375,-18.62917,60,2026-08-25T05:05:53.471075-03:00
1909,2026-08-25T05:08:11-03:00,2026-08-25T05:13:11-03:00,2026-08-25T08:08:11+00:00,2026-08-25T08:13:11+00:00,-19.9375,-19.3125,-19.72708,60,2026-08-25T05:10:53.181302-03:00
1910,2026-08-25T05:13:11-03:00,2026-08-25T05:18:11-03:00,2026-08-25T08:13:11+00:00,2026-08-25T08:18:11+00:00,-19.8125,-19.1875,-19.50417,60,2026-08-25T05:15:53.449874-03:00
1911,2026-08-25T05:18:11-03:00,2026-08-25T05:23:11-03:00,2026-08-25T08:18:11+00:00,2026-08-25T08:23:11+00:00,-19.125,-18.5,-18.81458,60,2026-08-25T05:20:53.786865-03:00
1912,2026-08-25T05:23:11-03:00,2026-08-25T05:28:11-03:00,2026-08-25T08:23:11+00:00,2026-08-25T08:28:11+00:00,-18.5,-17.875,-18.16458,60,2026-08-25T05:25:53.377492-03:00
1913,2026-08-25T05:28:11-03:00,2026-08-25T05:33:11-03:00,2026-08-25T08:28:11+00:00,2026-08-25T08:33:11+00:00,-17.875,-17.375,-17.61146,60,2026-08-25T05:30:53.597498-03:00
1914,2026-08-25T05:33:11-03:00,2026-08-25T05:38:11-03:00,2026-08-25T08:33:11+00:00,2026-08-25T08:38:11+00:00,-17.375,-17,-17.17083,60,2026-08-25T05:35:54.536035-03:00
1915,2026-08-25T05:38:11-03:00,2026-08-25T05:43:11-03:00,2026-08-25T08:38:11+00:00,2026-08-25T08:43:11+00:00,-17,-16.625,-16.79271,60,2026-08-25T05:40:53.523602-03:00
1916,2026-08-25T05:43:11-03:00,2026-08-25T05:48:11-03:00,2026-08-25T08:43:11+00:00,2026-08-25T08:48:11+00:00,-16.625,-16.3125,-16.45938,60,2026-08-25T05:45:53.383323-03:00
1917,2026-08-25T05:48:11-03:00,2026-08-25T05:53:11-03:00,2026-08-25T08:48:11+00:00,2026-08-25T08:53:11+00:00,-16.3125,-16.0625,-16.17188,60,2026-08-25T05:50:53.540916-03:00
1918,2026-08-25T05:53:11-03:00,2026-08-25T05:58:11-03:00,2026-08-25T08:53:11+00:00,2026-08-25T08:58:11+00:00,-16.0625,-15.8125,-15.92083,60,2026-08-25T05:55:53.619907-03:00
1919,2026-08-25T05:58:11-03:00,2026-08-25T06:03:11-03:00,2026-08-25T08:58:11+00:00,2026-08-25T09:03:11+00:00,-15.8125,-15.5625,-15.69792,60,2026-08-25T06:00:53.132653-03:00
1920,2026-08-25T06:03:11-03:00,2026-08-25T06:08:11-03:00,2026-08-25T09:03:11+00:00,2026-08-25T09:08:11+00:00,-15.5625,-15.375,-15.48229,60,2026-08-25T06:05:53.586032-03:00
1921,2026-08-25T06:08:11-03:00,2026-08-25T06:13:11-03:00,2026-08-25T09:08:11+00:00,2026-08-25T09:13:11+00:00,-15.375,-15.1875,-15.28958,60,2026-08-25T06:10:53.726423-03:00
1922,2026-08-25T06:13:11-03:00,2026-08-25T06:18:11-03:00,2026-08-25T09:13:11+00:00,2026-08-25T09:18:11+00:00,-15.1875,-15.0625,-15.11875,60,2026-08-25T06:15:53.640139-03:00
1923,2026-08-25T06:18:11-03:00,2026-08-25T06:23:11-03:00,2026-08-25T09:18:11+00:00,2026-08-25T09:23:11+00:00,-15,-14.875,-14.94792,60,2026-08-25T06:20:53.664907-03:00
1924,2026-08-25T06:23:11-03:00,2026-08-25T06:28:11-03:00,2026-08-25T09:23:11+00:00,2026-08-25T09:28:11+00:00,-14.875,-14.75,-14.8,60,2026-08-25T06:25:54.177495-03:00
1925,2026-08-25T06:28:11-03:00,2026-08-25T06:33:11-03:00,2026-08-25T09:28:11+00:00,2026-08-25T09:33:11+00:00,-14.75,-14.5625,-14.65521,60,2026-08-25T06:30:53.358893-03:00
1926,2026-08-25T06:33:11-03:00,2026-08-25T06:38:11-03:00,2026-08-25T09:33:11+00:00,2026-08-25T09:38:11+00:00,-14.5625,-14.4375,-14.51458,60,2026-08-25T06:35:53.527780-03:00
1927,2026-08-25T06:38:11-03:00,2026-08-25T06:43:11-03:00,2026-08-25T09:38:11+00:00,2026-08-25T09:43:11+00:00,-14.4375,-14.3125,-14.39688,60,2026-08-25T06:40:53.895260-03:00
1928,2026-08-25T06:43:11-03:00,2026-08-25T06:48:11-03:00,2026-08-25T09:43:11+00:00,2026-08-25T09:48:11+00:00,-15.5625,-14.4375,-14.93646,60,2026-08-25T06:45:53.431327-03:00
1929,2026-08-25T06:48:11-03:00,2026-08-25T06:53:11-03:00,2026-08-25T09:48:11+00:00,2026-08-25T09:53:11+00:00,-17.3125,-15.5625,-16.42813,60,2026-08-25T06:50:53.541455-03:00
1930,2026-08-25T06:53:11-03:00,2026-08-25T06:58:11-03:00,2026-08-25T09:53:11+00:00,2026-08-25T09:58:11+00:00,-18.8125,-17.3125,-18.06771,60,2026-08-25T06:55:53.965151-03:00
1931,2026-08-25T06:58:11-03:00,2026-08-25T07:03:11-03:00,2026-08-25T09:58:11+00:00,2026-08-25T10:03:11+00:00,-19.75,-18.875,-19.41042,60,2026-08-25T07:00:53.602097-03:00
1932,2026-08-25T07:03:11-03:00,2026-08-25T07:08:11-03:00,2026-08-25T10:03:11+00:00,2026-08-25T10:08:11+00:00,-19.625,-19.0625,-19.37083,60,2026-08-25T07:07:27.863093-03:00
1933,2026-08-25T07:08:11-03:00,2026-08-25T07:13:12-03:00,2026-08-25T10:08:11+00:00,2026-08-25T10:13:12+00:00,-19.0625,-18.375,-18.70759,56,2026-08-25T07:12:28.273221-03:00
1934,2026-08-25T07:13:12-03:00,2026-08-25T07:18:12-03:00,2026-08-25T10:13:12+00:00,2026-08-25T10:18:12+00:00,-18.375,-17.8125,-18.05978,46,2026-08-25T07:15:54.291058-03:00
1935,2026-08-25T07:18:12-03:00,2026-08-25T07:23:12-03:00,2026-08-25T10:18:12+00:00,2026-08-25T10:23:12+00:00,-17.8125,-17.3125,-17.56771,60,2026-08-25T07:20:53.517120-03:00
1936,2026-08-25T07:23:12-03:00,2026-08-25T07:28:12-03:00,2026-08-25T10:23:12+00:00,2026-08-25T10:28:12+00:00,-17.3125,-16.9375,-17.1125,60,2026-08-25T07:25:53.457213-03:00
1937,2026-08-25T07:28:12-03:00,2026-08-25T07:33:12-03:00,2026-08-25T10:28:12+00:00,2026-08-25T10:33:12+00:00,-16.9375,-16.5625,-16.72708,60,2026-08-25T07:31:02.740790-03:00
1938,2026-08-25T07:33:12-03:00,2026-08-25T07:38:12-03:00,2026-08-25T10:33:12+00:00,2026-08-25T10:38:12+00:00,-16.5625,-16.25,-16.41056,58,2026-08-25T07:35:53.701128-03:00
1939,2026-08-25T07:38:12-03:00,2026-08-25T07:43:12-03:00,2026-08-25T10:38:12+00:00,2026-08-25T10:43:12+00:00,-16.25,-16,-16.12917,60,2026-08-25T07:40:53.745407-03:00
1940,2026-08-25T07:43:12-03:00,2026-08-25T07:48:12-03:00,2026-08-25T10:43:12+00:00,2026-08-25T10:48:12+00:00,-16,-15.75,-15.86771,60,2026-08-25T07:45:54.568022-03:00
1941,2026-08-25T07:48:12-03:00,2026-08-25T07:53:12-03:00,2026-08-25T10:48:12+00:00,2026-08-25T10:53:12+00:00,-15.75,-15.5,-15.62813,60,2026-08-25T07:50:53.623286-03:00
1942,2026-08-25T07:53:12-03:00,2026-08-25T07:58:12-03:00,2026-08-25T10:53:12+00:00,2026-08-25T10:58:12+00:00,-15.5,-15.3125,-15.41354,60,2026-08-25T07:55:55.054797-03:00
1943,2026-08-25T07:58:12-03:00,2026-08-25T08:03:12-03:00,2026-08-25T10:58:12+00:00,2026-08-25T11:03:12+00:00,-15.3125,-15.125,-15.22396,60,2026-08-25T08:00:53.691615-03:00
1944,2026-08-25T08:03:12-03:00,2026-08-25T08:08:12-03:00,2026-08-25T11:03:12+00:00,2026-08-25T11:08:12+00:00,-15.125,-15,-15.05625,60,2026-08-25T08:05:54.067085-03:00
1945,2026-08-25T08:08:12-03:00,2026-08-25T08:13:12-03:00,2026-08-25T11:08:12+00:00,2026-08-25T11:13:12+00:00,-15,-14.8125,-14.9,60,2026-08-25T08:10:54.176383-03:00
1946,2026-08-25T08:13:12-03:00,2026-08-25T08:18:12-03:00,2026-08-25T11:13:12+00:00,2026-08-25T11:18:12+00:00,-14.8125,-14.6875,-14.75521,60,2026-08-25T08:15:53.949409-03:00
1947,2026-08-25T08:18:12-03:00,2026-08-25T08:23:12-03:00,2026-08-25T11:18:12+00:00,2026-08-25T11:23:12+00:00,-14.6875,-14.5625,-14.61875,60,2026-08-25T08:20:53.526319-03:00
1948,2026-08-25T08:23:12-03:00,2026-08-25T08:28:12-03:00,2026-08-25T11:23:12+00:00,2026-08-25T11:28:12+00:00,-14.5625,-14.4375,-14.48646,60,2026-08-25T08:25:55.050705-03:00
1949,2026-08-25T08:28:12-03:00,2026-08-25T08:33:12-03:00,2026-08-25T11:28:12+00:00,2026-08-25T11:33:12+00:00,-14.4375,-14.3125,-14.3625,60,2026-08-25T08:30:55.879599-03:00
1950,2026-08-25T08:33:12-03:00,2026-08-25T08:38:12-03:00,2026-08-25T11:33:12+00:00,2026-08-25T11:38:12+00:00,-14.3125,-14.1875,-14.24167,60,2026-08-25T08:35:53.609138-03:00
1951,2026-08-25T08:38:12-03:00,2026-08-25T08:43:12-03:00,2026-08-25T11:38:12+00:00,2026-08-25T11:43:12+00:00,-14.1875,-14.0625,-14.125,60,2026-08-25T08:40:53.695675-03:00
1952,2026-08-25T08:43:12-03:00,2026-08-25T08:48:12-03:00,2026-08-25T11:43:12+00:00,2026-08-25T11:48:12+00:00,-14.5625,-14.0625,-14.22812,60,2026-08-25T08:45:53.530631-03:00
1953,2026-08-25T08:48:12-03:00,2026-08-25T08:53:12-03:00,2026-08-25T11:48:12+00:00,2026-08-25T11:53:12+00:00,-14.625,-14.5625,-14.60729,60,2026-08-25T08:50:56.622738-03:00
1954,2026-08-25T08:53:12-03:00,2026-08-25T08:58:13-03:00,2026-08-25T11:53:12+00:00,2026-08-25T11:58:13+00:00,-14.625,-14.5,-14.55625,60,2026-08-25T08:55:54.027302-03:00
1955,2026-08-25T08:58:13-03:00,2026-08-25T09:03:13-03:00,2026-08-25T11:58:13+00:00,2026-08-25T12:03:13+00:00,-14.5,-14.1875,-14.35625,60,2026-08-25T09:00:54.117444-03:00
1956,2026-08-25T09:03:13-03:00,2026-08-25T09:08:13-03:00,2026-08-25T12:03:13+00:00,2026-08-25T12:08:13+00:00,-14.1875,-13.75,-13.97917,60,2026-08-25T09:05:54.194723-03:00
1957,2026-08-25T09:08:13-03:00,2026-08-25T09:13:13-03:00,2026-08-25T12:08:13+00:00,2026-08-25T12:13:13+00:00,-13.75,-12.9375,-13.37292,60,2026-08-25T09:10:54.569688-03:00
1958,2026-08-25T09:13:13-03:00,2026-08-25T09:18:13-03:00,2026-08-25T12:13:13+00:00,2026-08-25T12:18:13+00:00,-12.9375,-11.4375,-12.24375,60,2026-08-25T09:15:54.457386-03:00
1959,2026-08-25T09:18:13-03:00,2026-08-25T09:23:13-03:00,2026-08-25T12:18:13+00:00,2026-08-25T12:23:13+00:00,-11.4375,-9.5,-10.48438,60,2026-08-25T09:20:54.297527-03:00
1960,2026-08-25T09:23:13-03:00,2026-08-25T09:28:13-03:00,2026-08-25T12:23:13+00:00,2026-08-25T12:28:13+00:00,-9.5,-7.75,-8.570833,60,2026-08-25T09:25:57.618849-03:00
1961,2026-08-25T09:28:13-03:00,2026-08-25T09:33:13-03:00,2026-08-25T12:28:13+00:00,2026-08-25T12:33:13+00:00,-7.75,-5.6875,-6.528602,59,2026-08-25T09:30:54.124956-03:00
1962,2026-08-25T09:33:13-03:00,2026-08-25T09:38:13-03:00,2026-08-25T12:33:13+00:00,2026-08-25T12:38:13+00:00,-7.4375,-6.5625,-6.840625,60,2026-08-25T09:35:54.249464-03:00
1963,2026-08-25T09:38:13-03:00,2026-08-25T09:43:13-03:00,2026-08-25T12:38:13+00:00,2026-08-25T12:43:13+00:00,-9.875,-7.5,-8.640625,60,2026-08-25T09:40:54.207247-03:00
1964,2026-08-25T09:43:13-03:00,2026-08-25T09:48:13-03:00,2026-08-25T12:43:13+00:00,2026-08-25T12:48:13+00:00,-12.375,-9.9375,-11.17188,60,2026-08-25T09:45:54.256132-03:00
1965,2026-08-25T09:48:13-03:00,2026-08-25T09:53:13-03:00,2026-08-25T12:48:13+00:00,2026-08-25T12:53:13+00:00,-14.625,-12.375,-13.53229,60,2026-08-25T09:50:54.199188-03:00
1966,2026-08-25T09:53:13-03:00,2026-08-25T09:58:13-03:00,2026-08-25T12:53:13+00:00,2026-08-25T12:58:13+00:00,-16.3125,-14.625,-15.51771,60,2026-08-25T09:55:57.701155-03:00
1967,2026-08-25T09:58:13-03:00,2026-08-25T10:03:13-03:00,2026-08-25T12:58:13+00:00,2026-08-25T13:03:13+00:00,-16.625,-16.3125,-16.50424,59,2026-08-25T10:00:54.569608-03:00
1968,2026-08-25T10:03:13-03:00,2026-08-25T10:08:13-03:00,2026-08-25T13:03:13+00:00,2026-08-25T13:08:13+00:00,-16.25,-15.6875,-15.975,60,2026-08-25T10:05:54.790666-03:00
1969,2026-08-25T10:08:13-03:00,2026-08-25T10:13:13-03:00,2026-08-25T13:08:13+00:00,2026-08-25T13:13:13+00:00,-15.6875,-15.1875,-15.40833,60,2026-08-25T10:10:54.017240-03:00
1970,2026-08-25T10:13:13-03:00,2026-08-25T10:18:13-03:00,2026-08-25T13:13:13+00:00,2026-08-25T13:18:13+00:00,-15.1875,-14.6875,-14.91458,60,2026-08-25T10:16:25.132552-03:00
1971,2026-08-25T10:18:13-03:00,2026-08-25T10:23:13-03:00,2026-08-25T13:18:13+00:00,2026-08-25T13:23:13+00:00,-14.6875,-14.3125,-14.48729,59,2026-08-25T10:20:54.606155-03:00
1972,2026-08-25T10:23:13-03:00,2026-08-25T10:28:13-03:00,2026-08-25T13:23:13+00:00,2026-08-25T13:28:13+00:00,-14.3125,-13.9375,-14.12813,60,2026-08-25T10:25:54.503699-03:00
1973,2026-08-25T10:28:13-03:00,2026-08-25T10:33:13-03:00,2026-08-25T13:28:13+00:00,2026-08-25T13:33:13+00:00,-13.9375,-13.6875,-13.81771,60,2026-08-25T10:30:54.360710-03:00
1974,2026-08-25T10:33:13-03:00,2026-08-25T10:38:13-03:00,2026-08-25T13:33:13+00:00,2026-08-25T13:38:13+00:00,-13.6875,-13.4375,-13.55521,60,2026-08-25T10:35:54.759791-03:00
1975,2026-08-25T10:38:13-03:00,2026-08-25T10:43:13-03:00,2026-08-25T13:38:13+00:00,2026-08-25T13:43:13+00:00,-13.4375,-13.25,-13.33229,60,2026-08-25T10:40:54.292842-03:00
1976,2026-08-25T10:43:13-03:00,2026-08-25T10:48:13-03:00,2026-08-25T13:43:13+00:00,2026-08-25T13:48:13+00:00,-13.25,-13.0625,-13.13646,60,2026-08-25T10:45:54.786541-03:00
1977,2026-08-25T10:48:13-03:00,2026-08-25T10:53:13-03:00,2026-08-25T13:48:13+00:00,2026-08-25T13:53:13+00:00,-13.0625,-12.875,-12.95208,60,2026-08-25T10:50:54.638664-03:00
1978,2026-08-25T10:53:13-03:00,2026-08-25T10:58:13-03:00,2026-08-25T13:53:13+00:00,2026-08-25T13:58:13+00:00,-12.875,-12.6875,-12.78646,60,2026-08-25T10:55:54.449208-03:00
1979,2026-08-25T10:58:13-03:00,2026-08-25T11:03:14-03:00,2026-08-25T13:58:13+00:00,2026-08-25T14:03:14+00:00,-12.6875,-12.5625,-12.63021,60,2026-08-25T11:00:54.839104-03:00
1980,2026-08-25T11:03:14-03:00,2026-08-25T11:08:14-03:00,2026-08-25T14:03:14+00:00,2026-08-25T14:08:14+00:00,-12.5625,-12.4375,-12.4875,60,2026-08-25T11:05:54.550411-03:00
1981,2026-08-25T11:08:14-03:00,2026-08-25T11:13:14-03:00,2026-08-25T14:08:14+00:00,2026-08-25T14:13:14+00:00,-12.4375,-12.3125,-12.35521,60,2026-08-25T11:10:54.395915-03:00
1982,2026-08-25T11:13:14-03:00,2026-08-25T11:18:14-03:00,2026-08-25T14:13:14+00:00,2026-08-25T14:18:14+00:00,-12.75,-11.5,-12.10104,60,2026-08-25T11:15:54.417711-03:00
1983,2026-08-25T11:18:14-03:00,2026-08-25T11:23:14-03:00,2026-08-25T14:18:14+00:00,2026-08-25T14:23:14+00:00,-15.1875,-12.8125,-14.02292,60,2026-08-25T11:20:54.667526-03:00
1984,2026-08-25T11:23:14-03:00,2026-08-25T11:28:14-03:00,2026-08-25T14:23:14+00:00,2026-08-25T14:28:14+00:00,-16.9375,-15.1875,-16.12292,60,2026-08-25T11:25:54.677304-03:00
1985,2026-08-25T11:28:14-03:00,2026-08-25T11:33:14-03:00,2026-08-25T14:28:14+00:00,2026-08-25T14:33:14+00:00,-18.25,-17,-17.63542,60,2026-08-25T11:30:54.397994-03:00
1986,2026-08-25T11:33:14-03:00,2026-08-25T11:38:14-03:00,2026-08-25T14:33:14+00:00,2026-08-25T14:38:14+00:00,-19.125,-18.25,-18.75417,60,2026-08-25T11:35:55.000710-03:00
1987,2026-08-25T11:38:14-03:00,2026-08-25T11:43:14-03:00,2026-08-25T14:38:14+00:00,2026-08-25T14:43:14+00:00,-19.125,-18.4375,-18.8125,60,2026-08-25T11:40:55.000461-03:00
1988,2026-08-25T11:43:14-03:00,2026-08-25T11:48:14-03:00,2026-08-25T14:43:14+00:00,2026-08-25T14:48:14+00:00,-18.4375,-17.625,-18.02813,60,2026-08-25T11:45:54.667411-03:00
1989,2026-08-25T11:48:14-03:00,2026-08-25T11:53:14-03:00,2026-08-25T14:48:14+00:00,2026-08-25T14:53:14+00:00,-17.625,-17,-17.30104,60,2026-08-25T11:50:54.719050-03:00
1990,2026-08-25T11:53:14-03:00,2026-08-25T11:58:14-03:00,2026-08-25T14:53:14+00:00,2026-08-25T14:58:14+00:00,-17,-16.4375,-16.68646,60,2026-08-25T11:55:54.613046-03:00
1991,2026-08-25T11:58:14-03:00,2026-08-25T12:03:14-03:00,2026-08-25T14:58:14+00:00,2026-08-25T15:03:14+00:00,-16.4375,-15.9375,-16.17188,60,2026-08-25T12:00:54.532613-03:00
1992,2026-08-25T12:03:14-03:00,2026-08-25T12:08:14-03:00,2026-08-25T15:03:14+00:00,2026-08-25T15:08:14+00:00,-15.9375,-15.5625,-15.73229,60,2026-08-25T12:05:55.563613-03:00
1993,2026-08-25T12:08:14-03:00,2026-08-25T12:13:14-03:00,2026-08-25T15:08:14+00:00,2026-08-25T15:13:14+00:00,-15.5625,-15.1875,-15.35208,60,2026-08-25T12:10:55.266624-03:00
1994,2026-08-25T12:13:14-03:00,2026-08-25T12:18:14-03:00,2026-08-25T15:13:14+00:00,2026-08-25T15:18:14+00:00,-15.1875,-14.875,-15.01563,60,2026-08-25T12:15:54.866123-03:00
1995,2026-08-25T12:18:14-03:00,2026-08-25T12:23:14-03:00,2026-08-25T15:18:14+00:00,2026-08-25T15:23:14+00:00,-14.875,-14.5625,-14.70833,60,2026-08-25T12:20:57.358058-03:00
1996,2026-08-25T12:23:14-03:00,2026-08-25T12:28:14-03:00,2026-08-25T15:23:14+00:00,2026-08-25T15:28:14+00:00,-14.5625,-14.25,-14.41458,60,2026-08-25T12:25:55.305282-03:00
1997,2026-08-25T12:28:14-03:00,2026-08-25T12:33:14-03:00,2026-08-25T15:28:14+00:00,2026-08-25T15:33:14+00:00,-14.3125,-14,-14.15208,60,2026-08-25T12:30:54.968252-03:00
1998,2026-08-25T12:33:14-03:00,2026-08-25T12:38:15-03:00,2026-08-25T15:33:14+00:00,2026-08-25T15:38:15+00:00,-14.0625,-13.8125,-13.91354,60,2026-08-25T12:35:55.331913-03:00
1999,2026-08-25T12:38:15-03:00,2026-08-25T12:43:15-03:00,2026-08-25T15:38:15+00:00,2026-08-25T15:43:15+00:00,-14,-13.6875,-13.78229,60,2026-08-25T12:40:55.414179-03:00
2000,2026-08-25T12:43:15-03:00,2026-08-25T12:48:15-03:00,2026-08-25T15:43:15+00:00,2026-08-25T15:48:15+00:00,-15.8125,-14.0625,-14.86979,60,2026-08-25T12:45:58.522272-03:00
2001,2026-08-25T12:48:15-03:00,2026-08-25T12:53:15-03:00,2026-08-25T15:48:15+00:00,2026-08-25T15:53:15+00:00,-17.5,-15.8125,-16.69492,59,2026-08-25T12:50:54.927728-03:00
2002,2026-08-25T12:53:15-03:00,2026-08-25T12:58:15-03:00,2026-08-25T15:53:15+00:00,2026-08-25T15:58:15+00:00,-18.8125,-17.5625,-18.2125,60,2026-08-25T12:55:54.608565-03:00
2003,2026-08-25T12:58:15-03:00,2026-08-25T13:03:15-03:00,2026-08-25T15:58:15+00:00,2026-08-25T16:03:15+00:00,-19.75,-18.875,-19.35833,60,2026-08-25T13:00:54.962549-03:00
2004,2026-08-25T13:03:15-03:00,2026-08-25T13:08:15-03:00,2026-08-25T16:03:15+00:00,2026-08-25T16:08:15+00:00,-19.6875,-19.0625,-19.39792,60,2026-08-25T13:06:01.818676-03:00
2005,2026-08-25T13:08:15-03:00,2026-08-25T13:13:15-03:00,2026-08-25T16:08:15+00:00,2026-08-25T16:13:15+00:00,-19,-18.25,-18.62712,59,2026-08-25T13:10:55.081551-03:00
2006,2026-08-25T13:13:15-03:00,2026-08-25T13:18:15-03:00,2026-08-25T16:13:15+00:00,2026-08-25T16:18:15+00:00,-18.25,-17.625,-17.93333,60,2026-08-25T13:15:55.085200-03:00
2007,2026-08-25T13:18:15-03:00,2026-08-25T13:23:15-03:00,2026-08-25T16:18:15+00:00,2026-08-25T16:23:15+00:00,-17.625,-17.0625,-17.32917,60,2026-08-25T13:20:55.424786-03:00
2008,2026-08-25T13:23:15-03:00,2026-08-25T13:28:15-03:00,2026-08-25T16:23:15+00:00,2026-08-25T16:28:15+00:00,-17.0625,-16.5625,-16.79271,60,2026-08-25T13:26:04.075947-03:00
2009,2026-08-25T13:28:15-03:00,2026-08-25T13:33:15-03:00,2026-08-25T16:28:15+00:00,2026-08-25T16:33:15+00:00,-16.5625,-16.125,-16.33297,58,2026-08-25T13:30:55.159716-03:00
2010,2026-08-25T13:33:15-03:00,2026-08-25T13:38:15-03:00,2026-08-25T16:33:15+00:00,2026-08-25T16:38:15+00:00,-16.125,-15.75,-15.94271,60,2026-08-25T13:35:55.122894-03:00
2011,2026-08-25T13:38:15-03:00,2026-08-25T13:43:15-03:00,2026-08-25T16:38:15+00:00,2026-08-25T16:43:15+00:00,-15.75,-15.4375,-15.60833,60,2026-08-25T13:40:55.446622-03:00
2012,2026-08-25T13:43:15-03:00,2026-08-25T13:48:15-03:00,2026-08-25T16:43:15+00:00,2026-08-25T16:48:15+00:00,-15.4375,-15.125,-15.30208,60,2026-08-25T13:45:56.559860-03:00
2013,2026-08-25T13:48:15-03:00,2026-08-25T13:53:15-03:00,2026-08-25T16:48:15+00:00,2026-08-25T16:53:15+00:00,-15.1875,-14.875,-15.01563,60,2026-08-25T13:50:55.441942-03:00
2014,2026-08-25T13:53:15-03:00,2026-08-25T13:58:15-03:00,2026-08-25T16:53:15+00:00,2026-08-25T16:58:15+00:00,-15,-14.75,-14.82604,60,2026-08-25T13:55:55.336538-03:00
2016,2026-08-25T13:58:15-03:00,2026-08-25T14:03:15-03:00,2026-08-25T16:58:15+00:00,2026-08-25T17:03:15+00:00,-16.5,-15,-15.69792,60,2026-08-25T14:01:25.213852-03:00
2017,2026-08-25T14:03:15-03:00,2026-08-25T14:08:15-03:00,2026-08-25T17:03:15+00:00,2026-08-25T17:08:15+00:00,-18,-16.5625,-17.30603,58,2026-08-25T14:05:56.599917-03:00
2018,2026-08-25T14:08:15-03:00,2026-08-25T14:13:15-03:00,2026-08-25T17:08:15+00:00,2026-08-25T17:13:15+00:00,-19.1875,-18.0625,-18.65729,60,2026-08-25T14:10:54.886197-03:00
2019,2026-08-25T14:13:15-03:00,2026-08-25T14:18:15-03:00,2026-08-25T17:13:15+00:00,2026-08-25T17:18:15+00:00,-20.0625,-19.25,-19.68021,60,2026-08-25T14:15:54.828271-03:00
2020,2026-08-25T14:18:15-03:00,2026-08-25T14:23:15-03:00,2026-08-25T17:18:15+00:00,2026-08-25T17:23:15+00:00,-20.6875,-20.0625,-20.38854,60,2026-08-25T14:20:55.260117-03:00
2021,2026-08-25T14:23:15-03:00,2026-08-25T14:28:15-03:00,2026-08-25T17:23:15+00:00,2026-08-25T17:28:15+00:00,-21.125,-20.6875,-20.87604,60,2026-08-25T14:26:26.995904-03:00
2022,2026-08-25T14:28:15-03:00,2026-08-25T14:33:15-03:00,2026-08-25T17:28:15+00:00,2026-08-25T17:33:15+00:00,-21.5625,-21.125,-21.36229,59,2026-08-25T14:30:55.237219-03:00
2023,2026-08-25T14:33:15-03:00,2026-08-25T14:38:15-03:00,2026-08-25T17:33:15+00:00,2026-08-25T17:38:15+00:00,-21.875,-21.5625,-21.7,60,2026-08-25T14:35:55.922028-03:00
2024,2026-08-25T14:38:15-03:00,2026-08-25T14:43:15-03:00,2026-08-25T17:38:15+00:00,2026-08-25T17:43:15+00:00,-22.125,-21.875,-22.00312,60,2026-08-25T14:40:55.206851-03:00
2025,2026-08-25T14:43:15-03:00,2026-08-25T14:48:15-03:00,2026-08-25T17:43:15+00:00,2026-08-25T17:48:15+00:00,-22.375,-22,-22.23958,60,2026-08-25T14:45:55.598270-03:00
2026,2026-08-25T14:48:15-03:00,2026-08-25T14:53:16-03:00,2026-08-25T17:48:15+00:00,2026-08-25T17:53:16+00:00,-22,-21.1875,-21.6,60,2026-08-25T14:50:58.723173-03:00
2027,2026-08-25T14:53:16-03:00,2026-08-25T14:58:16-03:00,2026-08-25T17:53:16+00:00,2026-08-25T17:58:16+00:00,-21.1875,-20.4375,-20.79767,59,2026-08-25T14:55:55.660660-03:00
2028,2026-08-25T14:58:16-03:00,2026-08-25T15:03:16-03:00,2026-08-25T17:58:16+00:00,2026-08-25T18:03:16+00:00,-20.4375,-19.75,-20.075,60,2026-08-25T15:00:55.445729-03:00
2029,2026-08-25T15:03:16-03:00,2026-08-25T15:08:16-03:00,2026-08-25T18:03:16+00:00,2026-08-25T18:08:16+00:00,-19.75,-19.1875,-19.45208,60,2026-08-25T15:05:55.895405-03:00
2030,2026-08-25T15:08:16-03:00,2026-08-25T15:13:16-03:00,2026-08-25T18:08:16+00:00,2026-08-25T18:13:16+00:00,-19.1875,-18.6875,-18.91146,60,2026-08-25T15:10:55.572175-03:00
2031,2026-08-25T15:13:16-03:00,2026-08-25T15:18:16-03:00,2026-08-25T18:13:16+00:00,2026-08-25T18:18:16+00:00,-18.6875,-18.25,-18.4375,60,2026-08-25T15:15:55.891198-03:00
2032,2026-08-25T15:18:16-03:00,2026-08-25T15:23:16-03:00,2026-08-25T18:18:16+00:00,2026-08-25T18:23:16+00:00,-18.1875,-17.8125,-18.01354,60,2026-08-25T15:20:56.139107-03:00
2033,2026-08-25T15:23:16-03:00,2026-08-25T15:28:16-03:00,2026-08-25T18:23:16+00:00,2026-08-25T18:28:16+00:00,-17.8125,-17.4375,-17.64063,60,2026-08-25T15:25:56.656187-03:00
2034,2026-08-25T15:28:16-03:00,2026-08-25T15:33:16-03:00,2026-08-25T18:28:16+00:00,2026-08-25T18:33:16+00:00,-17.4375,-17.25,-17.33021,60,2026-08-25T15:30:54.937749-03:00
2035,2026-08-25T15:33:16-03:00,2026-08-25T15:38:16-03:00,2026-08-25T18:33:16+00:00,2026-08-25T18:38:16+00:00,-18.5625,-17.375,-17.89896,60,2026-08-25T15:35:55.357841-03:00
2036,2026-08-25T15:38:16-03:00,2026-08-25T15:43:16-03:00,2026-08-25T18:38:16+00:00,2026-08-25T18:43:16+00:00,-19.8125,-18.5625,-19.19479,60,2026-08-25T15:40:57.618442-03:00
2037,2026-08-25T15:43:16-03:00,2026-08-25T15:48:16-03:00,2026-08-25T18:43:16+00:00,2026-08-25T18:48:16+00:00,-20.875,-19.8125,-20.35417,60,2026-08-25T15:45:55.676749-03:00
2038,2026-08-25T15:48:16-03:00,2026-08-25T15:53:16-03:00,2026-08-25T18:48:16+00:00,2026-08-25T18:53:16+00:00,-21.625,-20.875,-21.24063,60,2026-08-25T15:50:55.423155-03:00
2039,2026-08-25T15:53:16-03:00,2026-08-25T15:58:16-03:00,2026-08-25T18:53:16+00:00,2026-08-25T18:58:16+00:00,-22.0625,-21.625,-21.84792,60,2026-08-25T15:55:56.224244-03:00
2040,2026-08-25T15:58:16-03:00,2026-08-25T16:03:16-03:00,2026-08-25T18:58:16+00:00,2026-08-25T19:03:16+00:00,-22.5625,-22.125,-22.33333,60,2026-08-25T16:01:04.487355-03:00
2041,2026-08-25T16:03:16-03:00,2026-08-25T16:08:16-03:00,2026-08-25T19:03:16+00:00,2026-08-25T19:08:16+00:00,-22.8125,-22.5625,-22.71983,58,2026-08-25T16:05:58.591310-03:00
2042,2026-08-25T16:08:16-03:00,2026-08-25T16:13:16-03:00,2026-08-25T19:08:16+00:00,2026-08-25T19:13:16+00:00,-22.6875,-22,-22.34746,59,2026-08-25T16:10:55.127563-03:00
2043,2026-08-25T16:13:16-03:00,2026-08-25T16:18:16-03:00,2026-08-25T19:13:16+00:00,2026-08-25T19:18:16+00:00,-22,-21.25,-21.60521,60,2026-08-25T16:15:55.701932-03:00
2044,2026-08-25T16:18:16-03:00,2026-08-25T16:23:16-03:00,2026-08-25T19:18:16+00:00,2026-08-25T19:23:16+00:00,-21.25,-20.5625,-20.90417,60,2026-08-25T16:20:55.505441-03:00
2045,2026-08-25T16:23:16-03:00,2026-08-25T16:28:16-03:00,2026-08-25T19:23:16+00:00,2026-08-25T19:28:16+00:00,-20.5625,-20,-20.28854,60,2026-08-25T16:25:55.547252-03:00
2046,2026-08-25T16:28:16-03:00,2026-08-25T16:33:16-03:00,2026-08-25T19:28:16+00:00,2026-08-25T19:33:16+00:00,-20,-19.5,-19.75208,60,2026-08-25T16:30:55.842788-03:00
2047,2026-08-25T16:33:16-03:00,2026-08-25T16:38:16-03:00,2026-08-25T19:33:16+00:00,2026-08-25T19:38:16+00:00,-19.5,-19.0625,-19.28229,60,2026-08-25T16:35:56.380791-03:00
2048,2026-08-25T16:38:16-03:00,2026-08-25T16:43:16-03:00,2026-08-25T19:38:16+00:00,2026-08-25T19:43:16+00:00,-19.0625,-18.6875,-18.85938,60,2026-08-25T16:40:55.806547-03:00
2049,2026-08-25T16:43:16-03:00,2026-08-25T16:48:16-03:00,2026-08-25T19:43:16+00:00,2026-08-25T19:48:16+00:00,-18.625,-18.3125,-18.47917,60,2026-08-25T16:45:56.731652-03:00
2050,2026-08-25T16:48:16-03:00,2026-08-25T16:53:16-03:00,2026-08-25T19:48:16+00:00,2026-08-25T19:53:16+00:00,-18.3125,-17.9375,-18.13125,60,2026-08-25T16:50:55.078858-03:00
2051,2026-08-25T16:53:16-03:00,2026-08-25T16:58:16-03:00,2026-08-25T19:53:16+00:00,2026-08-25T19:58:16+00:00,-17.9375,-17.625,-17.79896,60,2026-08-25T16:55:55.891298-03:00
2052,2026-08-25T16:58:16-03:00,2026-08-25T17:03:16-03:00,2026-08-25T19:58:16+00:00,2026-08-25T20:03:16+00:00,-18.0625,-17.5625,-17.71146,60,2026-08-25T17:00:58.745934-03:00
2053,2026-08-25T17:03:16-03:00,2026-08-25T17:08:17-03:00,2026-08-25T20:03:16+00:00,2026-08-25T20:08:17+00:00,-19.3125,-18.0625,-18.6536,59,2026-08-25T17:05:55.571396-03:00
2054,2026-08-25T17:08:17-03:00,2026-08-25T17:13:17-03:00,2026-08-25T20:08:17+00:00,2026-08-25T20:13:17+00:00,-20.5,-19.3125,-19.95313,60,2026-08-25T17:10:55.289201-03:00
2055,2026-08-25T17:13:17-03:00,2026-08-25T17:18:17-03:00,2026-08-25T20:13:17+00:00,2026-08-25T20:18:17+00:00,-21.4375,-20.5,-21,60,2026-08-25T17:15:56.114831-03:00
2056,2026-08-25T17:18:17-03:00,2026-08-25T17:23:17-03:00,2026-08-25T20:18:17+00:00,2026-08-25T20:23:17+00:00,-22.125,-21.4375,-21.80521,60,2026-08-25T17:20:55.785719-03:00
2057,2026-08-25T17:23:17-03:00,2026-08-25T17:28:17-03:00,2026-08-25T20:23:17+00:00,2026-08-25T20:28:17+00:00,-22.625,-22.125,-22.38021,60,2026-08-25T17:26:01.178782-03:00
2058,2026-08-25T17:28:17-03:00,2026-08-25T17:33:17-03:00,2026-08-25T20:28:17+00:00,2026-08-25T20:33:17+00:00,-23.0625,-22.625,-22.83898,59,2026-08-25T17:30:55.000147-03:00
2059,2026-08-25T17:33:17-03:00,2026-08-25T17:38:17-03:00,2026-08-25T20:33:17+00:00,2026-08-25T20:38:17+00:00,-23.3125,-23.0625,-23.19687,60,2026-08-25T17:35:57.675904-03:00
2060,2026-08-25T17:38:17-03:00,2026-08-25T17:43:17-03:00,2026-08-25T20:38:17+00:00,2026-08-25T20:43:17+00:00,-23.125,-22.4375,-22.78854,60,2026-08-25T17:40:56.046114-03:00
2061,2026-08-25T17:43:17-03:00,2026-08-25T17:48:17-03:00,2026-08-25T20:43:17+00:00,2026-08-25T20:48:17+00:00,-22.4375,-21.75,-22.07917,60,2026-08-25T17:45:55.760520-03:00
2062,2026-08-25T17:48:17-03:00,2026-08-25T17:53:17-03:00,2026-08-25T20:48:17+00:00,2026-08-25T20:53:17+00:00,-21.75,-21.125,-21.41667,60,2026-08-25T17:50:55.319654-03:00
2063,2026-08-25T17:53:17-03:00,2026-08-25T17:58:17-03:00,2026-08-25T20:53:17+00:00,2026-08-25T20:58:17+00:00,-21.125,-20.5625,-20.82396,60,2026-08-25T17:55:55.434626-03:00
2064,2026-08-25T17:58:17-03:00,2026-08-25T18:03:17-03:00,2026-08-25T20:58:17+00:00,2026-08-25T21:03:17+00:00,-20.5625,-20.0625,-20.29792,60,2026-08-25T18:00:55.579498-03:00
2065,2026-08-25T18:03:17-03:00,2026-08-25T18:08:17-03:00,2026-08-25T21:03:17+00:00,2026-08-25T21:08:17+00:00,-20.0625,-19.625,-19.82083,60,2026-08-25T18:05:56.181798-03:00
2066,2026-08-25T18:08:17-03:00,2026-08-25T18:13:17-03:00,2026-08-25T21:08:17+00:00,2026-08-25T21:13:17+00:00,-19.625,-19.1875,-19.40729,60,2026-08-25T18:10:57.179235-03:00
2067,2026-08-25T18:13:17-03:00,2026-08-25T18:18:17-03:00,2026-08-25T21:13:17+00:00,2026-08-25T21:18:17+00:00,-19.1875,-18.8125,-19.02188,60,2026-08-25T18:15:55.548556-03:00
2068,2026-08-25T18:18:17-03:00,2026-08-25T18:23:17-03:00,2026-08-25T21:18:17+00:00,2026-08-25T21:23:17+00:00,-18.8125,-18.5,-18.65833,60,2026-08-25T18:20:55.504355-03:00
2069,2026-08-25T18:23:17-03:00,2026-08-25T18:28:17-03:00,2026-08-25T21:23:17+00:00,2026-08-25T21:28:17+00:00,-18.5,-18.1875,-18.33021,60,2026-08-25T18:25:55.901247-03:00
2070,2026-08-25T18:28:17-03:00,2026-08-25T18:33:17-03:00,2026-08-25T21:28:17+00:00,2026-08-25T21:33:17+00:00,-19.125,-18.25,-18.60208,60,2026-08-25T18:30:55.914613-03:00
2071,2026-08-25T18:33:17-03:00,2026-08-25T18:38:17-03:00,2026-08-25T21:33:17+00:00,2026-08-25T21:38:17+00:00,-20.375,-19.125,-19.77708,60,2026-08-25T18:35:56.066206-03:00
2072,2026-08-25T18:38:17-03:00,2026-08-25T18:43:17-03:00,2026-08-25T21:38:17+00:00,2026-08-25T21:43:17+00:00,-21.4375,-20.4375,-20.95625,60,2026-08-25T18:40:56.040512-03:00
2073,2026-08-25T18:43:17-03:00,2026-08-25T18:48:17-03:00,2026-08-25T21:43:17+00:00,2026-08-25T21:48:17+00:00,-22.125,-21.5,-21.81354,60,2026-08-25T18:45:59.282234-03:00
2074,2026-08-25T18:48:17-03:00,2026-08-25T18:53:17-03:00,2026-08-25T21:48:17+00:00,2026-08-25T21:53:17+00:00,-22.625,-22.125,-22.38453,59,2026-08-25T18:50:55.725944-03:00
2075,2026-08-25T18:53:17-03:00,2026-08-25T18:58:17-03:00,2026-08-25T21:53:17+00:00,2026-08-25T21:58:17+00:00,-23.0625,-22.625,-22.84167,60,2026-08-25T18:55:55.865008-03:00
2076,2026-08-25T18:58:17-03:00,2026-08-25T19:03:17-03:00,2026-08-25T21:58:17+00:00,2026-08-25T22:03:17+00:00,-23.5,-23.0625,-23.27292,60,2026-08-25T19:01:55.847926-03:00
2077,2026-08-25T19:03:17-03:00,2026-08-25T19:08:17-03:00,2026-08-25T22:03:17+00:00,2026-08-25T22:08:17+00:00,-23.6875,-23.4375,-23.58728,58,2026-08-25T19:05:55.733189-03:00
2078,2026-08-25T19:08:17-03:00,2026-08-25T19:13:17-03:00,2026-08-25T22:08:17+00:00,2026-08-25T22:13:17+00:00,-23.4375,-22.75,-23.08958,60,2026-08-25T19:10:55.812562-03:00
2079,2026-08-25T19:13:17-03:00,2026-08-25T19:18:17-03:00,2026-08-25T22:13:17+00:00,2026-08-25T22:18:17+00:00,-22.75,-22.125,-22.41667,60,2026-08-25T19:15:55.789436-03:00
2080,2026-08-25T19:18:17-03:00,2026-08-25T19:23:18-03:00,2026-08-25T22:18:17+00:00,2026-08-25T22:23:18+00:00,-22.125,-21.5,-21.79062,60,2026-08-25T19:20:55.969153-03:00
2081,2026-08-25T19:23:18-03:00,2026-08-25T19:28:18-03:00,2026-08-25T22:23:18+00:00,2026-08-25T22:28:18+00:00,-21.5,-21,-21.23229,60,2026-08-25T19:25:55.874973-03:00
2082,2026-08-25T19:28:18-03:00,2026-08-25T19:33:18-03:00,2026-08-25T22:28:18+00:00,2026-08-25T22:33:18+00:00,-20.9375,-20.5,-20.73646,60,2026-08-25T19:30:56.619901-03:00
2083,2026-08-25T19:33:18-03:00,2026-08-25T19:38:18-03:00,2026-08-25T22:33:18+00:00,2026-08-25T22:38:18+00:00,-20.5,-20.125,-20.29792,60,2026-08-25T19:35:56.008276-03:00
2084,2026-08-25T19:38:18-03:00,2026-08-25T19:43:18-03:00,2026-08-25T22:38:18+00:00,2026-08-25T22:43:18+00:00,-20.0625,-19.6875,-19.90417,60,2026-08-25T19:40:55.827608-03:00
2085,2026-08-25T19:43:18-03:00,2026-08-25T19:48:18-03:00,2026-08-25T22:43:18+00:00,2026-08-25T22:48:18+00:00,-19.6875,-19.375,-19.54479,60,2026-08-25T19:45:55.964434-03:00
2086,2026-08-25T19:48:18-03:00,2026-08-25T19:53:18-03:00,2026-08-25T22:48:18+00:00,2026-08-25T22:53:18+00:00,-19.375,-19.0625,-19.21146,60,2026-08-25T19:50:55.952268-03:00
2087,2026-08-25T19:53:18-03:00,2026-08-25T19:58:18-03:00,2026-08-25T22:53:18+00:00,2026-08-25T22:58:18+00:00,-19.0625,-18.75,-18.90208,60,2026-08-25T19:56:45.404240-03:00
2088,2026-08-25T19:58:18-03:00,2026-08-25T20:03:18-03:00,2026-08-25T22:58:18+00:00,2026-08-25T23:03:18+00:00,-18.6875,-18.4375,-18.585,50,2026-08-25T20:01:25.727349-03:00
2089,2026-08-25T20:03:18-03:00,2026-08-25T20:08:18-03:00,2026-08-25T23:03:18+00:00,2026-08-25T23:08:18+00:00,-18.4375,-18.1875,-18.32309,59,2026-08-25T20:05:55.775112-03:00
2090,2026-08-25T20:08:18-03:00,2026-08-25T20:13:18-03:00,2026-08-25T23:08:18+00:00,2026-08-25T23:13:18+00:00,-18.1875,-17.9375,-18.05938,60,2026-08-25T20:10:55.914656-03:00
2091,2026-08-25T20:13:18-03:00,2026-08-25T20:18:18-03:00,2026-08-25T23:13:18+00:00,2026-08-25T23:18:18+00:00,-17.9375,-17.6875,-17.80625,60,2026-08-25T20:15:56.078366-03:00
2092,2026-08-25T20:18:18-03:00,2026-08-25T20:23:18-03:00,2026-08-25T23:18:18+00:00,2026-08-25T23:23:18+00:00,-17.6875,-17.4375,-17.5625,60,2026-08-25T20:20:59.297211-03:00
2093,2026-08-25T20:23:18-03:00,2026-08-25T20:28:18-03:00,2026-08-25T23:23:18+00:00,2026-08-25T23:28:18+00:00,-17.4375,-17.25,-17.33475,59,2026-08-25T20:25:56.335083-03:00
2094,2026-08-25T20:28:18-03:00,2026-08-25T20:33:18-03:00,2026-08-25T23:28:18+00:00,2026-08-25T23:33:18+00:00,-17.1875,-17,-17.10104,60,2026-08-25T20:30:55.951697-03:00
2095,2026-08-25T20:33:18-03:00,2026-08-25T20:38:18-03:00,2026-08-25T23:33:18+00:00,2026-08-25T23:38:18+00:00,-17,-16.75,-16.88958,60,2026-08-25T20:35:56.013150-03:00
2096,2026-08-25T20:38:18-03:00,2026-08-25T20:43:18-03:00,2026-08-25T23:38:18+00:00,2026-08-25T23:43:18+00:00,-16.75,-16.5625,-16.67083,60,2026-08-25T20:41:56.119369-03:00
2097,2026-08-25T20:43:18-03:00,2026-08-25T20:48:18-03:00,2026-08-25T23:43:18+00:00,2026-08-25T23:48:18+00:00,-16.5625,-16.375,-16.46444,58,2026-08-25T20:45:56.656327-03:00
2098,2026-08-25T20:48:18-03:00,2026-08-25T20:53:18-03:00,2026-08-25T23:48:18+00:00,2026-08-25T23:53:18+00:00,-16.375,-15,-15.725,60,2026-08-25T20:50:57.727959-03:00
2099,2026-08-25T20:53:18-03:00,2026-08-25T20:58:18-03:00,2026-08-25T23:53:18+00:00,2026-08-25T23:58:18+00:00,-15.0625,-14.625,-14.82813,60,2026-08-25T20:55:55.979867-03:00
2100,2026-08-25T20:58:18-03:00,2026-08-25T21:03:18-03:00,2026-08-25T23:58:18+00:00,2026-08-26T00:03:18+00:00,-16.6875,-15.125,-15.91354,60,2026-08-25T21:00:56.450799-03:00
2101,2026-08-25T21:03:18-03:00,2026-08-25T21:08:18-03:00,2026-08-26T00:03:18+00:00,2026-08-26T00:08:18+00:00,-17.8125,-16.6875,-17.26146,60,2026-08-25T21:05:56.409355-03:00
2102,2026-08-25T21:08:18-03:00,2026-08-25T21:13:18-03:00,2026-08-26T00:08:18+00:00,2026-08-26T00:13:18+00:00,-18.4375,-17.8125,-18.11771,60,2026-08-25T21:10:55.942814-03:00
2103,2026-08-25T21:13:18-03:00,2026-08-25T21:18:18-03:00,2026-08-26T00:13:18+00:00,2026-08-26T00:18:18+00:00,-19.1875,-18.4375,-18.81562,60,2026-08-25T21:15:55.974631-03:00
2104,2026-08-25T21:18:18-03:00,2026-08-25T21:23:18-03:00,2026-08-26T00:18:18+00:00,2026-08-26T00:23:18+00:00,-19.8125,-19.1875,-19.52188,60,2026-08-25T21:20:55.805857-03:00
2105,2026-08-25T21:23:18-03:00,2026-08-25T21:28:18-03:00,2026-08-26T00:23:18+00:00,2026-08-26T00:28:18+00:00,-20.875,-19.8125,-20.23333,60,2026-08-25T21:25:56.402674-03:00
2106,2026-08-25T21:28:18-03:00,2026-08-25T21:33:18-03:00,2026-08-26T00:28:18+00:00,2026-08-26T00:33:18+00:00,-21.875,-20.875,-21.44167,60,2026-08-25T21:30:56.136159-03:00
2107,2026-08-25T21:33:18-03:00,2026-08-25T21:38:19-03:00,2026-08-26T00:33:18+00:00,2026-08-26T00:38:19+00:00,-22.0625,-21.4375,-21.8,60,2026-08-25T21:35:58.178446-03:00
2108,2026-08-25T21:38:19-03:00,2026-08-25T21:43:19-03:00,2026-08-26T00:38:19+00:00,2026-08-26T00:43:19+00:00,-21.4375,-20.625,-20.99896,60,2026-08-25T21:40:56.050424-03:00
2109,2026-08-25T21:43:19-03:00,2026-08-25T21:48:19-03:00,2026-08-26T00:43:19+00:00,2026-08-26T00:48:19+00:00,-20.5625,-19.9375,-20.23958,60,2026-08-25T21:45:56.119401-03:00
2110,2026-08-25T21:48:19-03:00,2026-08-25T21:53:19-03:00,2026-08-26T00:48:19+00:00,2026-08-26T00:53:19+00:00,-19.9375,-19.375,-19.62083,60,2026-08-25T21:51:26.030922-03:00
2111,2026-08-25T21:53:19-03:00,2026-08-25T21:58:19-03:00,2026-08-26T00:53:19+00:00,2026-08-26T00:58:19+00:00,-19.375,-18.875,-19.11229,59,2026-08-25T21:55:56.013298-03:00
2112,2026-08-25T21:58:19-03:00,2026-08-25T22:03:19-03:00,2026-08-26T00:58:19+00:00,2026-08-26T01:03:19+00:00,-18.875,-18.5,-18.69062,60,2026-08-25T22:00:56.018805-03:00
2113,2026-08-25T22:03:19-03:00,2026-08-25T22:08:19-03:00,2026-08-26T01:03:19+00:00,2026-08-26T01:08:19+00:00,-18.5,-18.125,-18.3125,60,2026-08-25T22:05:56.242949-03:00
2114,2026-08-25T22:08:19-03:00,2026-08-25T22:13:19-03:00,2026-08-26T01:08:19+00:00,2026-08-26T01:13:19+00:00,-18.125,-17.8125,-17.97812,60,2026-08-25T22:10:57.318828-03:00
2115,2026-08-25T22:13:19-03:00,2026-08-25T22:18:19-03:00,2026-08-26T01:13:19+00:00,2026-08-26T01:18:19+00:00,-17.8125,-17.5625,-17.67604,60,2026-08-25T22:15:56.481770-03:00
2116,2026-08-25T22:18:19-03:00,2026-08-25T22:23:19-03:00,2026-08-26T01:18:19+00:00,2026-08-26T01:23:19+00:00,-17.5625,-17.25,-17.39063,60,2026-08-25T22:21:05.232373-03:00
2117,2026-08-25T22:23:19-03:00,2026-08-25T22:28:19-03:00,2026-08-26T01:23:19+00:00,2026-08-26T01:28:19+00:00,-17.25,-17,-17.13578,58,2026-08-25T22:26:02.376328-03:00
2118,2026-08-25T22:28:19-03:00,2026-08-25T22:33:19-03:00,2026-08-26T01:28:19+00:00,2026-08-26T01:33:19+00:00,-17,-16.8125,-16.89195,59,2026-08-25T22:31:05.122543-03:00
2119,2026-08-25T22:33:19-03:00,2026-08-25T22:38:19-03:00,2026-08-26T01:33:19+00:00,2026-08-26T01:38:19+00:00,-18.3125,-17,-17.625,58,2026-08-25T22:35:56.155850-03:00
2120,2026-08-25T22:38:19-03:00,2026-08-25T22:43:19-03:00,2026-08-26T01:38:19+00:00,2026-08-26T01:43:19+00:00,-20,-18.375,-19.21667,60,2026-08-25T22:41:05.876461-03:00
2121,2026-08-25T22:43:19-03:00,2026-08-25T22:48:19-03:00,2026-08-26T01:43:19+00:00,2026-08-26T01:48:19+00:00,-21.25,-20.0625,-20.67349,58,2026-08-25T22:45:55.969293-03:00
2122,2026-08-25T22:48:19-03:00,2026-08-25T22:53:19-03:00,2026-08-26T01:48:19+00:00,2026-08-26T01:53:19+00:00,-22.125,-21.25,-21.71042,60,2026-08-25T22:50:56.907144-03:00
2123,2026-08-25T22:53:19-03:00,2026-08-25T22:58:19-03:00,2026-08-26T01:53:19+00:00,2026-08-26T01:58:19+00:00,-22.4375,-22,-22.22917,60,2026-08-25T22:55:56.072787-03:00
2124,2026-08-25T22:58:19-03:00,2026-08-25T23:03:19-03:00,2026-08-26T01:58:19+00:00,2026-08-26T02:03:19+00:00,-21.9375,-21.125,-21.52917,60,2026-08-25T23:00:56.382494-03:00
2125,2026-08-25T23:03:19-03:00,2026-08-25T23:08:19-03:00,2026-08-26T02:03:19+00:00,2026-08-26T02:08:19+00:00,-21.0625,-20.375,-20.72812,60,2026-08-25T23:05:56.282720-03:00
2126,2026-08-25T23:08:19-03:00,2026-08-25T23:13:19-03:00,2026-08-26T02:08:19+00:00,2026-08-26T02:13:19+00:00,-20.375,-19.8125,-20.06875,60,2026-08-25T23:10:58.421437-03:00
2127,2026-08-25T23:13:19-03:00,2026-08-25T23:18:19-03:00,2026-08-26T02:13:19+00:00,2026-08-26T02:18:19+00:00,-19.75,-19.3125,-19.52708,60,2026-08-25T23:15:57.407100-03:00
2128,2026-08-25T23:18:19-03:00,2026-08-25T23:23:19-03:00,2026-08-26T02:18:19+00:00,2026-08-26T02:23:19+00:00,-19.25,-18.875,-19.06771,60,2026-08-25T23:20:56.546402-03:00
2129,2026-08-25T23:23:19-03:00,2026-08-25T23:28:19-03:00,2026-08-26T02:23:19+00:00,2026-08-26T02:28:19+00:00,-18.875,-18.5,-18.68438,60,2026-08-25T23:25:56.332422-03:00
2130,2026-08-25T23:28:19-03:00,2026-08-25T23:33:19-03:00,2026-08-26T02:28:19+00:00,2026-08-26T02:33:19+00:00,-18.5,-18.1875,-18.33542,60,2026-08-25T23:30:58.406011-03:00
2131,2026-08-25T23:33:19-03:00,2026-08-25T23:38:19-03:00,2026-08-26T02:33:19+00:00,2026-08-26T02:38:19+00:00,-18.1875,-17.875,-18.00937,60,2026-08-25T23:35:56.294478-03:00
2132,2026-08-25T23:38:19-03:00,2026-08-25T23:43:19-03:00,2026-08-26T02:38:19+00:00,2026-08-26T02:43:19+00:00,-17.875,-17.5625,-17.71354,60,2026-08-25T23:40:58.495247-03:00
2133,2026-08-25T23:43:19-03:00,2026-08-25T23:48:19-03:00,2026-08-26T02:43:19+00:00,2026-08-26T02:48:19+00:00,-17.5625,-17.3125,-17.43542,60,2026-08-25T23:45:56.138099-03:00
2135,2026-08-25T23:48:19-03:00,2026-08-25T23:53:20-03:00,2026-08-26T02:48:19+00:00,2026-08-26T02:53:20+00:00,-17.3125,-17.0625,-17.17188,60,2026-08-25T23:52:02.802788-03:00
2136,2026-08-25T23:53:20-03:00,2026-08-25T23:58:20-03:00,2026-08-26T02:53:20+00:00,2026-08-26T02:58:20+00:00,-17.0625,-16.8125,-16.9092,53,2026-08-25T23:55:59.745430-03:00
2137,2026-08-25T23:58:20-03:00,2026-08-26T00:03:20-03:00,2026-08-26T02:58:20+00:00,2026-08-26T03:03:20+00:00,-16.8125,-16.5625,-16.68432,59,2026-08-26T00:00:56.283623-03:00
2138,2026-08-26T00:03:20-03:00,2026-08-26T00:08:20-03:00,2026-08-26T03:03:20+00:00,2026-08-26T03:08:20+00:00,-16.5625,-16.375,-16.48542,60,2026-08-26T00:05:56.857164-03:00
2139,2026-08-26T00:08:20-03:00,2026-08-26T00:13:20-03:00,2026-08-26T03:08:20+00:00,2026-08-26T03:13:20+00:00,-18.125,-16.5625,-17.24896,60,2026-08-26T00:10:56.660992-03:00
2140,2026-08-26T00:13:20-03:00,2026-08-26T00:18:20-03:00,2026-08-26T03:13:20+00:00,2026-08-26T03:18:20+00:00,-19.8125,-18.125,-19.01458,60,2026-08-26T00:15:56.536500-03:00
2141,2026-08-26T00:18:20-03:00,2026-08-26T00:23:20-03:00,2026-08-26T03:18:20+00:00,2026-08-26T03:23:20+00:00,-21.0625,-19.8125,-20.49063,60,2026-08-26T00:20:56.995787-03:00
2142,2026-08-26T00:23:20-03:00,2026-08-26T00:28:20-03:00,2026-08-26T03:23:20+00:00,2026-08-26T03:28:20+00:00,-21.9375,-21.0625,-21.57917,60,2026-08-26T00:25:56.303942-03:00
2143,2026-08-26T00:28:20-03:00,2026-08-26T00:33:20-03:00,2026-08-26T03:28:20+00:00,2026-08-26T03:33:20+00:00,-21.875,-21.125,-21.4875,60,2026-08-26T00:30:56.766374-03:00
2144,2026-08-26T00:33:20-03:00,2026-08-26T00:38:20-03:00,2026-08-26T03:33:20+00:00,2026-08-26T03:38:20+00:00,-21.0625,-20.375,-20.69792,60,2026-08-26T00:35:56.314866-03:00
2145,2026-08-26T00:38:20-03:00,2026-08-26T00:43:20-03:00,2026-08-26T03:38:20+00:00,2026-08-26T03:43:20+00:00,-20.3125,-19.6875,-20.01354,60,2026-08-26T00:40:56.481204-03:00
2146,2026-08-26T00:43:20-03:00,2026-08-26T00:48:20-03:00,2026-08-26T03:43:20+00:00,2026-08-26T03:48:20+00:00,-19.6875,-19.1875,-19.4375,60,2026-08-26T00:45:56.624098-03:00
2147,2026-08-26T00:48:20-03:00,2026-08-26T00:53:20-03:00,2026-08-26T03:48:20+00:00,2026-08-26T03:53:20+00:00,-19.1875,-18.75,-18.97604,60,2026-08-26T00:50:56.138637-03:00
2148,2026-08-26T00:53:20-03:00,2026-08-26T00:58:20-03:00,2026-08-26T03:53:20+00:00,2026-08-26T03:58:20+00:00,-18.75,-18.375,-18.58229,60,2026-08-26T00:55:56.551344-03:00
2149,2026-08-26T00:58:20-03:00,2026-08-26T01:03:20-03:00,2026-08-26T03:58:20+00:00,2026-08-26T04:03:20+00:00,-18.375,-18.0625,-18.22917,60,2026-08-26T01:00:56.721927-03:00
2150,2026-08-26T01:03:20-03:00,2026-08-26T01:08:20-03:00,2026-08-26T04:03:20+00:00,2026-08-26T04:08:20+00:00,-18.0625,-17.75,-17.91042,60,2026-08-26T01:05:57.135968-03:00
2151,2026-08-26T01:08:20-03:00,2026-08-26T01:13:20-03:00,2026-08-26T04:08:20+00:00,2026-08-26T04:13:20+00:00,-17.75,-17.5,-17.62083,60,2026-08-26T01:10:56.321624-03:00
2152,2026-08-26T01:13:20-03:00,2026-08-26T01:18:20-03:00,2026-08-26T04:13:20+00:00,2026-08-26T04:18:20+00:00,-17.5,-17.1875,-17.35104,60,2026-08-26T01:15:56.752942-03:00
2153,2026-08-26T01:18:20-03:00,2026-08-26T01:23:20-03:00,2026-08-26T04:18:20+00:00,2026-08-26T04:23:20+00:00,-17.25,-17,-17.09896,60,2026-08-26T01:20:56.496367-03:00
2154,2026-08-26T01:23:20-03:00,2026-08-26T01:28:20-03:00,2026-08-26T04:23:20+00:00,2026-08-26T04:28:20+00:00,-17,-16.75,-16.86354,60,2026-08-26T01:25:56.658273-03:00
2155,2026-08-26T01:28:20-03:00,2026-08-26T01:33:20-03:00,2026-08-26T04:28:20+00:00,2026-08-26T04:33:20+00:00,-16.75,-16.5625,-16.64271,60,2026-08-26T01:30:56.218691-03:00
2156,2026-08-26T01:33:20-03:00,2026-08-26T01:38:20-03:00,2026-08-26T04:33:20+00:00,2026-08-26T04:38:20+00:00,-16.5625,-16.3125,-16.42708,60,2026-08-26T01:36:01.202191-03:00
2157,2026-08-26T01:38:20-03:00,2026-08-26T01:43:20-03:00,2026-08-26T04:38:20+00:00,2026-08-26T04:43:20+00:00,-17,-16.25,-16.49576,59,2026-08-26T01:40:56.867181-03:00
2158,2026-08-26T01:43:20-03:00,2026-08-26T01:48:20-03:00,2026-08-26T04:43:20+00:00,2026-08-26T04:48:20+00:00,-18.9375,-17.0625,-17.98229,60,2026-08-26T01:45:56.460944-03:00
2159,2026-08-26T01:48:20-03:00,2026-08-26T01:53:20-03:00,2026-08-26T04:48:20+00:00,2026-08-26T04:53:20+00:00,-20.5,-18.9375,-19.75417,60,2026-08-26T01:50:56.450312-03:00
2160,2026-08-26T01:53:20-03:00,2026-08-26T01:58:20-03:00,2026-08-26T04:53:20+00:00,2026-08-26T04:58:20+00:00,-21.5625,-20.4375,-21.07917,60,2026-08-26T01:55:56.792123-03:00
2161,2026-08-26T01:58:20-03:00,2026-08-26T02:03:20-03:00,2026-08-26T04:58:20+00:00,2026-08-26T05:03:20+00:00,-21.8125,-21.3125,-21.61458,60,2026-08-26T02:00:56.184354-03:00
2162,2026-08-26T02:03:20-03:00,2026-08-26T02:08:21-03:00,2026-08-26T05:03:20+00:00,2026-08-26T05:08:21+00:00,-21.3125,-20.5,-20.88958,60,2026-08-26T02:05:56.781393-03:00
2163,2026-08-26T02:08:21-03:00,2026-08-26T02:13:21-03:00,2026-08-26T05:08:21+00:00,2026-08-26T05:13:21+00:00,-20.5,-19.8125,-20.14896,60,2026-08-26T02:10:56.795630-03:00
2164,2026-08-26T02:13:21-03:00,2026-08-26T02:18:21-03:00,2026-08-26T05:13:21+00:00,2026-08-26T05:18:21+00:00,-19.8125,-19.25,-19.53125,60,2026-08-26T02:15:56.835023-03:00
2165,2026-08-26T02:18:21-03:00,2026-08-26T02:23:21-03:00,2026-08-26T05:18:21+00:00,2026-08-26T05:23:21+00:00,-19.25,-18.8125,-19.03229,60,2026-08-26T02:20:56.437495-03:00
2166,2026-08-26T02:23:21-03:00,2026-08-26T02:28:21-03:00,2026-08-26T05:23:21+00:00,2026-08-26T05:28:21+00:00,-18.8125,-18.4375,-18.62396,60,2026-08-26T02:25:56.635308-03:00
2167,2026-08-26T02:28:21-03:00,2026-08-26T02:33:21-03:00,2026-08-26T05:28:21+00:00,2026-08-26T05:33:21+00:00,-18.4375,-18.125,-18.27083,60,2026-08-26T02:30:57.840109-03:00
2168,2026-08-26T02:33:21-03:00,2026-08-26T02:38:21-03:00,2026-08-26T05:33:21+00:00,2026-08-26T05:38:21+00:00,-18.125,-17.8125,-17.95417,60,2026-08-26T02:36:26.872425-03:00
2169,2026-08-26T02:38:21-03:00,2026-08-26T02:43:21-03:00,2026-08-26T05:38:21+00:00,2026-08-26T05:43:21+00:00,-17.8125,-17.5625,-17.66419,59,2026-08-26T02:40:56.559556-03:00
2170,2026-08-26T02:43:21-03:00,2026-08-26T02:48:21-03:00,2026-08-26T05:43:21+00:00,2026-08-26T05:48:21+00:00,-17.5625,-17.25,-17.40313,60,2026-08-26T02:46:02.585395-03:00
2171,2026-08-26T02:48:21-03:00,2026-08-26T02:53:21-03:00,2026-08-26T05:48:21+00:00,2026-08-26T05:53:21+00:00,-17.25,-17.0625,-17.15784,59,2026-08-26T02:50:57.131971-03:00
2172,2026-08-26T02:53:21-03:00,2026-08-26T02:58:21-03:00,2026-08-26T05:53:21+00:00,2026-08-26T05:58:21+00:00,-17.0625,-16.8125,-16.93021,60,2026-08-26T02:55:56.677308-03:00
2173,2026-08-26T02:58:21-03:00,2026-08-26T03:03:21-03:00,2026-08-26T05:58:21+00:00,2026-08-26T06:03:21+00:00,-16.8125,-16.625,-16.71042,60,2026-08-26T03:00:56.592383-03:00
2174,2026-08-26T03:03:21-03:00,2026-08-26T03:08:21-03:00,2026-08-26T06:03:21+00:00,2026-08-26T06:08:21+00:00,-16.625,-16.4375,-16.51458,60,2026-08-26T03:05:56.447743-03:00
2175,2026-08-26T03:08:21-03:00,2026-08-26T03:13:21-03:00,2026-08-26T06:08:21+00:00,2026-08-26T06:13:21+00:00,-16.4375,-16.1875,-16.31146,60,2026-08-26T03:10:56.563966-03:00
2176,2026-08-26T03:13:21-03:00,2026-08-26T03:18:21-03:00,2026-08-26T06:13:21+00:00,2026-08-26T06:18:21+00:00,-16.6875,-16.125,-16.29271,60,2026-08-26T03:15:56.742925-03:00
2177,2026-08-26T03:18:21-03:00,2026-08-26T03:23:21-03:00,2026-08-26T06:18:21+00:00,2026-08-26T06:23:21+00:00,-18.5,-16.6875,-17.60417,60,2026-08-26T03:20:56.553733-03:00
2178,2026-08-26T03:23:21-03:00,2026-08-26T03:28:21-03:00,2026-08-26T06:23:21+00:00,2026-08-26T06:28:21+00:00,-20.25,-18.5,-19.45417,60,2026-08-26T03:25:56.873794-03:00
2179,2026-08-26T03:28:21-03:00,2026-08-26T03:33:21-03:00,2026-08-26T06:28:21+00:00,2026-08-26T06:33:21+00:00,-21.375,-20.25,-20.89792,60,2026-08-26T03:30:56.851162-03:00
2180,2026-08-26T03:33:21-03:00,2026-08-26T03:38:21-03:00,2026-08-26T06:33:21+00:00,2026-08-26T06:38:21+00:00,-21.6875,-21.1875,-21.47292,60,2026-08-26T03:35:56.897764-03:00
2181,2026-08-26T03:38:21-03:00,2026-08-26T03:43:21-03:00,2026-08-26T06:38:21+00:00,2026-08-26T06:43:21+00:00,-21.1875,-20.375,-20.76458,60,2026-08-26T03:40:56.811612-03:00
2182,2026-08-26T03:43:21-03:00,2026-08-26T03:48:21-03:00,2026-08-26T06:43:21+00:00,2026-08-26T06:48:21+00:00,-20.375,-19.6875,-20.01146,60,2026-08-26T03:45:57.059228-03:00
2183,2026-08-26T03:48:21-03:00,2026-08-26T03:53:21-03:00,2026-08-26T06:48:21+00:00,2026-08-26T06:53:21+00:00,-19.6875,-19.125,-19.39688,60,2026-08-26T03:50:56.388485-03:00
2184,2026-08-26T03:53:21-03:00,2026-08-26T03:58:21-03:00,2026-08-26T06:53:21+00:00,2026-08-26T06:58:21+00:00,-19.125,-18.6875,-18.88958,60,2026-08-26T03:55:57.026836-03:00
2185,2026-08-26T03:58:21-03:00,2026-08-26T04:03:21-03:00,2026-08-26T06:58:21+00:00,2026-08-26T07:03:21+00:00,-18.6875,-18.3125,-18.47708,60,2026-08-26T04:00:57.018771-03:00
2187,2026-08-26T04:03:21-03:00,2026-08-26T04:08:21-03:00,2026-08-26T07:03:21+00:00,2026-08-26T07:08:21+00:00,-18.3125,-17.9375,-18.12083,60,2026-08-26T04:06:56.607816-03:00
2188,2026-08-26T04:08:21-03:00,2026-08-26T04:13:21-03:00,2026-08-26T07:08:21+00:00,2026-08-26T07:13:21+00:00,-17.9375,-17.625,-17.79634,58,2026-08-26T04:10:56.860822-03:00
2189,2026-08-26T04:13:21-03:00,2026-08-26T04:18:21-03:00,2026-08-26T07:13:21+00:00,2026-08-26T07:18:21+00:00,-17.625,-17.375,-17.50937,60,2026-08-26T04:15:56.935770-03:00
2190,2026-08-26T04:18:21-03:00,2026-08-26T04:23:21-03:00,2026-08-26T07:18:21+00:00,2026-08-26T07:23:21+00:00,-17.375,-17.125,-17.23958,60,2026-08-26T04:20:57.066154-03:00
2191,2026-08-26T04:23:21-03:00,2026-08-26T04:28:22-03:00,2026-08-26T07:23:21+00:00,2026-08-26T07:28:22+00:00,-17.125,-16.875,-16.99271,60,2026-08-26T04:25:57.247799-03:00
2192,2026-08-26T04:28:22-03:00,2026-08-26T04:33:22-03:00,2026-08-26T07:28:22+00:00,2026-08-26T07:33:22+00:00,-16.875,-16.625,-16.75625,60,2026-08-26T04:30:57.543385-03:00
2193,2026-08-26T04:33:22-03:00,2026-08-26T04:38:22-03:00,2026-08-26T07:33:22+00:00,2026-08-26T07:38:22+00:00,-16.625,-16.4375,-16.53958,60,2026-08-26T04:35:56.814607-03:00
2194,2026-08-26T04:38:22-03:00,2026-08-26T04:43:22-03:00,2026-08-26T07:38:22+00:00,2026-08-26T07:43:22+00:00,-16.4375,-16.25,-16.33125,60,2026-08-26T04:40:56.870142-03:00
2195,2026-08-26T04:43:22-03:00,2026-08-26T04:48:22-03:00,2026-08-26T07:43:22+00:00,2026-08-26T07:48:22+00:00,-16.25,-16,-16.12604,60,2026-08-26T04:45:57.060342-03:00
2196,2026-08-26T04:48:22-03:00,2026-08-26T04:53:22-03:00,2026-08-26T07:48:22+00:00,2026-08-26T07:53:22+00:00,-16.0625,-15.8125,-15.93125,60,2026-08-26T04:50:57.143624-03:00
2197,2026-08-26T04:53:22-03:00,2026-08-26T04:58:22-03:00,2026-08-26T07:53:22+00:00,2026-08-26T07:58:22+00:00,-15.8125,-15.625,-15.74167,60,2026-08-26T04:55:57.721031-03:00
2198,2026-08-26T04:58:22-03:00,2026-08-26T05:03:22-03:00,2026-08-26T07:58:22+00:00,2026-08-26T08:03:22+00:00,-15.875,-15.5625,-15.64688,60,2026-08-26T05:00:56.980367-03:00
2199,2026-08-26T05:03:22-03:00,2026-08-26T05:08:22-03:00,2026-08-26T08:03:22+00:00,2026-08-26T08:08:22+00:00,-17.75,-15.9375,-16.79167,60,2026-08-26T05:05:57.224925-03:00
2200,2026-08-26T05:08:22-03:00,2026-08-26T05:13:22-03:00,2026-08-26T08:08:22+00:00,2026-08-26T08:13:22+00:00,-19.5625,-17.8125,-18.70313,60,2026-08-26T05:10:56.844649-03:00
2201,2026-08-26T05:13:22-03:00,2026-08-26T05:18:22-03:00,2026-08-26T08:13:22+00:00,2026-08-26T08:18:22+00:00,-20.875,-19.5625,-20.28646,60,2026-08-26T05:15:57.001504-03:00
2202,2026-08-26T05:18:22-03:00,2026-08-26T05:23:22-03:00,2026-08-26T08:18:22+00:00,2026-08-26T08:23:22+00:00,-21.3125,-20.8125,-21.09583,60,2026-08-26T05:20:57.132530-03:00
2203,2026-08-26T05:23:22-03:00,2026-08-26T05:28:22-03:00,2026-08-26T08:23:22+00:00,2026-08-26T08:28:22+00:00,-20.8125,-20.0625,-20.44062,60,2026-08-26T05:25:56.992624-03:00
2204,2026-08-26T05:28:22-03:00,2026-08-26T05:33:22-03:00,2026-08-26T08:28:22+00:00,2026-08-26T08:33:22+00:00,-20.0625,-19.375,-19.69062,60,2026-08-26T05:30:56.829916-03:00
2205,2026-08-26T05:33:22-03:00,2026-08-26T05:38:22-03:00,2026-08-26T08:33:22+00:00,2026-08-26T08:38:22+00:00,-19.375,-18.8125,-19.06771,60,2026-08-26T05:35:57.143766-03:00
2206,2026-08-26T05:38:22-03:00,2026-08-26T05:43:22-03:00,2026-08-26T08:38:22+00:00,2026-08-26T08:43:22+00:00,-18.8125,-18.375,-18.55938,60,2026-08-26T05:40:57.132491-03:00
2207,2026-08-26T05:43:22-03:00,2026-08-26T05:48:22-03:00,2026-08-26T08:43:22+00:00,2026-08-26T08:48:22+00:00,-18.3125,-17.9375,-18.14167,60,2026-08-26T05:45:57.193478-03:00
2208,2026-08-26T05:48:22-03:00,2026-08-26T05:53:22-03:00,2026-08-26T08:48:22+00:00,2026-08-26T08:53:22+00:00,-17.9375,-17.625,-17.78958,60,2026-08-26T05:50:56.880150-03:00
2209,2026-08-26T05:53:22-03:00,2026-08-26T05:58:22-03:00,2026-08-26T08:53:22+00:00,2026-08-26T08:58:22+00:00,-17.625,-17.3125,-17.475,60,2026-08-26T05:55:57.295755-03:00
2210,2026-08-26T05:58:22-03:00,2026-08-26T06:03:22-03:00,2026-08-26T08:58:22+00:00,2026-08-26T09:03:22+00:00,-17.3125,-17.0625,-17.19167,60,2026-08-26T06:00:57.403069-03:00
2211,2026-08-26T06:03:22-03:00,2026-08-26T06:08:22-03:00,2026-08-26T09:03:22+00:00,2026-08-26T09:08:22+00:00,-17.0625,-16.8125,-16.92917,60,2026-08-26T06:05:57.518092-03:00
2212,2026-08-26T06:08:22-03:00,2026-08-26T06:13:22-03:00,2026-08-26T09:08:22+00:00,2026-08-26T09:13:22+00:00,-16.8125,-16.5625,-16.68438,60,2026-08-26T06:10:56.999353-03:00
2213,2026-08-26T06:13:22-03:00,2026-08-26T06:18:22-03:00,2026-08-26T09:13:22+00:00,2026-08-26T09:18:22+00:00,-16.5625,-16.375,-16.46354,60,2026-08-26T06:15:57.485925-03:00
2214,2026-08-26T06:18:22-03:00,2026-08-26T06:23:22-03:00,2026-08-26T09:18:22+00:00,2026-08-26T09:23:22+00:00,-16.375,-16.125,-16.25312,60,2026-08-26T06:20:57.068617-03:00
2215,2026-08-26T06:23:22-03:00,2026-08-26T06:28:22-03:00,2026-08-26T09:23:22+00:00,2026-08-26T09:28:22+00:00,-16.125,-15.9375,-16.05417,60,2026-08-26T06:25:57.187226-03:00
2216,2026-08-26T06:28:22-03:00,2026-08-26T06:33:22-03:00,2026-08-26T09:28:22+00:00,2026-08-26T09:33:22+00:00,-15.9375,-15.75,-15.86354,60,2026-08-26T06:30:57.124436-03:00
2217,2026-08-26T06:33:22-03:00,2026-08-26T06:38:22-03:00,2026-08-26T09:33:22+00:00,2026-08-26T09:38:22+00:00,-15.75,-15.625,-15.68542,60,2026-08-26T06:35:57.075397-03:00
2218,2026-08-26T06:38:22-03:00,2026-08-26T06:43:23-03:00,2026-08-26T09:38:22+00:00,2026-08-26T09:43:23+00:00,-15.5625,-15.4375,-15.49896,60,2026-08-26T06:40:56.420570-03:00
2219,2026-08-26T06:43:23-03:00,2026-08-26T06:48:23-03:00,2026-08-26T09:43:23+00:00,2026-08-26T09:48:23+00:00,-16.25,-15.375,-15.66771,60,2026-08-26T06:45:57.189839-03:00
2220,2026-08-26T06:48:23-03:00,2026-08-26T06:53:23-03:00,2026-08-26T09:48:23+00:00,2026-08-26T09:53:23+00:00,-18.3125,-16.3125,-17.30833,60,2026-08-26T06:50:57.343486-03:00
2221,2026-08-26T06:53:23-03:00,2026-08-26T06:58:23-03:00,2026-08-26T09:53:23+00:00,2026-08-26T09:58:23+00:00,-20,-18.3125,-19.20104,60,2026-08-26T06:55:57.165457-03:00
2222,2026-08-26T06:58:23-03:00,2026-08-26T07:03:23-03:00,2026-08-26T09:58:23+00:00,2026-08-26T10:03:23+00:00,-21.1875,-20.0625,-20.61354,60,2026-08-26T07:00:57.217452-03:00
2223,2026-08-26T07:03:23-03:00,2026-08-26T07:08:23-03:00,2026-08-26T10:03:23+00:00,2026-08-26T10:08:23+00:00,-21.1875,-20.4375,-20.84063,60,2026-08-26T07:05:59.629644-03:00
2224,2026-08-26T07:08:23-03:00,2026-08-26T07:13:23-03:00,2026-08-26T10:08:23+00:00,2026-08-26T10:13:23+00:00,-20.4375,-19.6875,-20.04271,60,2026-08-26T07:10:57.151322-03:00
2225,2026-08-26T07:13:23-03:00,2026-08-26T07:18:23-03:00,2026-08-26T10:13:23+00:00,2026-08-26T10:18:23+00:00,-19.625,-19,-19.31771,60,2026-08-26T07:15:57.118348-03:00
2226,2026-08-26T07:18:23-03:00,2026-08-26T07:23:23-03:00,2026-08-26T10:18:23+00:00,2026-08-26T10:23:23+00:00,-19,-18.5,-18.72812,60,2026-08-26T07:20:57.587870-03:00
2227,2026-08-26T07:23:23-03:00,2026-08-26T07:28:23-03:00,2026-08-26T10:23:23+00:00,2026-08-26T10:28:23+00:00,-18.5,-18.0625,-18.25625,60,2026-08-26T07:25:57.260517-03:00
2228,2026-08-26T07:28:23-03:00,2026-08-26T07:33:23-03:00,2026-08-26T10:28:23+00:00,2026-08-26T10:33:23+00:00,-18.0625,-17.6875,-17.86667,60,2026-08-26T07:30:57.087080-03:00
2229,2026-08-26T07:33:23-03:00,2026-08-26T07:38:23-03:00,2026-08-26T10:33:23+00:00,2026-08-26T10:38:23+00:00,-17.6875,-17.375,-17.52604,60,2026-08-26T07:35:57.456516-03:00
2230,2026-08-26T07:38:23-03:00,2026-08-26T07:43:23-03:00,2026-08-26T10:38:23+00:00,2026-08-26T10:43:23+00:00,-17.375,-17.125,-17.23021,60,2026-08-26T07:40:57.300534-03:00
2231,2026-08-26T07:43:23-03:00,2026-08-26T07:48:23-03:00,2026-08-26T10:43:23+00:00,2026-08-26T10:48:23+00:00,-17.0625,-16.8125,-16.95417,60,2026-08-26T07:45:56.953219-03:00
2232,2026-08-26T07:48:23-03:00,2026-08-26T07:53:23-03:00,2026-08-26T10:48:23+00:00,2026-08-26T10:53:23+00:00,-16.8125,-16.625,-16.70729,60,2026-08-26T07:50:57.534480-03:00
2233,2026-08-26T07:53:23-03:00,2026-08-26T07:58:23-03:00,2026-08-26T10:53:23+00:00,2026-08-26T10:58:23+00:00,-16.5625,-16.375,-16.47708,60,2026-08-26T07:55:57.625827-03:00
2234,2026-08-26T07:58:23-03:00,2026-08-26T08:03:23-03:00,2026-08-26T10:58:23+00:00,2026-08-26T11:03:23+00:00,-16.375,-16.125,-16.26146,60,2026-08-26T08:00:57.243846-03:00
2235,2026-08-26T08:03:23-03:00,2026-08-26T08:08:23-03:00,2026-08-26T11:03:23+00:00,2026-08-26T11:08:23+00:00,-16.125,-15.9375,-16.05313,60,2026-08-26T08:05:57.532945-03:00
2236,2026-08-26T08:08:23-03:00,2026-08-26T08:13:23-03:00,2026-08-26T11:08:23+00:00,2026-08-26T11:13:23+00:00,-15.9375,-15.75,-15.8625,60,2026-08-26T08:10:57.292799-03:00
2237,2026-08-26T08:13:23-03:00,2026-08-26T08:18:23-03:00,2026-08-26T11:13:23+00:00,2026-08-26T11:18:23+00:00,-15.75,-15.5625,-15.67604,60,2026-08-26T08:15:56.997425-03:00
2238,2026-08-26T08:18:23-03:00,2026-08-26T08:23:23-03:00,2026-08-26T11:18:23+00:00,2026-08-26T11:23:23+00:00,-15.5625,-15.375,-15.49375,60,2026-08-26T08:20:57.404135-03:00
2239,2026-08-26T08:23:23-03:00,2026-08-26T08:28:23-03:00,2026-08-26T11:23:23+00:00,2026-08-26T11:28:23+00:00,-15.375,-15.25,-15.31667,60,2026-08-26T08:25:57.803307-03:00
2240,2026-08-26T08:28:23-03:00,2026-08-26T08:33:23-03:00,2026-08-26T11:28:23+00:00,2026-08-26T11:33:23+00:00,-15.25,-15.0625,-15.14583,60,2026-08-26T08:30:57.332323-03:00
2241,2026-08-26T08:33:23-03:00,2026-08-26T08:38:23-03:00,2026-08-26T11:33:23+00:00,2026-08-26T11:38:23+00:00,-15.5625,-15,-15.13437,60,2026-08-26T08:35:57.270571-03:00
2242,2026-08-26T08:38:23-03:00,2026-08-26T08:43:23-03:00,2026-08-26T11:38:23+00:00,2026-08-26T11:43:23+00:00,-17.4375,-15.5625,-16.4875,60,2026-08-26T08:40:57.648810-03:00
2243,2026-08-26T08:43:23-03:00,2026-08-26T08:48:23-03:00,2026-08-26T11:43:23+00:00,2026-08-26T11:48:23+00:00,-19.3125,-17.5,-18.43542,60,2026-08-26T08:45:57.478373-03:00
2244,2026-08-26T08:48:23-03:00,2026-08-26T08:53:23-03:00,2026-08-26T11:48:23+00:00,2026-08-26T11:53:23+00:00,-20.5625,-19.3125,-19.94479,60,2026-08-26T08:50:57.628664-03:00
2245,2026-08-26T08:53:23-03:00,2026-08-26T08:58:24-03:00,2026-08-26T11:53:23+00:00,2026-08-26T11:58:24+00:00,-21.3125,-20.625,-21.00521,60,2026-08-26T08:55:58.064201-03:00
2246,2026-08-26T08:58:24-03:00,2026-08-26T09:03:24-03:00,2026-08-26T11:58:24+00:00,2026-08-26T12:03:24+00:00,-21.125,-20.3125,-20.69792,60,2026-08-26T09:00:57.376884-03:00
2247,2026-08-26T09:03:24-03:00,2026-08-26T09:08:24-03:00,2026-08-26T12:03:24+00:00,2026-08-26T12:08:24+00:00,-20.25,-19.5,-19.8625,60,2026-08-26T09:05:57.515394-03:00
2248,2026-08-26T09:08:24-03:00,2026-08-26T09:13:24-03:00,2026-08-26T12:08:24+00:00,2026-08-26T12:13:24+00:00,-19.5,-18.875,-19.15833,60,2026-08-26T09:10:57.027488-03:00
2249,2026-08-26T09:13:24-03:00,2026-08-26T09:18:24-03:00,2026-08-26T12:13:24+00:00,2026-08-26T12:18:24+00:00,-18.875,-18.3125,-18.58021,60,2026-08-26T09:15:59.963449-03:00
2250,2026-08-26T09:18:24-03:00,2026-08-26T09:23:24-03:00,2026-08-26T12:18:24+00:00,2026-08-26T12:23:24+00:00,-18.3125,-17.9375,-18.11875,60,2026-08-26T09:20:57.593013-03:00
2251,2026-08-26T09:23:24-03:00,2026-08-26T09:28:24-03:00,2026-08-26T12:23:24+00:00,2026-08-26T12:28:24+00:00,-17.9375,-17.5625,-17.73229,60,2026-08-26T09:25:58.114095-03:00
2252,2026-08-26T09:28:24-03:00,2026-08-26T09:33:24-03:00,2026-08-26T12:28:24+00:00,2026-08-26T12:33:24+00:00,-17.5625,-17.25,-17.40104,60,2026-08-26T09:30:57.262663-03:00
2253,2026-08-26T09:33:24-03:00,2026-08-26T09:38:24-03:00,2026-08-26T12:33:24+00:00,2026-08-26T12:38:24+00:00,-17.25,-16.9375,-17.1,60,2026-08-26T09:35:57.540767-03:00
2254,2026-08-26T09:38:24-03:00,2026-08-26T09:43:24-03:00,2026-08-26T12:38:24+00:00,2026-08-26T12:43:24+00:00,-16.9375,-16.6875,-16.82813,60,2026-08-26T09:40:57.474740-03:00
2255,2026-08-26T09:43:24-03:00,2026-08-26T09:48:24-03:00,2026-08-26T12:43:24+00:00,2026-08-26T12:48:24+00:00,-16.6875,-16.4375,-16.58021,60,2026-08-26T09:45:57.995031-03:00
2256,2026-08-26T09:48:24-03:00,2026-08-26T09:53:24-03:00,2026-08-26T12:48:24+00:00,2026-08-26T12:53:24+00:00,-16.4375,-16.1875,-16.33021,60,2026-08-26T09:50:57.646499-03:00
2257,2026-08-26T09:53:24-03:00,2026-08-26T09:58:24-03:00,2026-08-26T12:53:24+00:00,2026-08-26T12:58:24+00:00,-16.1875,-16,-16.09479,60,2026-08-26T09:55:58.238661-03:00
2258,2026-08-26T09:58:24-03:00,2026-08-26T10:03:24-03:00,2026-08-26T12:58:24+00:00,2026-08-26T13:03:24+00:00,-16,-15.8125,-15.8875,60,2026-08-26T10:00:57.586864-03:00
2259,2026-08-26T10:03:24-03:00,2026-08-26T10:08:24-03:00,2026-08-26T13:03:24+00:00,2026-08-26T13:08:24+00:00,-15.75,-15.625,-15.68437,60,2026-08-26T10:05:57.719610-03:00
2260,2026-08-26T10:08:24-03:00,2026-08-26T10:13:24-03:00,2026-08-26T13:08:24+00:00,2026-08-26T13:13:24+00:00,-15.625,-15.4375,-15.49583,60,2026-08-26T10:10:57.993050-03:00
2261,2026-08-26T10:13:24-03:00,2026-08-26T10:18:24-03:00,2026-08-26T13:13:24+00:00,2026-08-26T13:18:24+00:00,-15.375,-15.1875,-15.29479,60,2026-08-26T10:15:57.429663-03:00
2262,2026-08-26T10:18:24-03:00,2026-08-26T10:23:24-03:00,2026-08-26T13:18:24+00:00,2026-08-26T13:23:24+00:00,-15.1875,-14.8125,-15.00313,60,2026-08-26T10:20:57.630911-03:00
2263,2026-08-26T10:23:24-03:00,2026-08-26T10:28:24-03:00,2026-08-26T13:23:24+00:00,2026-08-26T13:28:24+00:00,-14.8125,-14.25,-14.54688,60,2026-08-26T10:25:58.301906-03:00
2264,2026-08-26T10:28:24-03:00,2026-08-26T10:33:24-03:00,2026-08-26T13:28:24+00:00,2026-08-26T13:33:24+00:00,-14.25,-13.4375,-13.8875,60,2026-08-26T10:30:57.841703-03:00
2265,2026-08-26T10:33:24-03:00,2026-08-26T10:38:24-03:00,2026-08-26T13:33:24+00:00,2026-08-26T13:38:24+00:00,-13.4375,-12,-12.77604,60,2026-08-26T10:35:57.786418-03:00
2266,2026-08-26T10:38:24-03:00,2026-08-26T10:43:24-03:00,2026-08-26T13:38:24+00:00,2026-08-26T13:43:24+00:00,-12,-9.6875,-10.9,60,2026-08-26T10:40:57.717420-03:00
2267,2026-08-26T10:43:24-03:00,2026-08-26T10:48:24-03:00,2026-08-26T13:43:24+00:00,2026-08-26T13:48:24+00:00,-9.625,-7.25,-8.397917,60,2026-08-26T10:45:57.574173-03:00
2268,2026-08-26T10:48:24-03:00,2026-08-26T10:53:24-03:00,2026-08-26T13:48:24+00:00,2026-08-26T13:53:24+00:00,-7.25,-6.5625,-6.855208,60,2026-08-26T10:50:58.211817-03:00
2269,2026-08-26T10:53:24-03:00,2026-08-26T10:58:24-03:00,2026-08-26T13:53:24+00:00,2026-08-26T13:58:24+00:00,-8.3125,-6.875,-7.38125,60,2026-08-26T10:55:58.301366-03:00
2270,2026-08-26T10:58:24-03:00,2026-08-26T11:03:25-03:00,2026-08-26T13:58:24+00:00,2026-08-26T14:03:25+00:00,-11.375,-8.375,-9.797916,60,2026-08-26T11:00:57.765418-03:00
2271,2026-08-26T11:03:25-03:00,2026-08-26T11:08:25-03:00,2026-08-26T14:03:25+00:00,2026-08-26T14:08:25+00:00,-14.5,-11.4375,-13.03854,60,2026-08-26T11:05:58.098754-03:00
2272,2026-08-26T11:08:25-03:00,2026-08-26T11:13:25-03:00,2026-08-26T14:08:25+00:00,2026-08-26T14:13:25+00:00,-16.6875,-14.5625,-15.72083,60,2026-08-26T11:10:57.575179-03:00
2273,2026-08-26T11:13:25-03:00,2026-08-26T11:18:25-03:00,2026-08-26T14:13:25+00:00,2026-08-26T14:18:25+00:00,-18.0625,-16.6875,-17.45625,60,2026-08-26T11:15:57.919523-03:00
2274,2026-08-26T11:18:25-03:00,2026-08-26T11:23:25-03:00,2026-08-26T14:18:25+00:00,2026-08-26T14:23:25+00:00,-19.25,-18.125,-18.72187,60,2026-08-26T11:20:59.276541-03:00
2275,2026-08-26T11:23:25-03:00,2026-08-26T11:28:25-03:00,2026-08-26T14:23:25+00:00,2026-08-26T14:28:25+00:00,-20.0625,-19.25,-19.70625,60,2026-08-26T11:25:58.006612-03:00
2276,2026-08-26T11:28:25-03:00,2026-08-26T11:33:25-03:00,2026-08-26T14:28:25+00:00,2026-08-26T14:33:25+00:00,-20.125,-19.0625,-19.62812,60,2026-08-26T11:31:00.600174-03:00
2277,2026-08-26T11:33:25-03:00,2026-08-26T11:38:25-03:00,2026-08-26T14:33:25+00:00,2026-08-26T14:38:25+00:00,-19.0625,-18.125,-18.57187,60,2026-08-26T11:35:58.349609-03:00
2278,2026-08-26T11:38:25-03:00,2026-08-26T11:43:25-03:00,2026-08-26T14:38:25+00:00,2026-08-26T14:43:25+00:00,-18.0625,-17.3125,-17.69271,60,2026-08-26T11:41:00.365482-03:00
2279,2026-08-26T11:43:25-03:00,2026-08-26T11:48:25-03:00,2026-08-26T14:43:25+00:00,2026-08-26T14:48:25+00:00,-17.3125,-16.75,-17.02083,60,2026-08-26T11:45:58.377284-03:00
2280,2026-08-26T11:48:25-03:00,2026-08-26T11:53:25-03:00,2026-08-26T14:48:25+00:00,2026-08-26T14:53:25+00:00,-16.75,-16.25,-16.48333,60,2026-08-26T11:50:58.435677-03:00
2281,2026-08-26T11:53:25-03:00,2026-08-26T11:58:25-03:00,2026-08-26T14:53:25+00:00,2026-08-26T14:58:25+00:00,-16.25,-15.875,-16.04896,60,2026-08-26T11:55:58.528533-03:00
2282,2026-08-26T11:58:25-03:00,2026-08-26T12:03:25-03:00,2026-08-26T14:58:25+00:00,2026-08-26T15:03:25+00:00,-15.875,-15.5,-15.68021,60,2026-08-26T12:00:58.403053-03:00
2283,2026-08-26T12:03:25-03:00,2026-08-26T12:08:25-03:00,2026-08-26T15:03:25+00:00,2026-08-26T15:08:25+00:00,-15.5,-15.25,-15.36563,60,2026-08-26T12:06:00.481254-03:00
2284,2026-08-26T12:08:25-03:00,2026-08-26T12:13:25-03:00,2026-08-26T15:08:25+00:00,2026-08-26T15:13:25+00:00,-15.25,-14.9375,-15.08542,60,2026-08-26T12:10:58.242758-03:00
2285,2026-08-26T12:13:25-03:00,2026-08-26T12:18:25-03:00,2026-08-26T15:13:25+00:00,2026-08-26T15:18:25+00:00,-14.9375,-14.6875,-14.83438,60,2026-08-26T12:15:58.525931-03:00
2286,2026-08-26T12:18:25-03:00,2026-08-26T12:23:25-03:00,2026-08-26T15:18:25+00:00,2026-08-26T15:23:25+00:00,-14.6875,-14.5,-14.60625,60,2026-08-26T12:20:58.508413-03:00
2287,2026-08-26T12:23:25-03:00,2026-08-26T12:28:26-03:00,2026-08-26T15:23:25+00:00,2026-08-26T15:28:26+00:00,-14.5,-14.3125,-14.4,60,2026-08-26T12:25:58.568944-03:00
2288,2026-08-26T12:28:26-03:00,2026-08-26T12:33:26-03:00,2026-08-26T15:28:26+00:00,2026-08-26T15:33:26+00:00,-14.375,-14.1875,-14.23438,60,2026-08-26T12:30:58.269198-03:00
2289,2026-08-26T12:33:26-03:00,2026-08-26T12:38:26-03:00,2026-08-26T15:33:26+00:00,2026-08-26T15:38:26+00:00,-16.5,-14.375,-15.40729,60,2026-08-26T12:35:58.489277-03:00
2290,2026-08-26T12:38:26-03:00,2026-08-26T12:43:26-03:00,2026-08-26T15:38:26+00:00,2026-08-26T15:43:26+00:00,-18.5,-16.5,-17.57813,60,2026-08-26T12:40:58.362561-03:00
2291,2026-08-26T12:43:26-03:00,2026-08-26T12:48:26-03:00,2026-08-26T15:43:26+00:00,2026-08-26T15:48:26+00:00,-19.9375,-18.5625,-19.25104,60,2026-08-26T12:45:58.543865-03:00
2292,2026-08-26T12:48:26-03:00,2026-08-26T12:53:26-03:00,2026-08-26T15:48:26+00:00,2026-08-26T15:53:26+00:00,-20.75,-19.9375,-20.37604,60,2026-08-26T12:50:58.390222-03:00
2293,2026-08-26T12:53:26-03:00,2026-08-26T12:58:26-03:00,2026-08-26T15:53:26+00:00,2026-08-26T15:58:26+00:00,-21.0625,-20.25,-20.74792,60,2026-08-26T12:55:58.361098-03:00
2294,2026-08-26T12:58:26-03:00,2026-08-26T13:03:26-03:00,2026-08-26T15:58:26+00:00,2026-08-26T16:03:26+00:00,-20.25,-19.3125,-19.76354,60,2026-08-26T13:00:58.081159-03:00
2295,2026-08-26T13:03:26-03:00,2026-08-26T13:08:26-03:00,2026-08-26T16:03:26+00:00,2026-08-26T16:08:26+00:00,-19.25,-18.5,-18.85729,60,2026-08-26T13:05:58.442603-03:00
2296,2026-08-26T13:08:26-03:00,2026-08-26T13:13:26-03:00,2026-08-26T16:08:26+00:00,2026-08-26T16:13:26+00:00,-18.4375,-17.8125,-18.13958,60,2026-08-26T13:10:58.646976-03:00
2297,2026-08-26T13:13:26-03:00,2026-08-26T13:18:26-03:00,2026-08-26T16:13:26+00:00,2026-08-26T16:18:26+00:00,-17.8125,-17.3125,-17.56458,60,2026-08-26T13:16:00.113062-03:00
2298,2026-08-26T13:18:26-03:00,2026-08-26T13:23:26-03:00,2026-08-26T16:18:26+00:00,2026-08-26T16:23:26+00:00,-17.3125,-16.875,-17.10104,60,2026-08-26T13:20:58.483152-03:00
2299,2026-08-26T13:23:26-03:00,2026-08-26T13:28:26-03:00,2026-08-26T16:23:26+00:00,2026-08-26T16:28:26+00:00,-16.875,-16.5625,-16.71667,60,2026-08-26T13:25:58.517604-03:00
2300,2026-08-26T13:28:26-03:00,2026-08-26T13:33:26-03:00,2026-08-26T16:28:26+00:00,2026-08-26T16:33:26+00:00,-16.5625,-16.25,-16.38542,60,2026-08-26T13:30:58.794039-03:00
2301,2026-08-26T13:33:26-03:00,2026-08-26T13:38:26-03:00,2026-08-26T16:33:26+00:00,2026-08-26T16:38:26+00:00,-16.25,-11.5625,-13.71667,60,2026-08-26T13:35:58.826427-03:00
2302,2026-08-26T13:38:26-03:00,2026-08-26T13:43:26-03:00,2026-08-26T16:38:26+00:00,2026-08-26T16:43:26+00:00,-12.4375,-12.3125,-12.37708,60,2026-08-26T13:40:59.516514-03:00
2303,2026-08-26T13:43:26-03:00,2026-08-26T13:48:26-03:00,2026-08-26T16:43:26+00:00,2026-08-26T16:48:26+00:00,-12.5625,-12.4375,-12.48854,60,2026-08-26T13:45:58.782530-03:00
2304,2026-08-26T13:48:26-03:00,2026-08-26T13:53:26-03:00,2026-08-26T16:48:26+00:00,2026-08-26T16:53:26+00:00,-14.75,-12.5,-13.26042,60,2026-08-26T13:50:58.842367-03:00
2305,2026-08-26T13:53:26-03:00,2026-08-26T13:58:26-03:00,2026-08-26T16:53:26+00:00,2026-08-26T16:58:26+00:00,-17.5625,-14.75,-16.2125,60,2026-08-26T13:55:58.416757-03:00
2306,2026-08-26T13:58:26-03:00,2026-08-26T14:03:26-03:00,2026-08-26T16:58:26+00:00,2026-08-26T17:03:26+00:00,-19.5,-17.625,-18.625,60,2026-08-26T14:00:58.712876-03:00
2307,2026-08-26T14:03:26-03:00,2026-08-26T14:08:26-03:00,2026-08-26T17:03:26+00:00,2026-08-26T17:08:26+00:00,-20.75,-19.5625,-20.19167,60,2026-08-26T14:05:59.648246-03:00
2308,2026-08-26T14:08:26-03:00,2026-08-26T14:13:26-03:00,2026-08-26T17:08:26+00:00,2026-08-26T17:13:26+00:00,-21.625,-20.75,-21.23542,60,2026-08-26T14:10:58.232371-03:00
2309,2026-08-26T14:13:26-03:00,2026-08-26T14:18:26-03:00,2026-08-26T17:13:26+00:00,2026-08-26T17:18:26+00:00,-22.25,-21.625,-21.98021,60,2026-08-26T14:15:58.964067-03:00
2310,2026-08-26T14:18:26-03:00,2026-08-26T14:23:26-03:00,2026-08-26T17:18:26+00:00,2026-08-26T17:23:26+00:00,-22.75,-22.3125,-22.52917,60,2026-08-26T14:20:58.618202-03:00
2311,2026-08-26T14:23:26-03:00,2026-08-26T14:28:26-03:00,2026-08-26T17:23:26+00:00,2026-08-26T17:28:26+00:00,-23.125,-22.75,-22.95833,60,2026-08-26T14:25:58.602162-03:00
2312,2026-08-26T14:28:26-03:00,2026-08-26T14:33:26-03:00,2026-08-26T17:28:26+00:00,2026-08-26T17:33:26+00:00,-23.4375,-23.125,-23.30208,60,2026-08-26T14:30:58.423552-03:00
2313,2026-08-26T14:33:26-03:00,2026-08-26T14:38:26-03:00,2026-08-26T17:33:26+00:00,2026-08-26T17:38:26+00:00,-23.75,-23.4375,-23.59792,60,2026-08-26T14:35:58.858479-03:00
2314,2026-08-26T14:38:26-03:00,2026-08-26T14:43:27-03:00,2026-08-26T17:38:26+00:00,2026-08-26T17:43:27+00:00,-23.75,-22.3125,-23.15521,60,2026-08-26T14:40:58.501012-03:00
2315,2026-08-26T14:43:27-03:00,2026-08-26T14:48:27-03:00,2026-08-26T17:43:27+00:00,2026-08-26T17:48:27+00:00,-22.3125,-20.875,-21.55729,60,2026-08-26T14:45:58.531471-03:00
2316,2026-08-26T14:48:27-03:00,2026-08-26T14:53:27-03:00,2026-08-26T17:48:27+00:00,2026-08-26T17:53:27+00:00,-20.875,-19.875,-20.35312,60,2026-08-26T14:50:58.938083-03:00
2317,2026-08-26T14:53:27-03:00,2026-08-26T14:58:27-03:00,2026-08-26T17:53:27+00:00,2026-08-26T17:58:27+00:00,-19.875,-19.0625,-19.43229,60,2026-08-26T14:55:58.604918-03:00
2318,2026-08-26T14:58:27-03:00,2026-08-26T15:03:27-03:00,2026-08-26T17:58:27+00:00,2026-08-26T18:03:27+00:00,-19,-18.375,-18.67813,60,2026-08-26T15:00:58.551838-03:00
2319,2026-08-26T15:03:27-03:00,2026-08-26T15:08:27-03:00,2026-08-26T18:03:27+00:00,2026-08-26T18:08:27+00:00,-18.375,-17.75,-18.05,60,2026-08-26T15:06:01.474182-03:00
2320,2026-08-26T15:08:27-03:00,2026-08-26T15:13:27-03:00,2026-08-26T18:08:27+00:00,2026-08-26T18:13:27+00:00,-17.75,-17.3125,-17.52188,60,2026-08-26T15:10:59.080039-03:00
2321,2026-08-26T15:13:27-03:00,2026-08-26T15:18:27-03:00,2026-08-26T18:13:27+00:00,2026-08-26T18:18:27+00:00,-17.3125,-16.875,-17.06354,60,2026-08-26T15:16:00.638904-03:00
2322,2026-08-26T15:18:27-03:00,2026-08-26T15:23:27-03:00,2026-08-26T18:18:27+00:00,2026-08-26T18:23:27+00:00,-16.875,-16.4375,-16.63021,60,2026-08-26T15:21:00.691547-03:00
2323,2026-08-26T15:23:27-03:00,2026-08-26T15:28:27-03:00,2026-08-26T18:23:27+00:00,2026-08-26T18:28:27+00:00,-16.4375,-16.0625,-16.24792,60,2026-08-26T15:25:59.041942-03:00
2324,2026-08-26T15:28:27-03:00,2026-08-26T15:33:27-03:00,2026-08-26T18:28:27+00:00,2026-08-26T18:33:27+00:00,-18.6875,-16.4375,-17.61563,60,2026-08-26T15:31:02.763425-03:00
2325,2026-08-26T15:33:27-03:00,2026-08-26T15:38:27-03:00,2026-08-26T18:33:27+00:00,2026-08-26T18:38:27+00:00,-20.5625,-18.75,-19.70975,59,2026-08-26T15:36:00.919911-03:00
2326,2026-08-26T15:38:27-03:00,2026-08-26T15:43:27-03:00,2026-08-26T18:38:27+00:00,2026-08-26T18:43:27+00:00,-21.8125,-20.625,-21.23542,60,2026-08-26T15:40:58.754205-03:00
2327,2026-08-26T15:43:27-03:00,2026-08-26T15:48:27-03:00,2026-08-26T18:43:27+00:00,2026-08-26T18:48:27+00:00,-22.625,-21.8125,-22.24688,60,2026-08-26T15:45:59.286294-03:00
2328,2026-08-26T15:48:27-03:00,2026-08-26T15:53:27-03:00,2026-08-26T18:48:27+00:00,2026-08-26T18:53:27+00:00,-23.25,-22.625,-22.97708,60,2026-08-26T15:50:59.254291-03:00
2329,2026-08-26T15:53:27-03:00,2026-08-26T15:58:27-03:00,2026-08-26T18:53:27+00:00,2026-08-26T18:58:27+00:00,-23.6875,-23.25,-23.50937,60,2026-08-26T15:55:59.662729-03:00
2330,2026-08-26T15:58:27-03:00,2026-08-26T16:03:28-03:00,2026-08-26T18:58:27+00:00,2026-08-26T19:03:28+00:00,-24.0625,-23.75,-23.91562,60,2026-08-26T16:00:59.341604-03:00
2331,2026-08-26T16:03:28-03:00,2026-08-26T16:08:28-03:00,2026-08-26T19:03:28+00:00,2026-08-26T19:08:28+00:00,-24.1875,-23.25,-23.90104,60,2026-08-26T16:05:59.009910-03:00
2332,2026-08-26T16:08:28-03:00,2026-08-26T16:13:28-03:00,2026-08-26T19:08:28+00:00,2026-08-26T19:13:28+00:00,-23.1875,-21.8125,-22.47917,60,2026-08-26T16:11:05.782714-03:00
2333,2026-08-26T16:13:28-03:00,2026-08-26T16:18:28-03:00,2026-08-26T19:13:28+00:00,2026-08-26T19:18:28+00:00,-21.8125,-20.8125,-21.29131,59,2026-08-26T16:15:59.606054-03:00
2334,2026-08-26T16:18:28-03:00,2026-08-26T16:23:28-03:00,2026-08-26T19:18:28+00:00,2026-08-26T19:23:28+00:00,-20.8125,-20,-20.37812,60,2026-08-26T16:20:59.000358-03:00
2335,2026-08-26T16:23:28-03:00,2026-08-26T16:28:28-03:00,2026-08-26T19:23:28+00:00,2026-08-26T19:28:28+00:00,-19.9375,-19.3125,-19.62604,60,2026-08-26T16:26:03.849092-03:00
2336,2026-08-26T16:28:28-03:00,2026-08-26T16:33:28-03:00,2026-08-26T19:28:28+00:00,2026-08-26T19:33:28+00:00,-19.3125,-18.75,-19.00212,59,2026-08-26T16:30:59.270253-03:00
2337,2026-08-26T16:33:28-03:00,2026-08-26T16:38:28-03:00,2026-08-26T19:33:28+00:00,2026-08-26T19:38:28+00:00,-18.6875,-18.25,-18.45625,60,2026-08-26T16:35:59.973494-03:00
2338,2026-08-26T16:38:28-03:00,2026-08-26T16:43:28-03:00,2026-08-26T19:38:28+00:00,2026-08-26T19:43:28+00:00,-18.1875,-17.75,-17.99167,60,2026-08-26T16:40:59.653435-03:00
2339,2026-08-26T16:43:28-03:00,2026-08-26T16:48:28-03:00,2026-08-26T19:43:28+00:00,2026-08-26T19:48:28+00:00,-17.75,-17.375,-17.58229,60,2026-08-26T16:46:01.924757-03:00
2340,2026-08-26T16:48:28-03:00,2026-08-26T16:53:28-03:00,2026-08-26T19:48:28+00:00,2026-08-26T19:53:28+00:00,-17.375,-17,-17.19375,60,2026-08-26T16:50:59.544715-03:00
2341,2026-08-26T16:53:28-03:00,2026-08-26T16:58:28-03:00,2026-08-26T19:53:28+00:00,2026-08-26T19:58:28+00:00,-17,-16.625,-16.83125,60,2026-08-26T16:56:39.225203-03:00
2342,2026-08-26T16:58:28-03:00,2026-08-26T17:03:28-03:00,2026-08-26T19:58:28+00:00,2026-08-26T20:03:28+00:00,-18.375,-16.625,-17.51803,52,2026-08-26T17:01:00.293160-03:00
2343,2026-08-26T17:03:28-03:00,2026-08-26T17:08:28-03:00,2026-08-26T20:03:28+00:00,2026-08-26T20:08:28+00:00,-20.3125,-18.4375,-19.38437,60,2026-08-26T17:05:59.595462-03:00
2344,2026-08-26T17:08:28-03:00,2026-08-26T17:13:28-03:00,2026-08-26T20:08:28+00:00,2026-08-26T20:13:28+00:00,-21.6875,-20.3125,-21.05833,60,2026-08-26T17:11:29.969239-03:00
2345,2026-08-26T17:13:28-03:00,2026-08-26T17:18:28-03:00,2026-08-26T20:13:28+00:00,2026-08-26T20:18:28+00:00,-22.625,-21.75,-22.21186,59,2026-08-26T17:16:00.024488-03:00
2346,2026-08-26T17:18:28-03:00,2026-08-26T17:23:28-03:00,2026-08-26T20:18:28+00:00,2026-08-26T20:23:28+00:00,-23.1875,-22.625,-22.89583,60,2026-08-26T17:20:59.605953-03:00
2347,2026-08-26T17:23:28-03:00,2026-08-26T17:28:28-03:00,2026-08-26T20:23:28+00:00,2026-08-26T20:28:28+00:00,-23.6875,-23.1875,-23.43958,60,2026-08-26T17:25:59.589811-03:00
2348,2026-08-26T17:28:28-03:00,2026-08-26T17:33:28-03:00,2026-08-26T20:28:28+00:00,2026-08-26T20:33:28+00:00,-24.0625,-23.6875,-23.8875,60,2026-08-26T17:30:59.644364-03:00
2349,2026-08-26T17:33:28-03:00,2026-08-26T17:38:29-03:00,2026-08-26T20:33:28+00:00,2026-08-26T20:38:29+00:00,-24.4375,-24.0625,-24.25729,60,2026-08-26T17:36:00.722552-03:00
2350,2026-08-26T17:38:29-03:00,2026-08-26T17:43:29-03:00,2026-08-26T20:38:29+00:00,2026-08-26T20:43:29+00:00,-24.5,-23.5,-24.15729,60,2026-08-26T17:40:59.751696-03:00
2351,2026-08-26T17:43:29-03:00,2026-08-26T17:48:29-03:00,2026-08-26T20:43:29+00:00,2026-08-26T20:48:29+00:00,-23.5,-22.1875,-22.80104,60,2026-08-26T17:45:59.445904-03:00
2352,2026-08-26T17:48:29-03:00,2026-08-26T17:53:29-03:00,2026-08-26T20:48:29+00:00,2026-08-26T20:53:29+00:00,-22.1875,-21.25,-21.71875,60,2026-08-26T17:51:00.169908-03:00
2353,2026-08-26T17:53:29-03:00,2026-08-26T17:58:29-03:00,2026-08-26T20:53:29+00:00,2026-08-26T20:58:29+00:00,-21.25,-20.5,-20.84792,60,2026-08-26T17:55:59.640898-03:00
2354,2026-08-26T17:58:29-03:00,2026-08-26T18:03:29-03:00,2026-08-26T20:58:29+00:00,2026-08-26T21:03:29+00:00,-20.4375,-19.8125,-20.12917,60,2026-08-26T18:00:59.903099-03:00
2355,2026-08-26T18:03:29-03:00,2026-08-26T18:08:29-03:00,2026-08-26T21:03:29+00:00,2026-08-26T21:08:29+00:00,-19.8125,-19.25,-19.52917,60,2026-08-26T18:05:59.759549-03:00
2356,2026-08-26T18:08:29-03:00,2026-08-26T18:13:29-03:00,2026-08-26T21:08:29+00:00,2026-08-26T21:13:29+00:00,-19.25,-18.75,-19.00625,60,2026-08-26T18:11:00.306175-03:00
2357,2026-08-26T18:13:29-03:00,2026-08-26T18:18:29-03:00,2026-08-26T21:13:29+00:00,2026-08-26T21:18:29+00:00,-18.75,-18.3125,-18.54479,60,2026-08-26T18:15:59.759272-03:00
2358,2026-08-26T18:18:29-03:00,2026-08-26T18:23:29-03:00,2026-08-26T21:18:29+00:00,2026-08-26T21:23:29+00:00,-18.3125,-17.9375,-18.1375,60,2026-08-26T18:20:59.593322-03:00
2359,2026-08-26T18:23:29-03:00,2026-08-26T18:28:29-03:00,2026-08-26T21:23:29+00:00,2026-08-26T21:28:29+00:00,-17.9375,-17.5625,-17.75312,60,2026-08-26T18:25:59.635520-03:00
2360,2026-08-26T18:28:29-03:00,2026-08-26T18:33:29-03:00,2026-08-26T21:28:29+00:00,2026-08-26T21:33:29+00:00,-17.5625,-17.1875,-17.38958,60,2026-08-26T18:30:59.805106-03:00
2361,2026-08-26T18:33:29-03:00,2026-08-26T18:38:29-03:00,2026-08-26T21:33:29+00:00,2026-08-26T21:38:29+00:00,-17.875,-17,-17.25521,60,2026-08-26T18:35:59.848818-03:00
2362,2026-08-26T18:38:29-03:00,2026-08-26T18:43:29-03:00,2026-08-26T21:38:29+00:00,2026-08-26T21:43:29+00:00,-19.8125,-17.875,-18.85,60,2026-08-26T18:40:59.395192-03:00
2363,2026-08-26T18:43:29-03:00,2026-08-26T18:48:29-03:00,2026-08-26T21:43:29+00:00,2026-08-26T21:48:29+00:00,-21.5,-19.875,-20.71563,60,2026-08-26T18:46:00.082130-03:00
2364,2026-08-26T18:48:29-03:00,2026-08-26T18:53:29-03:00,2026-08-26T21:48:29+00:00,2026-08-26T21:53:29+00:00,-22.4375,-21.5,-22.00625,60,2026-08-26T18:50:59.747497-03:00
2365,2026-08-26T18:53:29-03:00,2026-08-26T18:58:29-03:00,2026-08-26T21:53:29+00:00,2026-08-26T21:58:29+00:00,-23.125,-22.4375,-22.77708,60,2026-08-26T18:55:59.966671-03:00
2366,2026-08-26T18:58:29-03:00,2026-08-26T19:03:29-03:00,2026-08-26T21:58:29+00:00,2026-08-26T22:03:29+00:00,-23.6875,-23.125,-23.39167,60,2026-08-26T19:00:59.850164-03:00
2367,2026-08-26T19:03:29-03:00,2026-08-26T19:08:29-03:00,2026-08-26T22:03:29+00:00,2026-08-26T22:08:29+00:00,-24.125,-23.6875,-23.9125,60,2026-08-26T19:05:59.921672-03:00
2368,2026-08-26T19:08:29-03:00,2026-08-26T19:13:29-03:00,2026-08-26T22:08:29+00:00,2026-08-26T22:13:29+00:00,-24.5,-24.125,-24.32813,60,2026-08-26T19:13:02.455964-03:00
2369,2026-08-26T19:13:29-03:00,2026-08-26T19:18:29-03:00,2026-08-26T22:13:29+00:00,2026-08-26T22:18:29+00:00,-24.625,-23.875,-24.27778,36,2026-08-26T19:15:59.909893-03:00
2370,2026-08-26T19:18:29-03:00,2026-08-26T19:23:29-03:00,2026-08-26T22:18:29+00:00,2026-08-26T22:23:29+00:00,-23.8125,-22.625,-23.17188,60,2026-08-26T19:21:00.551396-03:00
2371,2026-08-26T19:23:29-03:00,2026-08-26T19:28:29-03:00,2026-08-26T22:23:29+00:00,2026-08-26T22:28:29+00:00,-22.5625,-21.625,-22.10833,60,2026-08-26T19:26:00.131920-03:00
2372,2026-08-26T19:28:29-03:00,2026-08-26T19:33:29-03:00,2026-08-26T22:28:29+00:00,2026-08-26T22:33:29+00:00,-21.625,-20.875,-21.23229,60,2026-08-26T19:30:59.796922-03:00
2373,2026-08-26T19:33:29-03:00,2026-08-26T19:38:29-03:00,2026-08-26T22:33:29+00:00,2026-08-26T22:38:29+00:00,-20.875,-20.25,-20.52604,60,2026-08-26T19:35:59.946306-03:00
2374,2026-08-26T19:38:29-03:00,2026-08-26T19:43:29-03:00,2026-08-26T22:38:29+00:00,2026-08-26T22:43:29+00:00,-20.1875,-19.6875,-19.92604,60,2026-08-26T19:40:59.848529-03:00
2375,2026-08-26T19:43:29-03:00,2026-08-26T19:48:29-03:00,2026-08-26T22:43:29+00:00,2026-08-26T22:48:29+00:00,-19.625,-18.4375,-19.03854,60,2026-08-26T19:46:00.034871-03:00
2376,2026-08-26T19:48:29-03:00,2026-08-26T19:53:30-03:00,2026-08-26T22:48:29+00:00,2026-08-26T22:53:30+00:00,-18.4375,-17.9375,-18.17708,60,2026-08-26T19:51:00.272225-03:00
2377,2026-08-26T19:53:30-03:00,2026-08-26T19:58:30-03:00,2026-08-26T22:53:30+00:00,2026-08-26T22:58:30+00:00,-17.9375,-17.5,-17.70313,60,2026-08-26T19:55:59.908332-03:00
2378,2026-08-26T19:58:30-03:00,2026-08-26T20:03:30-03:00,2026-08-26T22:58:30+00:00,2026-08-26T23:03:30+00:00,-17.5,-17.0625,-17.29167,60,2026-08-26T20:01:14.117376-03:00
2379,2026-08-26T20:03:30-03:00,2026-08-26T20:08:30-03:00,2026-08-26T23:03:30+00:00,2026-08-26T23:08:30+00:00,-17.0625,-16.75,-16.90132,57,2026-08-26T20:06:00.087416-03:00
2380,2026-08-26T20:08:30-03:00,2026-08-26T20:13:30-03:00,2026-08-26T23:08:30+00:00,2026-08-26T23:13:30+00:00,-16.75,-16.375,-16.54688,60,2026-08-26T20:11:01.906538-03:00
2381,2026-08-26T20:13:30-03:00,2026-08-26T20:18:30-03:00,2026-08-26T23:13:30+00:00,2026-08-26T23:18:30+00:00,-16.375,-16.0625,-16.20833,60,2026-08-26T20:16:01.314711-03:00
2383,2026-08-26T20:18:30-03:00,2026-08-26T20:23:30-03:00,2026-08-26T23:18:30+00:00,2026-08-26T23:23:30+00:00,-16.0625,-15.75,-15.88646,60,2026-08-26T20:21:31.072682-03:00
2384,2026-08-26T20:23:30-03:00,2026-08-26T20:28:30-03:00,2026-08-26T23:23:30+00:00,2026-08-26T23:28:30+00:00,-15.75,-15.4375,-15.58686,59,2026-08-26T20:26:00.557715-03:00
2385,2026-08-26T20:28:30-03:00,2026-08-26T20:33:30-03:00,2026-08-26T23:28:30+00:00,2026-08-26T23:33:30+00:00,-15.4375,-15.1875,-15.31146,60,2026-08-26T20:31:00.127439-03:00
2386,2026-08-26T20:33:30-03:00,2026-08-26T20:38:30-03:00,2026-08-26T23:33:30+00:00,2026-08-26T23:38:30+00:00,-15.1875,-14.9375,-15.04583,60,2026-08-26T20:36:00.450126-03:00
2387,2026-08-26T20:38:30-03:00,2026-08-26T20:43:30-03:00,2026-08-26T23:38:30+00:00,2026-08-26T23:43:30+00:00,-14.9375,-14.6875,-14.78958,60,2026-08-26T20:40:59.520122-03:00
2388,2026-08-26T20:43:30-03:00,2026-08-26T20:48:30-03:00,2026-08-26T23:43:30+00:00,2026-08-26T23:48:30+00:00,-14.6875,-14.4375,-14.54375,60,2026-08-26T20:46:00.007278-03:00
2389,2026-08-26T20:48:30-03:00,2026-08-26T20:53:30-03:00,2026-08-26T23:48:30+00:00,2026-08-26T23:53:30+00:00,-14.4375,-8.5625,-11.05521,60,2026-08-26T20:51:01.082719-03:00
2390,2026-08-26T20:53:30-03:00,2026-08-26T20:58:30-03:00,2026-08-26T23:53:30+00:00,2026-08-26T23:58:30+00:00,-10.6875,-9.6875,-10.21771,60,2026-08-26T20:56:19.467136-03:00
2391,2026-08-26T20:58:30-03:00,2026-08-26T21:03:30-03:00,2026-08-26T23:58:30+00:00,2026-08-27T00:03:30+00:00,-11.1875,-10.6875,-10.9587,56,2026-08-26T21:02:32.839121-03:00
2392,2026-08-26T21:03:30-03:00,2026-08-26T21:08:30-03:00,2026-08-27T00:03:30+00:00,2026-08-27T00:08:30+00:00,-11.375,-11.1875,-11.30896,53,2026-08-26T21:06:00.412004-03:00
2393,2026-08-26T21:08:30-03:00,2026-08-26T21:13:30-03:00,2026-08-27T00:08:30+00:00,2026-08-27T00:13:30+00:00,-14.375,-11.4375,-12.82917,60,2026-08-26T21:11:00.109501-03:00
2394,2026-08-26T21:13:30-03:00,2026-08-26T21:18:30-03:00,2026-08-27T00:13:30+00:00,2026-08-27T00:18:30+00:00,-17.1875,-14.4375,-15.88125,60,2026-08-26T21:16:00.593743-03:00
2395,2026-08-26T21:18:30-03:00,2026-08-26T21:23:31-03:00,2026-08-27T00:18:30+00:00,2026-08-27T00:23:31+00:00,-19.1875,-17.25,-18.26042,60,2026-08-26T21:21:00.474096-03:00
2396,2026-08-26T21:23:31-03:00,2026-08-26T21:28:31-03:00,2026-08-27T00:23:31+00:00,2026-08-27T00:28:31+00:00,-20.4375,-19.1875,-19.88333,60,2026-08-26T21:26:00.684705-03:00
2397,2026-08-26T21:28:31-03:00,2026-08-26T21:33:31-03:00,2026-08-27T00:28:31+00:00,2026-08-27T00:33:31+00:00,-21.25,-20.4375,-20.85833,60,2026-08-26T21:31:00.370078-03:00
2398,2026-08-26T21:33:31-03:00,2026-08-26T21:38:31-03:00,2026-08-27T00:33:31+00:00,2026-08-27T00:38:31+00:00,-21.875,-21.25,-21.56875,60,2026-08-26T21:36:00.164521-03:00
2399,2026-08-26T21:38:31-03:00,2026-08-26T21:43:31-03:00,2026-08-27T00:38:31+00:00,2026-08-27T00:43:31+00:00,-22.5,-21.875,-22.20625,60,2026-08-26T21:41:00.500617-03:00
2400,2026-08-26T21:43:31-03:00,2026-08-26T21:48:31-03:00,2026-08-27T00:43:31+00:00,2026-08-27T00:48:31+00:00,-23,-22.5,-22.75,60,2026-08-26T21:46:00.549025-03:00
2401,2026-08-26T21:48:31-03:00,2026-08-26T21:53:31-03:00,2026-08-27T00:48:31+00:00,2026-08-27T00:53:31+00:00,-23.375,-23,-23.20417,60,2026-08-26T21:51:40.479776-03:00
2402,2026-08-26T21:53:31-03:00,2026-08-26T21:58:31-03:00,2026-08-27T00:53:31+00:00,2026-08-27T00:58:31+00:00,-23.75,-23.4375,-23.60142,53,2026-08-26T21:56:01.069651-03:00
2403,2026-08-26T21:58:31-03:00,2026-08-26T22:03:31-03:00,2026-08-27T00:58:31+00:00,2026-08-27T01:03:31+00:00,-24,-23.75,-23.85,60,2026-08-26T22:03:02.680303-03:00
2404,2026-08-26T22:03:31-03:00,2026-08-26T22:08:31-03:00,2026-08-27T01:03:31+00:00,2026-08-27T01:08:31+00:00,-24.25,-24.125,-24.1875,36,2026-08-26T22:06:04.006508-03:00
2406,2026-08-26T22:08:31-03:00,2026-08-26T22:13:31-03:00,2026-08-27T01:08:31+00:00,2026-08-27T01:13:31+00:00,-24.4375,-23.6875,-24.22775,59,2026-08-26T22:13:02.471638-03:00
2407,2026-08-26T22:13:31-03:00,2026-08-26T22:18:31-03:00,2026-08-27T01:13:31+00:00,2026-08-27T01:18:31+00:00,-23.625,-22.25,-22.85697,52,2026-08-26T22:16:32.870657-03:00
2408,2026-08-26T22:18:31-03:00,2026-08-26T22:23:31-03:00,2026-08-27T01:18:31+00:00,2026-08-27T01:23:31+00:00,-22.25,-21.1875,-21.69492,59,2026-08-26T22:21:00.540279-03:00
2409,2026-08-26T22:23:31-03:00,2026-08-26T22:28:31-03:00,2026-08-27T01:23:31+00:00,2026-08-27T01:28:31+00:00,-21.1875,-20.375,-20.75,60,2026-08-26T22:27:44.949086-03:00
2410,2026-08-26T22:28:31-03:00,2026-08-26T22:33:31-03:00,2026-08-27T01:28:31+00:00,2026-08-27T01:33:31+00:00,-20.3125,-19.75,-19.97222,45,2026-08-26T22:31:02.458978-03:00
2411,2026-08-26T22:33:31-03:00,2026-08-26T22:38:31-03:00,2026-08-27T01:33:31+00:00,2026-08-27T01:38:31+00:00,-19.75,-19.1875,-19.45208,60,2026-08-26T22:36:00.872161-03:00
2412,2026-08-26T22:38:31-03:00,2026-08-26T22:43:31-03:00,2026-08-27T01:38:31+00:00,2026-08-27T01:43:31+00:00,-19.1875,-18.6875,-18.93646,60,2026-08-26T22:41:00.733834-03:00
2413,2026-08-26T22:43:31-03:00,2026-08-26T22:48:31-03:00,2026-08-27T01:43:31+00:00,2026-08-27T01:48:31+00:00,-18.6875,-18.3125,-18.48854,60,2026-08-26T22:46:00.969687-03:00
2414,2026-08-26T22:48:31-03:00,2026-08-26T22:53:31-03:00,2026-08-27T01:48:31+00:00,2026-08-27T01:53:31+00:00,-18.25,-17.875,-18.08438,60,2026-08-26T22:51:00.674233-03:00
2415,2026-08-26T22:53:31-03:00,2026-08-26T22:58:31-03:00,2026-08-27T01:53:31+00:00,2026-08-27T01:58:31+00:00,-17.875,-17.5625,-17.71771,60,2026-08-26T22:56:00.435131-03:00
2416,2026-08-26T22:58:31-03:00,2026-08-26T23:03:31-03:00,2026-08-27T01:58:31+00:00,2026-08-27T02:03:31+00:00,-17.5625,-17.25,-17.38854,60,2026-08-26T23:01:02.621567-03:00
2417,2026-08-26T23:03:31-03:00,2026-08-26T23:08:31-03:00,2026-08-27T02:03:31+00:00,2026-08-27T02:08:31+00:00,-18.625,-17.125,-17.77917,60,2026-08-26T23:06:00.695237-03:00
2418,2026-08-26T23:08:31-03:00,2026-08-26T23:13:31-03:00,2026-08-27T02:08:31+00:00,2026-08-27T02:13:31+00:00,-20.5625,-18.6875,-19.63229,60,2026-08-26T23:11:01.204108-03:00
2419,2026-08-26T23:13:31-03:00,2026-08-26T23:18:31-03:00,2026-08-27T02:13:31+00:00,2026-08-27T02:18:31+00:00,-22,-20.5625,-21.325,60,2026-08-26T23:16:01.662423-03:00
2420,2026-08-26T23:18:31-03:00,2026-08-26T23:23:31-03:00,2026-08-27T02:18:31+00:00,2026-08-27T02:23:31+00:00,-23,-22,-22.54688,60,2026-08-26T23:22:00.467394-03:00
2421,2026-08-26T23:23:31-03:00,2026-08-26T23:28:31-03:00,2026-08-27T02:23:31+00:00,2026-08-27T02:28:31+00:00,-23.75,-23.0625,-23.42026,58,2026-08-26T23:26:00.871900-03:00
2422,2026-08-26T23:28:31-03:00,2026-08-26T23:33:31-03:00,2026-08-27T02:28:31+00:00,2026-08-27T02:33:31+00:00,-24.3125,-23.75,-24.03646,60,2026-08-26T23:31:02.540512-03:00
2423,2026-08-26T23:33:31-03:00,2026-08-26T23:38:32-03:00,2026-08-27T02:33:31+00:00,2026-08-27T02:38:32+00:00,-24.6875,-24.3125,-24.49479,60,2026-08-26T23:36:06.472437-03:00
2424,2026-08-26T23:38:32-03:00,2026-08-26T23:43:32-03:00,2026-08-27T02:38:32+00:00,2026-08-27T02:43:32+00:00,-24.875,-24.1875,-24.68538,59,2026-08-26T23:41:30.570461-03:00
2425,2026-08-26T23:43:32-03:00,2026-08-26T23:48:32-03:00,2026-08-27T02:43:32+00:00,2026-08-27T02:48:32+00:00,-24.125,-22.8125,-23.45021,59,2026-08-26T23:47:35.541981-03:00
2426,2026-08-26T23:48:32-03:00,2026-08-26T23:53:32-03:00,2026-08-27T02:48:32+00:00,2026-08-27T02:53:32+00:00,-22.8125,-21.8125,-22.28125,56,2026-08-26T23:51:06.649621-03:00
2427,2026-08-26T23:53:32-03:00,2026-08-26T23:58:32-03:00,2026-08-27T02:53:32+00:00,2026-08-27T02:58:32+00:00,-21.8125,-21.0625,-21.38453,59,2026-08-26T23:56:02.597910-03:00
2428,2026-08-26T23:58:32-03:00,2026-08-27T00:03:32-03:00,2026-08-27T02:58:32+00:00,2026-08-27T03:03:32+00:00,-21,-20.375,-20.70521,60,2026-08-27T00:01:21.421924-03:00
2429,2026-08-27T00:03:32-03:00,2026-08-27T00:08:32-03:00,2026-08-27T03:03:32+00:00,2026-08-27T03:08:32+00:00,-20.375,-19.875,-20.10714,56,2026-08-27T00:06:00.975418-03:00
2430,2026-08-27T00:08:32-03:00,2026-08-27T00:13:32-03:00,2026-08-27T03:08:32+00:00,2026-08-27T03:13:32+00:00,-19.875,-19.375,-19.61771,60,2026-08-27T00:11:03.511839-03:00
2431,2026-08-27T00:13:32-03:00,2026-08-27T00:18:32-03:00,2026-08-27T03:13:32+00:00,2026-08-27T03:18:32+00:00,-19.375,-18.9375,-19.15833,60,2026-08-27T00:16:02.152853-03:00
2432,2026-08-27T00:18:32-03:00,2026-08-27T00:23:32-03:00,2026-08-27T03:18:32+00:00,2026-08-27T03:23:32+00:00,-18.9375,-18.5625,-18.74479,60,2026-08-27T00:21:00.910435-03:00
2433,2026-08-27T00:23:32-03:00,2026-08-27T00:28:32-03:00,2026-08-27T03:23:32+00:00,2026-08-27T03:28:32+00:00,-18.5625,-18.1875,-18.37188,60,2026-08-27T00:26:00.907965-03:00
2434,2026-08-27T00:28:32-03:00,2026-08-27T00:33:32-03:00,2026-08-27T03:28:32+00:00,2026-08-27T03:33:32+00:00,-18.1875,-17.875,-18.03021,60,2026-08-27T00:31:01.211427-03:00
2435,2026-08-27T00:33:32-03:00,2026-08-27T00:38:32-03:00,2026-08-27T03:33:32+00:00,2026-08-27T03:38:32+00:00,-17.875,-17.5,-17.69479,60,2026-08-27T00:36:00.623406-03:00
2436,2026-08-27T00:38:32-03:00,2026-08-27T00:43:32-03:00,2026-08-27T03:38:32+00:00,2026-08-27T03:43:32+00:00,-17.5,-17.25,-17.37917,60,2026-08-27T00:41:00.706299-03:00
2437,2026-08-27T00:43:32-03:00,2026-08-27T00:48:32-03:00,2026-08-27T03:43:32+00:00,2026-08-27T03:48:32+00:00,-17.25,-16.9375,-17.0875,60,2026-08-27T00:46:01.077009-03:00
2438,2026-08-27T00:48:32-03:00,2026-08-27T00:53:32-03:00,2026-08-27T03:48:32+00:00,2026-08-27T03:53:32+00:00,-16.9375,-16.6875,-16.8125,60,2026-08-27T00:51:01.069216-03:00
2439,2026-08-27T00:53:32-03:00,2026-08-27T00:58:32-03:00,2026-08-27T03:53:32+00:00,2026-08-27T03:58:32+00:00,-16.6875,-16.4375,-16.55521,60,2026-08-27T00:56:01.293325-03:00
2440,2026-08-27T00:58:32-03:00,2026-08-27T01:03:32-03:00,2026-08-27T03:58:32+00:00,2026-08-27T04:03:32+00:00,-16.4375,-16.1875,-16.30833,60,2026-08-27T01:01:03.300005-03:00
2441,2026-08-27T01:03:32-03:00,2026-08-27T01:08:32-03:00,2026-08-27T04:03:32+00:00,2026-08-27T04:08:32+00:00,-16.1875,-15.9375,-16.07187,60,2026-08-27T01:06:31.220435-03:00
2442,2026-08-27T01:08:32-03:00,2026-08-27T01:13:33-03:00,2026-08-27T04:08:32+00:00,2026-08-27T04:13:33+00:00,-15.9375,-15.75,-15.84216,59,2026-08-27T01:11:01.184706-03:00
2443,2026-08-27T01:13:33-03:00,2026-08-27T01:18:33-03:00,2026-08-27T04:13:33+00:00,2026-08-27T04:18:33+00:00,-15.75,-15.5,-15.62917,60,2026-08-27T01:16:01.371934-03:00
2444,2026-08-27T01:18:33-03:00,2026-08-27T01:23:33-03:00,2026-08-27T04:18:33+00:00,2026-08-27T04:23:33+00:00,-15.5,-15.3125,-15.40938,60,2026-08-27T01:21:01.786115-03:00
2445,2026-08-27T01:23:33-03:00,2026-08-27T01:28:33-03:00,2026-08-27T04:23:33+00:00,2026-08-27T04:28:33+00:00,-15.3125,-15.125,-15.20313,60,2026-08-27T01:26:22.174495-03:00
2446,2026-08-27T01:28:33-03:00,2026-08-27T01:33:33-03:00,2026-08-27T04:28:33+00:00,2026-08-27T04:33:33+00:00,-15.0625,-14.875,-14.99442,56,2026-08-27T01:31:01.271537-03:00
2447,2026-08-27T01:33:33-03:00,2026-08-27T01:38:33-03:00,2026-08-27T04:33:33+00:00,2026-08-27T04:38:33+00:00,-14.875,-14.6875,-14.80104,60,2026-08-27T01:36:01.601837-03:00
2448,2026-08-27T01:38:33-03:00,2026-08-27T01:43:33-03:00,2026-08-27T04:38:33+00:00,2026-08-27T04:43:33+00:00,-14.6875,-14.5,-14.60729,60,2026-08-27T01:41:01.237196-03:00
2449,2026-08-27T01:43:33-03:00,2026-08-27T01:48:33-03:00,2026-08-27T04:43:33+00:00,2026-08-27T04:48:33+00:00,-14.5,-14.3125,-14.41979,60,2026-08-27T01:46:00.766357-03:00
2450,2026-08-27T01:48:33-03:00,2026-08-27T01:53:33-03:00,2026-08-27T04:48:33+00:00,2026-08-27T04:53:33+00:00,-15.8125,-14.3125,-14.92292,60,2026-08-27T01:51:01.144599-03:00
2451,2026-08-27T01:53:33-03:00,2026-08-27T01:58:33-03:00,2026-08-27T04:53:33+00:00,2026-08-27T04:58:33+00:00,-18.3125,-15.875,-17.11771,60,2026-08-27T01:56:01.539090-03:00
2452,2026-08-27T01:58:33-03:00,2026-08-27T02:03:33-03:00,2026-08-27T04:58:33+00:00,2026-08-27T05:03:33+00:00,-20.3125,-18.375,-19.37812,60,2026-08-27T02:01:02.026282-03:00
2453,2026-08-27T02:03:33-03:00,2026-08-27T02:08:33-03:00,2026-08-27T05:03:33+00:00,2026-08-27T05:08:33+00:00,-21.5625,-20.3125,-21.02396,60,2026-08-27T02:06:01.517149-03:00
2454,2026-08-27T02:08:33-03:00,2026-08-27T02:13:33-03:00,2026-08-27T05:08:33+00:00,2026-08-27T05:13:33+00:00,-21.5,-20.1875,-20.80208,60,2026-08-27T02:11:00.907711-03:00
2455,2026-08-27T02:13:33-03:00,2026-08-27T02:18:33-03:00,2026-08-27T05:13:33+00:00,2026-08-27T05:18:33+00:00,-20.1875,-19.25,-19.71354,60,2026-08-27T02:16:03.526521-03:00
2456,2026-08-27T02:18:33-03:00,2026-08-27T02:23:33-03:00,2026-08-27T05:18:33+00:00,2026-08-27T05:23:33+00:00,-19.25,-18.5625,-18.89167,60,2026-08-27T02:21:01.485901-03:00
2457,2026-08-27T02:23:33-03:00,2026-08-27T02:28:33-03:00,2026-08-27T05:23:33+00:00,2026-08-27T05:28:33+00:00,-18.5625,-18,-18.26354,60,2026-08-27T02:26:01.349036-03:00
2458,2026-08-27T02:28:33-03:00,2026-08-27T02:33:33-03:00,2026-08-27T05:28:33+00:00,2026-08-27T05:33:33+00:00,-18,-17.5,-17.75,60,2026-08-27T02:31:01.835520-03:00
2459,2026-08-27T02:33:33-03:00,2026-08-27T02:38:33-03:00,2026-08-27T05:33:33+00:00,2026-08-27T05:38:33+00:00,-17.5,-17.125,-17.30729,60,2026-08-27T02:36:00.848632-03:00
2460,2026-08-27T02:38:33-03:00,2026-08-27T02:43:33-03:00,2026-08-27T05:38:33+00:00,2026-08-27T05:43:33+00:00,-17.125,-16.75,-16.91042,60,2026-08-27T02:41:01.118717-03:00
2461,2026-08-27T02:43:33-03:00,2026-08-27T02:48:33-03:00,2026-08-27T05:43:33+00:00,2026-08-27T05:48:33+00:00,-16.6875,-16.375,-16.54792,60,2026-08-27T02:46:01.595309-03:00
2462,2026-08-27T02:48:33-03:00,2026-08-27T02:53:33-03:00,2026-08-27T05:48:33+00:00,2026-08-27T05:53:33+00:00,-16.375,-16.0625,-16.22812,60,2026-08-27T02:51:01.600874-03:00
2463,2026-08-27T02:53:33-03:00,2026-08-27T02:58:33-03:00,2026-08-27T05:53:33+00:00,2026-08-27T05:58:33+00:00,-16.0625,-15.8125,-15.93021,60,2026-08-27T02:56:01.778126-03:00
2464,2026-08-27T02:58:33-03:00,2026-08-27T03:03:33-03:00,2026-08-27T05:58:33+00:00,2026-08-27T06:03:33+00:00,-15.75,-15.5,-15.64479,60,2026-08-27T03:01:04.268339-03:00
2465,2026-08-27T03:03:33-03:00,2026-08-27T03:08:34-03:00,2026-08-27T06:03:33+00:00,2026-08-27T06:08:34+00:00,-15.5,-15.25,-15.38542,60,2026-08-27T03:06:02.214619-03:00
2466,2026-08-27T03:08:34-03:00,2026-08-27T03:13:34-03:00,2026-08-27T06:08:34+00:00,2026-08-27T06:13:34+00:00,-15.25,-15,-15.14167,60,2026-08-27T03:11:01.575489-03:00
2467,2026-08-27T03:13:34-03:00,2026-08-27T03:18:34-03:00,2026-08-27T06:13:34+00:00,2026-08-27T06:18:34+00:00,-15,-14.8125,-14.90833,60,2026-08-27T03:16:02.444321-03:00
2468,2026-08-27T03:18:34-03:00,2026-08-27T03:23:34-03:00,2026-08-27T06:18:34+00:00,2026-08-27T06:23:34+00:00,-14.8125,-14.5625,-14.68854,60,2026-08-27T03:21:01.528513-03:00
2469,2026-08-27T03:23:34-03:00,2026-08-27T03:28:34-03:00,2026-08-27T06:23:34+00:00,2026-08-27T06:28:34+00:00,-15.875,-14.5,-15.00729,60,2026-08-27T03:26:01.666817-03:00
2470,2026-08-27T03:28:34-03:00,2026-08-27T03:33:34-03:00,2026-08-27T06:28:34+00:00,2026-08-27T06:33:34+00:00,-18.1875,-15.875,-17.04792,60,2026-08-27T03:31:02.078627-03:00
2471,2026-08-27T03:33:34-03:00,2026-08-27T03:38:34-03:00,2026-08-27T06:33:34+00:00,2026-08-27T06:38:34+00:00,-20.125,-18.25,-19.23438,60,2026-08-27T03:36:02.272380-03:00
2472,2026-08-27T03:38:34-03:00,2026-08-27T03:43:34-03:00,2026-08-27T06:38:34+00:00,2026-08-27T06:43:34+00:00,-21.5,-20.1875,-20.88437,60,2026-08-27T03:41:02.378244-03:00
2473,2026-08-27T03:43:34-03:00,2026-08-27T03:48:34-03:00,2026-08-27T06:43:34+00:00,2026-08-27T06:48:34+00:00,-21.875,-20.9375,-21.52604,60,2026-08-27T03:46:01.852474-03:00
2474,2026-08-27T03:48:34-03:00,2026-08-27T03:53:34-03:00,2026-08-27T06:48:34+00:00,2026-08-27T06:53:34+00:00,-20.9375,-19.8125,-20.33125,60,2026-08-27T03:51:02.025804-03:00
2475,2026-08-27T03:53:34-03:00,2026-08-27T03:58:34-03:00,2026-08-27T06:53:34+00:00,2026-08-27T06:58:34+00:00,-19.75,-18.9375,-19.34063,60,2026-08-27T03:56:02.164156-03:00
2476,2026-08-27T03:58:34-03:00,2026-08-27T04:03:34-03:00,2026-08-27T06:58:34+00:00,2026-08-27T07:03:34+00:00,-18.9375,-18.3125,-18.59792,60,2026-08-27T04:01:02.282309-03:00
2477,2026-08-27T04:03:34-03:00,2026-08-27T04:08:34-03:00,2026-08-27T07:03:34+00:00,2026-08-27T07:08:34+00:00,-18.25,-17.75,-18.01042,60,2026-08-27T04:06:01.729465-03:00
2478,2026-08-27T04:08:34-03:00,2026-08-27T04:13:34-03:00,2026-08-27T07:08:34+00:00,2026-08-27T07:13:34+00:00,-17.75,-17.3125,-17.52604,60,2026-08-27T04:11:02.213614-03:00
2479,2026-08-27T04:13:34-03:00,2026-08-27T04:18:34-03:00,2026-08-27T07:13:34+00:00,2026-08-27T07:18:34+00:00,-17.3125,-16.875,-17.10104,60,2026-08-27T04:16:02.182449-03:00
2480,2026-08-27T04:18:34-03:00,2026-08-27T04:23:34-03:00,2026-08-27T07:18:34+00:00,2026-08-27T07:23:34+00:00,-16.875,-16.5625,-16.71458,60,2026-08-27T04:21:03.540636-03:00
2481,2026-08-27T04:23:34-03:00,2026-08-27T04:28:34-03:00,2026-08-27T07:23:34+00:00,2026-08-27T07:28:34+00:00,-16.5625,-16.1875,-16.375,60,2026-08-27T04:26:02.069609-03:00
2482,2026-08-27T04:28:34-03:00,2026-08-27T04:33:34-03:00,2026-08-27T07:28:34+00:00,2026-08-27T07:33:34+00:00,-16.1875,-15.9375,-16.0625,60,2026-08-27T04:31:05.147182-03:00
2483,2026-08-27T04:33:34-03:00,2026-08-27T04:38:34-03:00,2026-08-27T07:33:34+00:00,2026-08-27T07:38:34+00:00,-15.9375,-15.625,-15.77225,59,2026-08-27T04:36:02.369393-03:00
2484,2026-08-27T04:38:34-03:00,2026-08-27T04:43:35-03:00,2026-08-27T07:38:34+00:00,2026-08-27T07:43:35+00:00,-15.625,-15.375,-15.50313,60,2026-08-27T04:41:01.941025-03:00
2485,2026-08-27T04:43:35-03:00,2026-08-27T04:48:35-03:00,2026-08-27T07:43:35+00:00,2026-08-27T07:48:35+00:00,-15.375,-15.125,-15.25208,60,2026-08-27T04:46:02.084831-03:00
2486,2026-08-27T04:48:35-03:00,2026-08-27T04:53:35-03:00,2026-08-27T07:48:35+00:00,2026-08-27T07:53:35+00:00,-15.125,-14.875,-15.01458,60,2026-08-27T04:51:02.091745-03:00
2488,2026-08-27T04:53:35-03:00,2026-08-27T04:58:35-03:00,2026-08-27T07:53:35+00:00,2026-08-27T07:58:35+00:00,-14.875,-14.6875,-14.78542,60,2026-08-27T04:56:32.087540-03:00
2489,2026-08-27T04:58:35-03:00,2026-08-27T05:03:35-03:00,2026-08-27T07:58:35+00:00,2026-08-27T08:03:35+00:00,-16.5625,-14.6875,-15.54449,59,2026-08-27T05:01:02.183080-03:00
2490,2026-08-27T05:03:35-03:00,2026-08-27T05:08:35-03:00,2026-08-27T08:03:35+00:00,2026-08-27T08:08:35+00:00,-18.8125,-16.5625,-17.70521,60,2026-08-27T05:06:02.345856-03:00
2491,2026-08-27T05:08:35-03:00,2026-08-27T05:13:35-03:00,2026-08-27T08:08:35+00:00,2026-08-27T08:13:35+00:00,-20.5625,-18.8125,-19.73021,60,2026-08-27T05:11:02.272355-03:00
2492,2026-08-27T05:13:35-03:00,2026-08-27T05:18:35-03:00,2026-08-27T08:13:35+00:00,2026-08-27T08:18:35+00:00,-21.75,-20.5625,-21.21146,60,2026-08-27T05:16:02.205610-03:00
2493,2026-08-27T05:18:35-03:00,2026-08-27T05:23:35-03:00,2026-08-27T08:18:35+00:00,2026-08-27T08:23:35+00:00,-22,-20.9375,-21.58021,60,2026-08-27T05:21:02.007076-03:00
2494,2026-08-27T05:23:35-03:00,2026-08-27T05:28:35-03:00,2026-08-27T08:23:35+00:00,2026-08-27T08:28:35+00:00,-20.875,-19.8125,-20.33958,60,2026-08-27T05:26:02.576103-03:00
2495,2026-08-27T05:28:35-03:00,2026-08-27T05:33:35-03:00,2026-08-27T08:28:35+00:00,2026-08-27T08:33:35+00:00,-19.8125,-19,-19.35938,60,2026-08-27T05:31:32.239885-03:00
2496,2026-08-27T05:33:35-03:00,2026-08-27T05:38:35-03:00,2026-08-27T08:33:35+00:00,2026-08-27T08:38:35+00:00,-19,-18.3125,-18.63877,59,2026-08-27T05:36:02.294415-03:00
2497,2026-08-27T05:38:35-03:00,2026-08-27T05:43:35-03:00,2026-08-27T08:38:35+00:00,2026-08-27T08:43:35+00:00,-18.3125,-17.8125,-18.05625,60,2026-08-27T05:41:02.815293-03:00
2498,2026-08-27T05:43:35-03:00,2026-08-27T05:48:35-03:00,2026-08-27T08:43:35+00:00,2026-08-27T08:48:35+00:00,-17.8125,-17.375,-17.56875,60,2026-08-27T05:46:01.895504-03:00
2499,2026-08-27T05:48:35-03:00,2026-08-27T05:53:35-03:00,2026-08-27T08:48:35+00:00,2026-08-27T08:53:35+00:00,-17.3125,-16.9375,-17.1375,60,2026-08-27T05:51:02.067342-03:00
2500,2026-08-27T05:53:35-03:00,2026-08-27T05:58:35-03:00,2026-08-27T08:53:35+00:00,2026-08-27T08:58:35+00:00,-16.9375,-16.5625,-16.75,60,2026-08-27T05:56:02.289203-03:00
2501,2026-08-27T05:58:35-03:00,2026-08-27T06:03:35-03:00,2026-08-27T08:58:35+00:00,2026-08-27T09:03:35+00:00,-16.5625,-16.25,-16.41354,60,2026-08-27T06:01:02.011875-03:00
2502,2026-08-27T06:03:35-03:00,2026-08-27T06:08:35-03:00,2026-08-27T09:03:35+00:00,2026-08-27T09:08:35+00:00,-16.25,-15.9375,-16.09792,60,2026-08-27T06:06:02.400959-03:00
2503,2026-08-27T06:08:35-03:00,2026-08-27T06:13:35-03:00,2026-08-27T09:08:35+00:00,2026-08-27T09:13:35+00:00,-15.9375,-15.6875,-15.81146,60,2026-08-27T06:11:02.279450-03:00
2504,2026-08-27T06:13:35-03:00,2026-08-27T06:18:35-03:00,2026-08-27T09:13:35+00:00,2026-08-27T09:18:35+00:00,-15.6875,-15.4375,-15.54375,60,2026-08-27T06:16:02.288809-03:00
2505,2026-08-27T06:18:35-03:00,2026-08-27T06:23:35-03:00,2026-08-27T09:18:35+00:00,2026-08-27T09:23:35+00:00,-15.4375,-15.1875,-15.29479,60,2026-08-27T06:21:02.125708-03:00
2506,2026-08-27T06:23:35-03:00,2026-08-27T06:28:35-03:00,2026-08-27T09:23:35+00:00,2026-08-27T09:28:35+00:00,-15.1875,-14.9375,-15.05521,60,2026-08-27T06:26:02.369166-03:00
2507,2026-08-27T06:28:35-03:00,2026-08-27T06:33:35-03:00,2026-08-27T09:28:35+00:00,2026-08-27T09:33:35+00:00,-15.625,-14.8125,-15.02292,60,2026-08-27T06:31:02.196310-03:00
2508,2026-08-27T06:33:35-03:00,2026-08-27T06:38:35-03:00,2026-08-27T09:33:35+00:00,2026-08-27T09:38:35+00:00,-17.75,-15.625,-16.65,60,2026-08-27T06:36:02.604947-03:00
2509,2026-08-27T06:38:35-03:00,2026-08-27T06:43:35-03:00,2026-08-27T09:38:35+00:00,2026-08-27T09:43:35+00:00,-19.8125,-17.8125,-18.85104,60,2026-08-27T06:41:02.999279-03:00
2510,2026-08-27T06:43:35-03:00,2026-08-27T06:48:35-03:00,2026-08-27T09:43:35+00:00,2026-08-27T09:48:35+00:00,-21.25,-19.8125,-20.59271,60,2026-08-27T06:46:04.157404-03:00
2512,2026-08-27T06:48:35-03:00,2026-08-27T06:53:35-03:00,2026-08-27T09:48:35+00:00,2026-08-27T09:53:35+00:00,-22.125,-21.3125,-21.79167,60,2026-08-27T06:51:34.847135-03:00
2513,2026-08-27T06:53:35-03:00,2026-08-27T06:58:36-03:00,2026-08-27T09:53:35+00:00,2026-08-27T09:58:36+00:00,-21.875,-20.5,-21.12394,59,2026-08-27T06:56:02.618974-03:00
2514,2026-08-27T06:58:36-03:00,2026-08-27T07:03:36-03:00,2026-08-27T09:58:36+00:00,2026-08-27T10:03:36+00:00,-20.5,-19.5,-19.98333,60,2026-08-27T07:01:03.013223-03:00
2515,2026-08-27T07:03:36-03:00,2026-08-27T07:08:36-03:00,2026-08-27T10:03:36+00:00,2026-08-27T10:08:36+00:00,-19.5,-18.75,-19.12604,60,2026-08-27T07:06:02.236242-03:00
2516,2026-08-27T07:08:36-03:00,2026-08-27T07:13:36-03:00,2026-08-27T10:08:36+00:00,2026-08-27T10:13:36+00:00,-18.75,-18.1875,-18.45833,60,2026-08-27T07:11:02.350965-03:00
2517,2026-08-27T07:13:36-03:00,2026-08-27T07:18:36-03:00,2026-08-27T10:13:36+00:00,2026-08-27T10:18:36+00:00,-18.1875,-17.6875,-17.9375,60,2026-08-27T07:16:02.502220-03:00
2518,2026-08-27T07:18:36-03:00,2026-08-27T07:23:36-03:00,2026-08-27T10:18:36+00:00,2026-08-27T10:23:36+00:00,-17.6875,-17.25,-17.48229,60,2026-08-27T07:21:02.242630-03:00
2519,2026-08-27T07:23:36-03:00,2026-08-27T07:28:36-03:00,2026-08-27T10:23:36+00:00,2026-08-27T10:28:36+00:00,-17.25,-16.875,-17.07083,60,2026-08-27T07:26:02.569931-03:00
2520,2026-08-27T07:28:36-03:00,2026-08-27T07:33:36-03:00,2026-08-27T10:28:36+00:00,2026-08-27T10:33:36+00:00,-16.875,-16.5625,-16.70104,60,2026-08-27T07:31:02.685547-03:00
2521,2026-08-27T07:33:36-03:00,2026-08-27T07:38:36-03:00,2026-08-27T10:33:36+00:00,2026-08-27T10:38:36+00:00,-16.5625,-16.25,-16.37188,60,2026-08-27T07:36:02.681260-03:00
2522,2026-08-27T07:38:36-03:00,2026-08-27T07:43:36-03:00,2026-08-27T10:38:36+00:00,2026-08-27T10:43:36+00:00,-16.1875,-15.9375,-16.07396,60,2026-08-27T07:41:02.644406-03:00
2523,2026-08-27T07:43:36-03:00,2026-08-27T07:48:36-03:00,2026-08-27T10:43:36+00:00,2026-08-27T10:48:36+00:00,-15.9375,-15.6875,-15.80104,60,2026-08-27T07:46:02.586959-03:00
2524,2026-08-27T07:48:36-03:00,2026-08-27T07:53:36-03:00,2026-08-27T10:48:36+00:00,2026-08-27T10:53:36+00:00,-15.6875,-15.4375,-15.53958,60,2026-08-27T07:51:03.481125-03:00
2525,2026-08-27T07:53:36-03:00,2026-08-27T07:58:36-03:00,2026-08-27T10:53:36+00:00,2026-08-27T10:58:36+00:00,-15.4375,-15.1875,-15.29271,60,2026-08-27T07:56:02.847009-03:00
2526,2026-08-27T07:58:36-03:00,2026-08-27T08:03:36-03:00,2026-08-27T10:58:36+00:00,2026-08-27T11:03:36+00:00,-15.1875,-14.9375,-15.0625,60,2026-08-27T08:02:35.874856-03:00
2527,2026-08-27T08:03:36-03:00,2026-08-27T08:08:36-03:00,2026-08-27T11:03:36+00:00,2026-08-27T11:08:36+00:00,-16.75,-14.9375,-15.79799,56,2026-08-27T08:06:02.215779-03:00
2528,2026-08-27T08:08:36-03:00,2026-08-27T08:13:36-03:00,2026-08-27T11:08:36+00:00,2026-08-27T11:13:36+00:00,-18.9375,-16.75,-17.87083,60,2026-08-27T08:11:03.074824-03:00
2529,2026-08-27T08:13:36-03:00,2026-08-27T08:18:36-03:00,2026-08-27T11:13:36+00:00,2026-08-27T11:18:36+00:00,-20.6875,-19,-19.87708,60,2026-08-27T08:16:02.132604-03:00
2530,2026-08-27T08:18:36-03:00,2026-08-27T08:23:36-03:00,2026-08-27T11:18:36+00:00,2026-08-27T11:23:36+00:00,-21.875,-20.6875,-21.3375,60,2026-08-27T08:21:02.864748-03:00
2531,2026-08-27T08:23:36-03:00,2026-08-27T08:28:36-03:00,2026-08-27T11:23:36+00:00,2026-08-27T11:28:36+00:00,-22.125,-21,-21.67083,60,2026-08-27T08:26:03.181904-03:00
2532,2026-08-27T08:28:36-03:00,2026-08-27T08:33:36-03:00,2026-08-27T11:28:36+00:00,2026-08-27T11:33:36+00:00,-21,-19.9375,-20.45208,60,2026-08-27T08:31:02.668930-03:00
2533,2026-08-27T08:33:36-03:00,2026-08-27T08:38:36-03:00,2026-08-27T11:33:36+00:00,2026-08-27T11:38:36+00:00,-19.9375,-19.125,-19.49792,60,2026-08-27T08:36:02.422341-03:00
2534,2026-08-27T08:38:36-03:00,2026-08-27T08:43:36-03:00,2026-08-27T11:38:36+00:00,2026-08-27T11:43:36+00:00,-19.125,-18.5,-18.77813,60,2026-08-27T08:41:02.655420-03:00
2535,2026-08-27T08:43:36-03:00,2026-08-27T08:48:36-03:00,2026-08-27T11:43:36+00:00,2026-08-27T11:48:36+00:00,-18.5,-17.9375,-18.20833,60,2026-08-27T08:46:02.921699-03:00
2536,2026-08-27T08:48:36-03:00,2026-08-27T08:53:36-03:00,2026-08-27T11:48:36+00:00,2026-08-27T11:53:36+00:00,-17.9375,-17.5,-17.73125,60,2026-08-27T08:51:02.368041-03:00
2537,2026-08-27T08:53:36-03:00,2026-08-27T08:58:36-03:00,2026-08-27T11:53:36+00:00,2026-08-27T11:58:36+00:00,-17.5,-17.125,-17.30104,60,2026-08-27T08:58:20.351088-03:00
2538,2026-08-27T08:58:36-03:00,2026-08-27T09:03:37-03:00,2026-08-27T11:58:36+00:00,2026-08-27T12:03:37+00:00,-16.9375,-16.75,-16.83824,34,2026-08-27T09:01:02.662292-03:00
2539,2026-08-27T09:03:37-03:00,2026-08-27T09:08:37-03:00,2026-08-27T12:03:37+00:00,2026-08-27T12:08:37+00:00,-16.75,-16.4375,-16.58021,60,2026-08-27T09:06:03.307920-03:00
2540,2026-08-27T09:08:37-03:00,2026-08-27T09:13:37-03:00,2026-08-27T12:08:37+00:00,2026-08-27T12:13:37+00:00,-16.4375,-16.125,-16.26354,60,2026-08-27T09:11:02.625149-03:00
2541,2026-08-27T09:13:37-03:00,2026-08-27T09:18:37-03:00,2026-08-27T12:13:37+00:00,2026-08-27T12:18:37+00:00,-16.125,-15.875,-15.98542,60,2026-08-27T09:16:05.630797-03:00
2542,2026-08-27T09:18:37-03:00,2026-08-27T09:23:37-03:00,2026-08-27T12:18:37+00:00,2026-08-27T12:23:37+00:00,-15.875,-15.5625,-15.71875,60,2026-08-27T09:21:03.401047-03:00
2543,2026-08-27T09:23:37-03:00,2026-08-27T09:28:37-03:00,2026-08-27T12:23:37+00:00,2026-08-27T12:28:37+00:00,-15.5625,-15.375,-15.47083,60,2026-08-27T09:26:03.515944-03:00
2544,2026-08-27T09:28:37-03:00,2026-08-27T09:33:37-03:00,2026-08-27T12:28:37+00:00,2026-08-27T12:33:37+00:00,-15.375,-15.125,-15.23021,60,2026-08-27T09:31:04.039903-03:00
2545,2026-08-27T09:33:37-03:00,2026-08-27T09:38:37-03:00,2026-08-27T12:33:37+00:00,2026-08-27T12:38:37+00:00,-15.8125,-15,-15.20625,60,2026-08-27T09:38:04.358015-03:00
2546,2026-08-27T09:38:37-03:00,2026-08-27T09:43:37-03:00,2026-08-27T12:38:37+00:00,2026-08-27T12:43:37+00:00,-17.875,-16.5625,-17.21007,36,2026-08-27T09:41:09.286648-03:00
2547,2026-08-27T09:43:37-03:00,2026-08-27T09:48:37-03:00,2026-08-27T12:43:37+00:00,2026-08-27T12:48:37+00:00,-19.9375,-18,-18.98093,59,2026-08-27T09:46:12.161255-03:00
2548,2026-08-27T09:48:37-03:00,2026-08-27T09:53:37-03:00,2026-08-27T12:48:37+00:00,2026-08-27T12:53:37+00:00,-21.375,-20,-20.72198,58,2026-08-27T09:51:03.276935-03:00
2549,2026-08-27T09:53:37-03:00,2026-08-27T09:58:37-03:00,2026-08-27T12:53:37+00:00,2026-08-27T12:58:37+00:00,-22.25,-21.375,-21.87604,60,2026-08-27T09:56:04.937413-03:00
2550,2026-08-27T09:58:37-03:00,2026-08-27T10:03:37-03:00,2026-08-27T12:58:37+00:00,2026-08-27T13:03:37+00:00,-21.9375,-20.625,-21.21667,60,2026-08-27T10:01:04.632311-03:00
2551,2026-08-27T10:03:37-03:00,2026-08-27T10:08:37-03:00,2026-08-27T13:03:37+00:00,2026-08-27T13:08:37+00:00,-20.625,-19.625,-20.10729,60,2026-08-27T10:06:03.019802-03:00
2552,2026-08-27T10:08:37-03:00,2026-08-27T10:13:38-03:00,2026-08-27T13:08:37+00:00,2026-08-27T13:13:38+00:00,-19.625,-18.9375,-19.25729,60,2026-08-27T10:11:12.410951-03:00
2553,2026-08-27T10:13:38-03:00,2026-08-27T10:18:38-03:00,2026-08-27T13:13:38+00:00,2026-08-27T13:18:38+00:00,-18.875,-18.375,-18.60776,58,2026-08-27T10:16:03.607214-03:00
2554,2026-08-27T10:18:38-03:00,2026-08-27T10:23:38-03:00,2026-08-27T13:18:38+00:00,2026-08-27T13:23:38+00:00,-18.3125,-17.875,-18.08854,60,2026-08-27T10:21:03.415869-03:00
2555,2026-08-27T10:23:38-03:00,2026-08-27T10:28:38-03:00,2026-08-27T13:23:38+00:00,2026-08-27T13:28:38+00:00,-17.8125,-17.4375,-17.62604,60,2026-08-27T10:26:03.421766-03:00
2556,2026-08-27T10:28:38-03:00,2026-08-27T10:33:38-03:00,2026-08-27T13:28:38+00:00,2026-08-27T13:33:38+00:00,-17.4375,-17,-17.21458,60,2026-08-27T10:31:03.649048-03:00
2557,2026-08-27T10:33:38-03:00,2026-08-27T10:38:38-03:00,2026-08-27T13:33:38+00:00,2026-08-27T13:38:38+00:00,-17,-16.6875,-16.84896,60,2026-08-27T10:36:03.616098-03:00
2558,2026-08-27T10:38:38-03:00,2026-08-27T10:43:38-03:00,2026-08-27T13:38:38+00:00,2026-08-27T13:43:38+00:00,-16.6875,-16.375,-16.52396,60,2026-08-27T10:41:03.718463-03:00
2560,2026-08-27T10:43:38-03:00,2026-08-27T10:48:38-03:00,2026-08-27T13:43:38+00:00,2026-08-27T13:48:38+00:00,-16.375,-16.0625,-16.22604,60,2026-08-27T10:46:32.918369-03:00
2561,2026-08-27T10:48:38-03:00,2026-08-27T10:53:38-03:00,2026-08-27T13:48:38+00:00,2026-08-27T13:53:38+00:00,-16.0625,-15.8125,-15.95021,59,2026-08-27T10:51:03.332246-03:00
2562,2026-08-27T10:53:38-03:00,2026-08-27T10:58:38-03:00,2026-08-27T13:53:38+00:00,2026-08-27T13:58:38+00:00,-15.8125,-15.5625,-15.69479,60,2026-08-27T10:56:03.209620-03:00
2563,2026-08-27T10:58:38-03:00,2026-08-27T11:03:38-03:00,2026-08-27T13:58:38+00:00,2026-08-27T14:03:38+00:00,-15.5625,-15.3125,-15.45104,60,2026-08-27T11:01:03.523002-03:00
2564,2026-08-27T11:03:38-03:00,2026-08-27T11:08:38-03:00,2026-08-27T14:03:38+00:00,2026-08-27T14:08:38+00:00,-15.3125,-15.125,-15.21667,60,2026-08-27T11:06:04.333553-03:00
2565,2026-08-27T11:08:38-03:00,2026-08-27T11:13:38-03:00,2026-08-27T14:08:38+00:00,2026-08-27T14:13:38+00:00,-16.875,-15.0625,-15.90938,60,2026-08-27T11:11:03.152067-03:00
2566,2026-08-27T11:13:38-03:00,2026-08-27T11:18:38-03:00,2026-08-27T14:13:38+00:00,2026-08-27T14:18:38+00:00,-19.0625,-16.875,-17.98229,60,2026-08-27T11:16:03.419499-03:00
2567,2026-08-27T11:18:38-03:00,2026-08-27T11:23:38-03:00,2026-08-27T14:18:38+00:00,2026-08-27T14:23:38+00:00,-20.75,-19.0625,-19.96667,60,2026-08-27T11:21:03.376713-03:00
2568,2026-08-27T11:23:38-03:00,2026-08-27T11:28:38-03:00,2026-08-27T14:23:38+00:00,2026-08-27T14:28:38+00:00,-22,-20.8125,-21.425,60,2026-08-27T11:26:03.530339-03:00
2569,2026-08-27T11:28:38-03:00,2026-08-27T11:33:38-03:00,2026-08-27T14:28:38+00:00,2026-08-27T14:33:38+00:00,-22.3125,-21.375,-21.96354,60,2026-08-27T11:31:03.809634-03:00
2570,2026-08-27T11:33:38-03:00,2026-08-27T11:38:38-03:00,2026-08-27T14:33:38+00:00,2026-08-27T14:38:38+00:00,-21.375,-20.25,-20.78333,60,2026-08-27T11:36:04.242939-03:00
2571,2026-08-27T11:38:38-03:00,2026-08-27T11:43:38-03:00,2026-08-27T14:38:38+00:00,2026-08-27T14:43:38+00:00,-20.25,-19.375,-19.81146,60,2026-08-27T11:41:03.602152-03:00
2572,2026-08-27T11:43:38-03:00,2026-08-27T11:48:38-03:00,2026-08-27T14:43:38+00:00,2026-08-27T14:48:38+00:00,-19.375,-18.75,-19.05417,60,2026-08-27T11:46:05.821236-03:00
2573,2026-08-27T11:48:38-03:00,2026-08-27T11:53:38-03:00,2026-08-27T14:48:38+00:00,2026-08-27T14:53:38+00:00,-18.75,-18.25,-18.48125,60,2026-08-27T11:51:03.696286-03:00
2574,2026-08-27T11:53:38-03:00,2026-08-27T11:58:38-03:00,2026-08-27T14:53:38+00:00,2026-08-27T14:58:38+00:00,-18.1875,-17.75,-17.98229,60,2026-08-27T11:56:03.716316-03:00
2575,2026-08-27T11:58:38-03:00,2026-08-27T12:03:38-03:00,2026-08-27T14:58:38+00:00,2026-08-27T15:03:38+00:00,-17.75,-17.3125,-17.54792,60,2026-08-27T12:01:04.550845-03:00
2576,2026-08-27T12:03:38-03:00,2026-08-27T12:08:38-03:00,2026-08-27T15:03:38+00:00,2026-08-27T15:08:38+00:00,-17.3125,-17,-17.15104,60,2026-08-27T12:06:04.334713-03:00
2577,2026-08-27T12:08:38-03:00,2026-08-27T12:13:38-03:00,2026-08-27T15:08:38+00:00,2026-08-27T15:13:38+00:00,-17,-16.625,-16.80104,60,2026-08-27T12:11:06.328147-03:00
2578,2026-08-27T12:13:38-03:00,2026-08-27T12:18:38-03:00,2026-08-27T15:13:38+00:00,2026-08-27T15:18:38+00:00,-16.625,-16.375,-16.49788,59,2026-08-27T12:16:03.540057-03:00
2579,2026-08-27T12:18:38-03:00,2026-08-27T12:23:38-03:00,2026-08-27T15:18:38+00:00,2026-08-27T15:23:38+00:00,-16.375,-16.0625,-16.20833,60,2026-08-27T12:21:05.529106-03:00
2580,2026-08-27T12:23:38-03:00,2026-08-27T12:28:39-03:00,2026-08-27T15:23:38+00:00,2026-08-27T15:28:39+00:00,-16.0625,-15.8125,-15.94375,60,2026-08-27T12:26:03.770526-03:00
2581,2026-08-27T12:28:39-03:00,2026-08-27T12:33:39-03:00,2026-08-27T15:28:39+00:00,2026-08-27T15:33:39+00:00,-15.8125,-15.5625,-15.69271,60,2026-08-27T12:31:03.696076-03:00
2582,2026-08-27T12:33:39-03:00,2026-08-27T12:38:39-03:00,2026-08-27T15:33:39+00:00,2026-08-27T15:38:39+00:00,-15.5625,-15.3125,-15.45417,60,2026-08-27T12:36:03.801258-03:00
2583,2026-08-27T12:38:39-03:00,2026-08-27T12:43:39-03:00,2026-08-27T15:38:39+00:00,2026-08-27T15:43:39+00:00,-16,-15.1875,-15.41042,60,2026-08-27T12:41:03.289960-03:00
2584,2026-08-27T12:43:39-03:00,2026-08-27T12:48:39-03:00,2026-08-27T15:43:39+00:00,2026-08-27T15:48:39+00:00,-18.0625,-16,-16.98021,60,2026-08-27T12:46:05.056717-03:00
2585,2026-08-27T12:48:39-03:00,2026-08-27T12:53:39-03:00,2026-08-27T15:48:39+00:00,2026-08-27T15:53:39+00:00,-20.0625,-18.0625,-19.09792,60,2026-08-27T12:51:33.674898-03:00
2586,2026-08-27T12:53:39-03:00,2026-08-27T12:58:39-03:00,2026-08-27T15:53:39+00:00,2026-08-27T15:58:39+00:00,-21.4375,-20.0625,-20.81038,59,2026-08-27T12:56:03.640498-03:00
2587,2026-08-27T12:58:39-03:00,2026-08-27T13:03:39-03:00,2026-08-27T15:58:39+00:00,2026-08-27T16:03:39+00:00,-22.375,-21.5,-21.98646,60,2026-08-27T13:01:04.158085-03:00
2588,2026-08-27T13:03:39-03:00,2026-08-27T13:08:39-03:00,2026-08-27T16:03:39+00:00,2026-08-27T16:08:39+00:00,-22.3125,-20.9375,-21.56875,60,2026-08-27T13:06:03.401051-03:00
2589,2026-08-27T13:08:39-03:00,2026-08-27T13:13:39-03:00,2026-08-27T16:08:39+00:00,2026-08-27T16:13:39+00:00,-20.9375,-19.9375,-20.40521,60,2026-08-27T13:11:06.467252-03:00
2590,2026-08-27T13:13:39-03:00,2026-08-27T13:18:39-03:00,2026-08-27T16:13:39+00:00,2026-08-27T16:18:39+00:00,-19.9375,-19.1875,-19.53021,60,2026-08-27T13:16:04.595879-03:00
2591,2026-08-27T13:18:39-03:00,2026-08-27T13:23:39-03:00,2026-08-27T16:18:39+00:00,2026-08-27T16:23:39+00:00,-19.125,-18.5625,-18.86771,60,2026-08-27T13:21:03.939797-03:00
2592,2026-08-27T13:23:39-03:00,2026-08-27T13:28:39-03:00,2026-08-27T16:23:39+00:00,2026-08-27T16:28:39+00:00,-18.5625,-18.0625,-18.32396,60,2026-08-27T13:26:04.317274-03:00
2593,2026-08-27T13:28:39-03:00,2026-08-27T13:33:39-03:00,2026-08-27T16:28:39+00:00,2026-08-27T16:33:39+00:00,-18.0625,-17.625,-17.84167,60,2026-08-27T13:31:04.083611-03:00
2594,2026-08-27T13:33:39-03:00,2026-08-27T13:38:39-03:00,2026-08-27T16:33:39+00:00,2026-08-27T16:38:39+00:00,-17.625,-17.25,-17.4125,60,2026-08-27T13:36:11.913873-03:00
2595,2026-08-27T13:38:39-03:00,2026-08-27T13:43:40-03:00,2026-08-27T16:38:39+00:00,2026-08-27T16:43:40+00:00,-17.1875,-16.875,-17.0286,59,2026-08-27T13:41:04.360560-03:00
2596,2026-08-27T13:43:40-03:00,2026-08-27T13:48:40-03:00,2026-08-27T16:43:40+00:00,2026-08-27T16:48:40+00:00,-16.875,-16.5625,-16.68958,60,2026-08-27T13:46:06.236721-03:00
2597,2026-08-27T13:48:40-03:00,2026-08-27T13:53:40-03:00,2026-08-27T16:48:40+00:00,2026-08-27T16:53:40+00:00,-16.5,-16.25,-16.37396,60,2026-08-27T13:51:05.901955-03:00
2598,2026-08-27T13:53:40-03:00,2026-08-27T13:58:40-03:00,2026-08-27T16:53:40+00:00,2026-08-27T16:58:40+00:00,-16.25,-15.9375,-16.08542,60,2026-08-27T13:56:04.825249-03:00
2599,2026-08-27T13:58:40-03:00,2026-08-27T14:03:40-03:00,2026-08-27T16:58:40+00:00,2026-08-27T17:03:40+00:00,-15.9375,-15.6875,-15.81354,60,2026-08-27T14:01:04.635529-03:00
2600,2026-08-27T14:03:40-03:00,2026-08-27T14:08:40-03:00,2026-08-27T17:03:40+00:00,2026-08-27T17:08:40+00:00,-15.6875,-15.4375,-15.55521,60,2026-08-27T14:06:04.774595-03:00
2601,2026-08-27T14:08:40-03:00,2026-08-27T14:13:40-03:00,2026-08-27T17:08:40+00:00,2026-08-27T17:13:40+00:00,-16.0625,-15.3125,-15.50937,60,2026-08-27T14:11:05.203879-03:00
2602,2026-08-27T14:13:40-03:00,2026-08-27T14:18:40-03:00,2026-08-27T17:13:40+00:00,2026-08-27T17:18:40+00:00,-18.125,-16.125,-17.08021,60,2026-08-27T14:16:34.758675-03:00
2603,2026-08-27T14:18:40-03:00,2026-08-27T14:23:40-03:00,2026-08-27T17:18:40+00:00,2026-08-27T17:23:40+00:00,-20.0625,-18.1875,-19.17055,59,2026-08-27T14:21:04.642017-03:00
2604,2026-08-27T14:23:40-03:00,2026-08-27T14:28:40-03:00,2026-08-27T17:23:40+00:00,2026-08-27T17:28:40+00:00,-21.5,-20.125,-20.83229,60,2026-08-27T14:26:04.546200-03:00
2605,2026-08-27T14:28:40-03:00,2026-08-27T14:33:40-03:00,2026-08-27T17:28:40+00:00,2026-08-27T17:33:40+00:00,-22.4375,-21.5,-22.01563,60,2026-08-27T14:31:04.591419-03:00
2606,2026-08-27T14:33:40-03:00,2026-08-27T14:38:40-03:00,2026-08-27T17:33:40+00:00,2026-08-27T17:38:40+00:00,-22.5,-21.0625,-21.75729,60,2026-08-27T14:36:04.776136-03:00
2607,2026-08-27T14:38:40-03:00,2026-08-27T14:43:40-03:00,2026-08-27T17:38:40+00:00,2026-08-27T17:43:40+00:00,-21.0625,-20.0625,-20.56458,60,2026-08-27T14:41:04.377024-03:00
2608,2026-08-27T14:43:40-03:00,2026-08-27T14:48:40-03:00,2026-08-27T17:43:40+00:00,2026-08-27T17:48:40+00:00,-20.0625,-19.3125,-19.66562,60,2026-08-27T14:46:04.881617-03:00
2609,2026-08-27T14:48:40-03:00,2026-08-27T14:53:40-03:00,2026-08-27T17:48:40+00:00,2026-08-27T17:53:40+00:00,-19.3125,-18.6875,-18.98646,60,2026-08-27T14:51:06.022567-03:00
2610,2026-08-27T14:53:40-03:00,2026-08-27T14:58:40-03:00,2026-08-27T17:53:40+00:00,2026-08-27T17:58:40+00:00,-18.6875,-18.1875,-18.43229,60,2026-08-27T14:56:06.597751-03:00
2611,2026-08-27T14:58:40-03:00,2026-08-27T15:03:40-03:00,2026-08-27T17:58:40+00:00,2026-08-27T18:03:40+00:00,-18.1875,-17.6875,-17.93646,60,2026-08-27T15:01:05.168769-03:00
2612,2026-08-27T15:03:40-03:00,2026-08-27T15:08:41-03:00,2026-08-27T18:03:40+00:00,2026-08-27T18:08:41+00:00,-17.6875,-17.3125,-17.50104,60,2026-08-27T15:06:06.039898-03:00
2613,2026-08-27T15:08:41-03:00,2026-08-27T15:13:41-03:00,2026-08-27T18:08:41+00:00,2026-08-27T18:13:41+00:00,-17.3125,-16.9375,-17.11563,60,2026-08-27T15:11:06.287245-03:00
2614,2026-08-27T15:13:41-03:00,2026-08-27T15:18:41-03:00,2026-08-27T18:13:41+00:00,2026-08-27T18:18:41+00:00,-16.9375,-16.625,-16.77083,60,2026-08-27T15:16:04.778170-03:00
2615,2026-08-27T15:18:41-03:00,2026-08-27T15:23:41-03:00,2026-08-27T18:18:41+00:00,2026-08-27T18:23:41+00:00,-16.625,-16.3125,-16.45938,60,2026-08-27T15:21:08.428398-03:00
2616,2026-08-27T15:23:41-03:00,2026-08-27T15:28:41-03:00,2026-08-27T18:23:41+00:00,2026-08-27T18:28:41+00:00,-16.3125,-16.0625,-16.17161,59,2026-08-27T15:26:09.338857-03:00
2617,2026-08-27T15:28:41-03:00,2026-08-27T15:33:41-03:00,2026-08-27T18:28:41+00:00,2026-08-27T18:33:41+00:00,-16.0625,-15.75,-15.89936,59,2026-08-27T15:31:04.825705-03:00
2618,2026-08-27T15:33:41-03:00,2026-08-27T15:38:41-03:00,2026-08-27T18:33:41+00:00,2026-08-27T18:38:41+00:00,-15.75,-15.5,-15.64583,60,2026-08-27T15:36:04.966883-03:00
2619,2026-08-27T15:38:41-03:00,2026-08-27T15:43:41-03:00,2026-08-27T18:38:41+00:00,2026-08-27T18:43:41+00:00,-17.1875,-15.5,-16.2625,60,2026-08-27T15:41:04.757468-03:00
2620,2026-08-27T15:43:41-03:00,2026-08-27T15:48:41-03:00,2026-08-27T18:43:41+00:00,2026-08-27T18:48:41+00:00,-19.3125,-17.1875,-18.26875,60,2026-08-27T15:46:04.946018-03:00
2621,2026-08-27T15:48:41-03:00,2026-08-27T15:53:41-03:00,2026-08-27T18:48:41+00:00,2026-08-27T18:53:41+00:00,-20.9375,-19.3125,-20.18438,60,2026-08-27T15:51:05.060149-03:00
2622,2026-08-27T15:53:41-03:00,2026-08-27T15:58:41-03:00,2026-08-27T18:53:41+00:00,2026-08-27T18:58:41+00:00,-22.125,-21,-21.58125,60,2026-08-27T15:56:05.354146-03:00
2623,2026-08-27T15:58:41-03:00,2026-08-27T16:03:41-03:00,2026-08-27T18:58:41+00:00,2026-08-27T19:03:41+00:00,-22.6875,-22.0625,-22.4,60,2026-08-27T16:01:09.366405-03:00
2624,2026-08-27T16:03:41-03:00,2026-08-27T16:08:41-03:00,2026-08-27T19:03:41+00:00,2026-08-27T19:08:41+00:00,-22,-20.8125,-21.38665,59,2026-08-27T16:06:04.951178-03:00
2625,2026-08-27T16:08:41-03:00,2026-08-27T16:13:41-03:00,2026-08-27T19:08:41+00:00,2026-08-27T19:13:41+00:00,-20.8125,-19.9375,-20.35938,60,2026-08-27T16:11:04.728896-03:00
2626,2026-08-27T16:13:41-03:00,2026-08-27T16:18:41-03:00,2026-08-27T19:13:41+00:00,2026-08-27T19:18:41+00:00,-19.9375,-19.25,-19.56042,60,2026-08-27T16:16:05.083103-03:00
2627,2026-08-27T16:18:41-03:00,2026-08-27T16:23:41-03:00,2026-08-27T19:18:41+00:00,2026-08-27T19:23:41+00:00,-19.25,-18.6875,-18.95521,60,2026-08-27T16:21:05.149867-03:00
2628,2026-08-27T16:23:41-03:00,2026-08-27T16:28:41-03:00,2026-08-27T19:23:41+00:00,2026-08-27T19:28:41+00:00,-18.6875,-18.1875,-18.44271,60,2026-08-27T16:26:05.097324-03:00
2629,2026-08-27T16:28:41-03:00,2026-08-27T16:33:41-03:00,2026-08-27T19:28:41+00:00,2026-08-27T19:33:41+00:00,-18.1875,-17.8125,-17.98854,60,2026-08-27T16:31:05.289514-03:00
2630,2026-08-27T16:33:41-03:00,2026-08-27T16:38:41-03:00,2026-08-27T19:33:41+00:00,2026-08-27T19:38:41+00:00,-17.75,-17.4375,-17.58646,60,2026-08-27T16:36:04.874533-03:00
2631,2026-08-27T16:38:41-03:00,2026-08-27T16:43:41-03:00,2026-08-27T19:38:41+00:00,2026-08-27T19:43:41+00:00,-17.4375,-17.0625,-17.23125,60,2026-08-27T16:41:04.731285-03:00
2632,2026-08-27T16:43:41-03:00,2026-08-27T16:48:41-03:00,2026-08-27T19:43:41+00:00,2026-08-27T19:48:41+00:00,-17.0625,-16.75,-16.90729,60,2026-08-27T16:46:05.123611-03:00
2633,2026-08-27T16:48:41-03:00,2026-08-27T16:53:41-03:00,2026-08-27T19:48:41+00:00,2026-08-27T19:53:41+00:00,-16.75,-16.5,-16.61458,60,2026-08-27T16:51:04.962557-03:00
2634,2026-08-27T16:53:41-03:00,2026-08-27T16:58:41-03:00,2026-08-27T19:53:41+00:00,2026-08-27T19:58:41+00:00,-16.5,-16.1875,-16.34792,60,2026-08-27T16:56:04.969287-03:00
2635,2026-08-27T16:58:41-03:00,2026-08-27T17:03:41-03:00,2026-08-27T19:58:41+00:00,2026-08-27T20:03:41+00:00,-16.1875,-15.4375,-15.91979,60,2026-08-27T17:01:07.840654-03:00
2636,2026-08-27T17:03:41-03:00,2026-08-27T17:08:42-03:00,2026-08-27T20:03:41+00:00,2026-08-27T20:08:42+00:00,-17.75,-15.9375,-16.82813,60,2026-08-27T17:06:07.820741-03:00
2637,2026-08-27T17:08:42-03:00,2026-08-27T17:13:42-03:00,2026-08-27T20:08:42+00:00,2026-08-27T20:13:42+00:00,-19.625,-17.75,-18.71771,60,2026-08-27T17:11:05.948198-03:00
2638,2026-08-27T17:13:42-03:00,2026-08-27T17:18:42-03:00,2026-08-27T20:13:42+00:00,2026-08-27T20:18:42+00:00,-21.0625,-19.625,-20.3875,60,2026-08-27T17:16:06.297678-03:00
2639,2026-08-27T17:18:42-03:00,2026-08-27T17:23:42-03:00,2026-08-27T20:18:42+00:00,2026-08-27T20:23:42+00:00,-22.0625,-21.0625,-21.57396,60,2026-08-27T17:21:05.546159-03:00
2640,2026-08-27T17:23:42-03:00,2026-08-27T17:28:42-03:00,2026-08-27T20:23:42+00:00,2026-08-27T20:28:42+00:00,-22.75,-22.0625,-22.40208,60,2026-08-27T17:26:05.537376-03:00
2641,2026-08-27T17:28:42-03:00,2026-08-27T17:33:42-03:00,2026-08-27T20:28:42+00:00,2026-08-27T20:33:42+00:00,-23.25,-22.75,-22.99896,60,2026-08-27T17:31:05.792018-03:00
2642,2026-08-27T17:33:42-03:00,2026-08-27T17:38:42-03:00,2026-08-27T20:33:42+00:00,2026-08-27T20:38:42+00:00,-23.625,-23.25,-23.45625,60,2026-08-27T17:36:06.001416-03:00
2643,2026-08-27T17:38:42-03:00,2026-08-27T17:43:43-03:00,2026-08-27T20:38:42+00:00,2026-08-27T20:43:43+00:00,-24,-23.625,-23.82917,60,2026-08-27T17:41:05.876516-03:00
2644,2026-08-27T17:43:43-03:00,2026-08-27T17:48:43-03:00,2026-08-27T20:43:43+00:00,2026-08-27T20:48:43+00:00,-24.3125,-24,-24.16458,60,2026-08-27T17:46:06.917154-03:00
2646,2026-08-27T17:48:43-03:00,2026-08-27T17:53:43-03:00,2026-08-27T20:48:43+00:00,2026-08-27T20:53:43+00:00,-24.5625,-24.3125,-24.45417,60,2026-08-27T17:51:35.629221-03:00
2647,2026-08-27T17:53:43-03:00,2026-08-27T17:58:43-03:00,2026-08-27T20:53:43+00:00,2026-08-27T20:58:43+00:00,-24.8125,-24.625,-24.71928,59,2026-08-27T17:56:15.473046-03:00
2648,2026-08-27T17:58:43-03:00,2026-08-27T18:03:43-03:00,2026-08-27T20:58:43+00:00,2026-08-27T21:03:43+00:00,-24.8125,-23.375,-24.05927,58,2026-08-27T18:01:08.334761-03:00
2649,2026-08-27T18:03:43-03:00,2026-08-27T18:08:43-03:00,2026-08-27T21:03:43+00:00,2026-08-27T21:08:43+00:00,-23.3125,-22.25,-22.75937,60,2026-08-27T18:06:06.121219-03:00
2650,2026-08-27T18:08:43-03:00,2026-08-27T18:13:43-03:00,2026-08-27T21:08:43+00:00,2026-08-27T21:13:43+00:00,-22.25,-21.3125,-21.75521,60,2026-08-27T18:11:07.003953-03:00
2651,2026-08-27T18:13:43-03:00,2026-08-27T18:18:43-03:00,2026-08-27T21:13:43+00:00,2026-08-27T21:18:43+00:00,-21.3125,-20.5625,-20.91562,60,2026-08-27T18:16:05.986438-03:00
2652,2026-08-27T18:18:43-03:00,2026-08-27T18:23:43-03:00,2026-08-27T21:18:43+00:00,2026-08-27T21:23:43+00:00,-20.5625,-19.9375,-20.22292,60,2026-08-27T18:21:05.939618-03:00
2653,2026-08-27T18:23:43-03:00,2026-08-27T18:28:43-03:00,2026-08-27T21:23:43+00:00,2026-08-27T21:28:43+00:00,-19.9375,-19.4375,-19.65729,60,2026-08-27T18:26:06.333416-03:00
2654,2026-08-27T18:28:43-03:00,2026-08-27T18:33:43-03:00,2026-08-27T21:28:43+00:00,2026-08-27T21:33:43+00:00,-19.375,-18.9375,-19.1625,60,2026-08-27T18:31:05.489321-03:00
2655,2026-08-27T18:33:43-03:00,2026-08-27T18:38:43-03:00,2026-08-27T21:33:43+00:00,2026-08-27T21:38:43+00:00,-18.9375,-18.5,-18.72292,60,2026-08-27T18:36:05.968249-03:00
2656,2026-08-27T18:38:43-03:00,2026-08-27T18:43:43-03:00,2026-08-27T21:38:43+00:00,2026-08-27T21:43:43+00:00,-18.5,-18.125,-18.32396,60,2026-08-27T18:41:06.305459-03:00
2657,2026-08-27T18:43:43-03:00,2026-08-27T18:48:43-03:00,2026-08-27T21:43:43+00:00,2026-08-27T21:48:43+00:00,-18.125,-17.8125,-17.96146,60,2026-08-27T18:46:43.469990-03:00
2658,2026-08-27T18:48:43-03:00,2026-08-27T18:53:43-03:00,2026-08-27T21:48:43+00:00,2026-08-27T21:53:43+00:00,-19.125,-17.75,-18.38362,58,2026-08-27T18:51:06.098058-03:00
2659,2026-08-27T18:53:43-03:00,2026-08-27T18:58:43-03:00,2026-08-27T21:53:43+00:00,2026-08-27T21:58:43+00:00,-19.25,-18.875,-19.05938,60,2026-08-27T18:56:06.040387-03:00
2660,2026-08-27T18:58:43-03:00,2026-08-27T19:03:43-03:00,2026-08-27T21:58:43+00:00,2026-08-27T22:03:43+00:00,-18.875,-18.5,-18.67083,60,2026-08-27T19:01:08.011038-03:00
2661,2026-08-27T19:03:43-03:00,2026-08-27T19:08:43-03:00,2026-08-27T22:03:43+00:00,2026-08-27T22:08:43+00:00,-18.5,-18.0625,-18.26875,60,2026-08-27T19:06:06.450836-03:00
2662,2026-08-27T19:08:43-03:00,2026-08-27T19:13:43-03:00,2026-08-27T22:08:43+00:00,2026-08-27T22:13:43+00:00,-18.0625,-17.6875,-17.86979,60,2026-08-27T19:11:36.360329-03:00
2663,2026-08-27T19:13:43-03:00,2026-08-27T19:18:43-03:00,2026-08-27T22:13:43+00:00,2026-08-27T22:18:43+00:00,-17.6875,-17.3125,-17.49682,59,2026-08-27T19:16:06.291136-03:00
2664,2026-08-27T19:18:43-03:00,2026-08-27T19:23:43-03:00,2026-08-27T22:18:43+00:00,2026-08-27T22:23:43+00:00,-17.3125,-17,-17.15833,60,2026-08-27T19:21:06.105423-03:00
2665,2026-08-27T19:23:43-03:00,2026-08-27T19:28:43-03:00,2026-08-27T22:23:43+00:00,2026-08-27T22:28:43+00:00,-17,-16.6875,-16.85312,60,2026-08-27T19:26:06.713882-03:00
2666,2026-08-27T19:28:43-03:00,2026-08-27T19:33:43-03:00,2026-08-27T22:28:43+00:00,2026-08-27T22:33:43+00:00,-16.6875,-16.4375,-16.56979,60,2026-08-27T19:31:06.505668-03:00
2667,2026-08-27T19:33:43-03:00,2026-08-27T19:38:43-03:00,2026-08-27T22:33:43+00:00,2026-08-27T22:38:43+00:00,-16.4375,-16.1875,-16.29792,60,2026-08-27T19:36:06.280344-03:00
2668,2026-08-27T19:38:43-03:00,2026-08-27T19:43:44-03:00,2026-08-27T22:38:43+00:00,2026-08-27T22:43:44+00:00,-16.1875,-15.9375,-16.05,60,2026-08-27T19:41:06.286392-03:00
2669,2026-08-27T19:43:44-03:00,2026-08-27T19:48:44-03:00,2026-08-27T22:43:44+00:00,2026-08-27T22:48:44+00:00,-15.9375,-15.625,-15.78125,60,2026-08-27T19:46:06.535509-03:00
2670,2026-08-27T19:48:44-03:00,2026-08-27T19:53:44-03:00,2026-08-27T22:48:44+00:00,2026-08-27T22:53:44+00:00,-15.625,-15.25,-15.45729,60,2026-08-27T19:51:06.179669-03:00
2671,2026-08-27T19:53:44-03:00,2026-08-27T19:58:44-03:00,2026-08-27T22:53:44+00:00,2026-08-27T22:58:44+00:00,-15.25,-14.8125,-15.04792,60,2026-08-27T19:56:06.635334-03:00
2672,2026-08-27T19:58:44-03:00,2026-08-27T20:03:44-03:00,2026-08-27T22:58:44+00:00,2026-08-27T23:03:44+00:00,-14.8125,-13.8125,-14.31458,60,2026-08-27T20:01:06.236686-03:00
2673,2026-08-27T20:03:44-03:00,2026-08-27T20:08:44-03:00,2026-08-27T23:03:44+00:00,2026-08-27T23:08:44+00:00,-13.8125,-12.9375,-13.39792,60,2026-08-27T20:06:06.318358-03:00
2674,2026-08-27T20:08:44-03:00,2026-08-27T20:13:44-03:00,2026-08-27T23:08:44+00:00,2026-08-27T23:13:44+00:00,-12.875,-11.375,-12.21146,60,2026-08-27T20:11:06.042282-03:00
2675,2026-08-27T20:13:44-03:00,2026-08-27T20:18:44-03:00,2026-08-27T23:13:44+00:00,2026-08-27T23:18:44+00:00,-11.375,-8.8125,-10.16458,60,2026-08-27T20:16:06.434137-03:00
2676,2026-08-27T20:18:44-03:00,2026-08-27T20:23:44-03:00,2026-08-27T23:18:44+00:00,2026-08-27T23:23:44+00:00,-8.75,-5.75,-7.236458,60,2026-08-27T20:21:06.364922-03:00
2677,2026-08-27T20:23:44-03:00,2026-08-27T20:28:44-03:00,2026-08-27T23:23:44+00:00,2026-08-27T23:28:44+00:00,-5.75,-4.0625,-4.697917,60,2026-08-27T20:26:15.053414-03:00
2678,2026-08-27T20:28:44-03:00,2026-08-27T20:33:44-03:00,2026-08-27T23:28:44+00:00,2026-08-27T23:33:44+00:00,-5.8125,-4.5625,-5.174569,58,2026-08-27T20:31:06.621923-03:00
2679,2026-08-27T20:33:44-03:00,2026-08-27T20:38:44-03:00,2026-08-27T23:33:44+00:00,2026-08-27T23:38:44+00:00,-9.4375,-5.875,-7.589583,60,2026-08-27T20:36:08.567384-03:00
2680,2026-08-27T20:38:44-03:00,2026-08-27T20:43:44-03:00,2026-08-27T23:38:44+00:00,2026-08-27T23:43:44+00:00,-13,-9.5,-11.29688,60,2026-08-27T20:41:06.099771-03:00
2681,2026-08-27T20:43:44-03:00,2026-08-27T20:48:44-03:00,2026-08-27T23:43:44+00:00,2026-08-27T23:48:44+00:00,-15.8125,-13.0625,-14.51146,60,2026-08-27T20:46:06.218217-03:00
2683,2026-08-27T20:48:44-03:00,2026-08-27T20:53:44-03:00,2026-08-27T23:48:44+00:00,2026-08-27T23:53:44+00:00,-17.8125,-15.875,-16.87708,60,2026-08-27T20:52:29.489923-03:00
2684,2026-08-27T20:53:44-03:00,2026-08-27T20:58:44-03:00,2026-08-27T23:53:44+00:00,2026-08-27T23:58:44+00:00,-19.125,-17.8125,-18.54245,53,2026-08-27T20:56:06.276437-03:00
2685,2026-08-27T20:58:44-03:00,2026-08-27T21:03:44-03:00,2026-08-27T23:58:44+00:00,2026-08-28T00:03:44+00:00,-20.125,-19.125,-19.65417,60,2026-08-27T21:01:28.033829-03:00
2686,2026-08-27T21:03:44-03:00,2026-08-27T21:08:44-03:00,2026-08-28T00:03:44+00:00,2026-08-28T00:08:44+00:00,-20.9375,-20.25,-20.5971,56,2026-08-27T21:06:06.100695-03:00
2687,2026-08-27T21:08:44-03:00,2026-08-27T21:13:44-03:00,2026-08-28T00:08:44+00:00,2026-08-28T00:13:44+00:00,-21.625,-20.9375,-21.29479,60,2026-08-27T21:11:09.096836-03:00
2688,2026-08-27T21:13:44-03:00,2026-08-27T21:18:45-03:00,2026-08-28T00:13:44+00:00,2026-08-28T00:18:45+00:00,-22.125,-21.625,-21.87604,60,2026-08-27T21:16:06.810833-03:00
2689,2026-08-27T21:18:45-03:00,2026-08-27T21:23:45-03:00,2026-08-28T00:18:45+00:00,2026-08-28T00:23:45+00:00,-22.5625,-22.125,-22.35312,60,2026-08-27T21:21:07.057086-03:00
2690,2026-08-27T21:23:45-03:00,2026-08-27T21:28:45-03:00,2026-08-28T00:23:45+00:00,2026-08-28T00:28:45+00:00,-22.9375,-22.5625,-22.77083,60,2026-08-27T21:26:06.576375-03:00
2691,2026-08-27T21:28:45-03:00,2026-08-27T21:33:45-03:00,2026-08-28T00:28:45+00:00,2026-08-28T00:33:45+00:00,-23.3125,-22.9375,-23.12708,60,2026-08-27T21:31:10.248797-03:00
2692,2026-08-27T21:33:45-03:00,2026-08-27T21:38:45-03:00,2026-08-28T00:33:45+00:00,2026-08-28T00:38:45+00:00,-23.5625,-23.3125,-23.42267,59,2026-08-27T21:36:07.021409-03:00
2693,2026-08-27T21:38:45-03:00,2026-08-27T21:43:45-03:00,2026-08-28T00:38:45+00:00,2026-08-28T00:43:45+00:00,-23.8125,-23.5625,-23.67188,60,2026-08-27T21:41:14.334461-03:00
2694,2026-08-27T21:43:45-03:00,2026-08-27T21:48:45-03:00,2026-08-28T00:43:45+00:00,2026-08-28T00:48:45+00:00,-23.8125,-22.5,-23.3072,59,2026-08-27T21:46:16.302215-03:00
2695,2026-08-27T21:48:45-03:00,2026-08-27T21:53:45-03:00,2026-08-28T00:48:45+00:00,2026-08-28T00:53:45+00:00,-22.5,-21.3125,-21.87716,58,2026-08-27T21:51:10.476366-03:00
2696,2026-08-27T21:53:45-03:00,2026-08-27T21:58:45-03:00,2026-08-28T00:53:45+00:00,2026-08-28T00:58:45+00:00,-21.3125,-20.375,-20.81038,59,2026-08-27T21:56:07.169223-03:00
2697,2026-08-27T21:58:45-03:00,2026-08-27T22:03:45-03:00,2026-08-28T00:58:45+00:00,2026-08-28T01:03:45+00:00,-20.3125,-19.5625,-19.94583,60,2026-08-27T22:01:07.190333-03:00
2698,2026-08-27T22:03:45-03:00,2026-08-27T22:08:45-03:00,2026-08-28T01:03:45+00:00,2026-08-28T01:08:45+00:00,-19.5625,-18.9375,-19.23333,60,2026-08-27T22:06:07.112093-03:00
2699,2026-08-27T22:08:45-03:00,2026-08-27T22:13:45-03:00,2026-08-28T01:08:45+00:00,2026-08-28T01:13:45+00:00,-18.9375,-18.375,-18.62917,60,2026-08-27T22:11:07.290714-03:00
2700,2026-08-27T22:13:45-03:00,2026-08-27T22:18:45-03:00,2026-08-28T01:13:45+00:00,2026-08-28T01:18:45+00:00,-18.375,-17.8125,-18.09271,60,2026-08-27T22:16:07.339093-03:00
2701,2026-08-27T22:18:45-03:00,2026-08-27T22:23:45-03:00,2026-08-28T01:18:45+00:00,2026-08-28T01:23:45+00:00,-17.875,-17.375,-17.60833,60,2026-08-27T22:21:43.168090-03:00
2703,2026-08-27T22:23:45-03:00,2026-08-27T22:28:45-03:00,2026-08-28T01:23:45+00:00,2026-08-28T01:28:45+00:00,-17.375,-17,-17.16703,58,2026-08-27T22:26:37.371959-03:00
2704,2026-08-27T22:28:45-03:00,2026-08-27T22:33:45-03:00,2026-08-28T01:28:45+00:00,2026-08-28T01:33:45+00:00,-16.9375,-16.625,-16.76907,59,2026-08-27T22:31:07.418900-03:00
2705,2026-08-27T22:33:45-03:00,2026-08-27T22:38:45-03:00,2026-08-28T01:33:45+00:00,2026-08-28T01:38:45+00:00,-18.6875,-16.8125,-17.79167,60,2026-08-27T22:36:07.229210-03:00
2706,2026-08-27T22:38:45-03:00,2026-08-27T22:43:45-03:00,2026-08-28T01:38:45+00:00,2026-08-28T01:43:45+00:00,-20.4375,-18.75,-19.63229,60,2026-08-27T22:41:07.333347-03:00
2707,2026-08-27T22:43:45-03:00,2026-08-27T22:48:45-03:00,2026-08-28T01:43:45+00:00,2026-08-28T01:48:45+00:00,-21.6875,-20.5,-21.13542,60,2026-08-27T22:46:06.886839-03:00
2708,2026-08-27T22:48:45-03:00,2026-08-27T22:53:46-03:00,2026-08-28T01:48:45+00:00,2026-08-28T01:53:46+00:00,-22.625,-21.75,-22.18333,60,2026-08-27T22:51:07.368436-03:00
2709,2026-08-27T22:53:46-03:00,2026-08-27T22:58:46-03:00,2026-08-28T01:53:46+00:00,2026-08-28T01:58:46+00:00,-23.125,-22.5625,-22.87083,60,2026-08-27T22:56:52.448790-03:00
2710,2026-08-27T22:58:46-03:00,2026-08-27T23:03:46-03:00,2026-08-28T01:58:46+00:00,2026-08-28T02:03:46+00:00,-23.4375,-23.125,-23.27083,51,2026-08-27T23:01:06.968223-03:00
2711,2026-08-27T23:03:46-03:00,2026-08-27T23:08:46-03:00,2026-08-28T02:03:46+00:00,2026-08-28T02:08:46+00:00,-23.75,-23.375,-23.56667,60,2026-08-27T23:06:07.440730-03:00
2712,2026-08-27T23:08:46-03:00,2026-08-27T23:13:46-03:00,2026-08-28T02:08:46+00:00,2026-08-28T02:13:46+00:00,-24.0625,-23.75,-23.90729,60,2026-08-27T23:11:07.236813-03:00
2713,2026-08-27T23:13:46-03:00,2026-08-27T23:18:46-03:00,2026-08-28T02:13:46+00:00,2026-08-28T02:18:46+00:00,-24.375,-24.0625,-24.22812,60,2026-08-27T23:16:07.116215-03:00
2714,2026-08-27T23:18:46-03:00,2026-08-27T23:23:46-03:00,2026-08-28T02:18:46+00:00,2026-08-28T02:23:46+00:00,-24.5,-23.5625,-24.17813,60,2026-08-27T23:21:07.283142-03:00
2715,2026-08-27T23:23:46-03:00,2026-08-27T23:28:46-03:00,2026-08-28T02:23:46+00:00,2026-08-28T02:28:46+00:00,-23.5625,-22.5,-22.99688,60,2026-08-27T23:26:07.398551-03:00
2716,2026-08-27T23:28:46-03:00,2026-08-27T23:33:46-03:00,2026-08-28T02:28:46+00:00,2026-08-28T02:33:46+00:00,-22.4375,-21.5625,-22.00208,60,2026-08-27T23:31:07.137193-03:00
2717,2026-08-27T23:33:46-03:00,2026-08-27T23:38:46-03:00,2026-08-28T02:33:46+00:00,2026-08-28T02:38:46+00:00,-21.5625,-20.8125,-21.19062,60,2026-08-27T23:36:08.063792-03:00
2718,2026-08-27T23:38:46-03:00,2026-08-27T23:43:46-03:00,2026-08-28T02:38:46+00:00,2026-08-28T02:43:46+00:00,-20.8125,-20.1875,-20.50208,60,2026-08-27T23:41:07.267737-03:00
2719,2026-08-27T23:43:46-03:00,2026-08-27T23:48:46-03:00,2026-08-28T02:43:46+00:00,2026-08-28T02:48:46+00:00,-20.1875,-19.625,-19.91667,60,2026-08-27T23:46:07.417296-03:00
2720,2026-08-27T23:48:46-03:00,2026-08-27T23:53:46-03:00,2026-08-28T02:48:46+00:00,2026-08-28T02:53:46+00:00,-19.625,-19.1875,-19.39688,60,2026-08-27T23:51:17.525444-03:00
2721,2026-08-27T23:53:46-03:00,2026-08-27T23:58:46-03:00,2026-08-28T02:53:46+00:00,2026-08-28T02:58:46+00:00,-19.125,-18.6875,-18.9181,58,2026-08-27T23:56:07.010887-03:00
2722,2026-08-27T23:58:46-03:00,2026-08-28T00:03:46-03:00,2026-08-28T02:58:46+00:00,2026-08-28T03:03:46+00:00,-18.6875,-18.3125,-18.51042,60,2026-08-28T00:01:07.477222-03:00
2723,2026-08-28T00:03:46-03:00,2026-08-28T00:08:46-03:00,2026-08-28T03:03:46+00:00,2026-08-28T03:08:46+00:00,-18.3125,-17.9375,-18.12812,60,2026-08-28T00:06:06.854687-03:00
2724,2026-08-28T00:08:46-03:00,2026-08-28T00:13:46-03:00,2026-08-28T03:08:46+00:00,2026-08-28T03:13:46+00:00,-17.9375,-17.625,-17.77813,60,2026-08-28T00:11:10.842975-03:00
2725,2026-08-28T00:13:46-03:00,2026-08-28T00:18:46-03:00,2026-08-28T03:13:46+00:00,2026-08-28T03:18:46+00:00,-17.625,-17.3125,-17.45657,59,2026-08-28T00:16:07.317013-03:00
2726,2026-08-28T00:18:46-03:00,2026-08-28T00:23:46-03:00,2026-08-28T03:18:46+00:00,2026-08-28T03:23:46+00:00,-17.3125,-17,-17.14688,60,2026-08-28T00:21:07.190204-03:00
2727,2026-08-28T00:23:46-03:00,2026-08-28T00:28:46-03:00,2026-08-28T03:23:46+00:00,2026-08-28T03:28:46+00:00,-17,-16.6875,-16.85208,60,2026-08-28T00:26:08.643885-03:00
2728,2026-08-28T00:28:46-03:00,2026-08-28T00:33:46-03:00,2026-08-28T03:28:46+00:00,2026-08-28T03:33:46+00:00,-16.6875,-16.4375,-16.57292,60,2026-08-28T00:31:07.081316-03:00
2729,2026-08-28T00:33:46-03:00,2026-08-28T00:38:46-03:00,2026-08-28T03:33:46+00:00,2026-08-28T03:38:46+00:00,-16.4375,-16.1875,-16.30208,60,2026-08-28T00:36:07.551237-03:00
2730,2026-08-28T00:38:46-03:00,2026-08-28T00:43:46-03:00,2026-08-28T03:38:46+00:00,2026-08-28T03:43:46+00:00,-16.1875,-15.9375,-16.05208,60,2026-08-28T00:41:07.393153-03:00
2731,2026-08-28T00:43:46-03:00,2026-08-28T00:48:46-03:00,2026-08-28T03:43:46+00:00,2026-08-28T03:48:46+00:00,-15.9375,-15.6875,-15.80625,60,2026-08-28T00:46:07.752161-03:00
2732,2026-08-28T00:48:46-03:00,2026-08-28T00:53:46-03:00,2026-08-28T03:48:46+00:00,2026-08-28T03:53:46+00:00,-15.6875,-15.5,-15.58021,60,2026-08-28T00:51:07.397944-03:00
2733,2026-08-28T00:53:46-03:00,2026-08-28T00:58:46-03:00,2026-08-28T03:53:46+00:00,2026-08-28T03:58:46+00:00,-15.4375,-15.25,-15.35312,60,2026-08-28T00:56:08.036396-03:00
2734,2026-08-28T00:58:46-03:00,2026-08-28T01:03:46-03:00,2026-08-28T03:58:46+00:00,2026-08-28T04:03:46+00:00,-15.25,-15.0625,-15.14583,60,2026-08-28T01:01:07.303709-03:00
2735,2026-08-28T01:03:46-03:00,2026-08-28T01:08:47-03:00,2026-08-28T04:03:46+00:00,2026-08-28T04:08:47+00:00,-16.0625,-14.9375,-15.35625,60,2026-08-28T01:06:07.565302-03:00
2736,2026-08-28T01:08:47-03:00,2026-08-28T01:13:47-03:00,2026-08-28T04:08:47+00:00,2026-08-28T04:13:47+00:00,-18.4375,-16.125,-17.28542,60,2026-08-28T01:11:07.437829-03:00
2737,2026-08-28T01:13:47-03:00,2026-08-28T01:18:47-03:00,2026-08-28T04:13:47+00:00,2026-08-28T04:18:47+00:00,-20.375,-18.5,-19.48958,60,2026-08-28T01:16:07.555840-03:00
2738,2026-08-28T01:18:47-03:00,2026-08-28T01:23:47-03:00,2026-08-28T04:18:47+00:00,2026-08-28T04:23:47+00:00,-21.75,-20.4375,-21.12396,60,2026-08-28T01:21:07.602967-03:00
2739,2026-08-28T01:23:47-03:00,2026-08-28T01:28:47-03:00,2026-08-28T04:23:47+00:00,2026-08-28T04:28:47+00:00,-22.25,-21.625,-21.99375,60,2026-08-28T01:26:07.271222-03:00
2740,2026-08-28T01:28:47-03:00,2026-08-28T01:33:47-03:00,2026-08-28T04:28:47+00:00,2026-08-28T04:33:47+00:00,-21.625,-20.625,-21.10417,60,2026-08-28T01:31:07.492443-03:00
2741,2026-08-28T01:33:47-03:00,2026-08-28T01:38:47-03:00,2026-08-28T04:33:47+00:00,2026-08-28T04:38:47+00:00,-20.625,-19.8125,-20.19896,60,2026-08-28T01:36:07.508514-03:00
2742,2026-08-28T01:38:47-03:00,2026-08-28T01:43:47-03:00,2026-08-28T04:38:47+00:00,2026-08-28T04:43:47+00:00,-19.8125,-19.1875,-19.46979,60,2026-08-28T01:41:07.429967-03:00
2743,2026-08-28T01:43:47-03:00,2026-08-28T01:48:47-03:00,2026-08-28T04:43:47+00:00,2026-08-28T04:48:47+00:00,-19.1875,-18.625,-18.89792,60,2026-08-28T01:46:07.513609-03:00
2744,2026-08-28T01:48:47-03:00,2026-08-28T01:53:47-03:00,2026-08-28T04:48:47+00:00,2026-08-28T04:53:47+00:00,-18.625,-18.1875,-18.39375,60,2026-08-28T01:51:07.780535-03:00
2745,2026-08-28T01:53:47-03:00,2026-08-28T01:58:47-03:00,2026-08-28T04:53:47+00:00,2026-08-28T04:58:47+00:00,-18.1875,-17.75,-17.95208,60,2026-08-28T01:56:07.681155-03:00
2746,2026-08-28T01:58:47-03:00,2026-08-28T02:03:47-03:00,2026-08-28T04:58:47+00:00,2026-08-28T05:03:47+00:00,-17.75,-17.375,-17.56458,60,2026-08-28T02:01:07.448500-03:00
2747,2026-08-28T02:03:47-03:00,2026-08-28T02:08:47-03:00,2026-08-28T05:03:47+00:00,2026-08-28T05:08:47+00:00,-17.375,-17.0625,-17.21458,60,2026-08-28T02:06:07.284564-03:00
2748,2026-08-28T02:08:47-03:00,2026-08-28T02:13:47-03:00,2026-08-28T05:08:47+00:00,2026-08-28T05:13:47+00:00,-17.0625,-16.75,-16.89375,60,2026-08-28T02:11:07.880644-03:00
2749,2026-08-28T02:13:47-03:00,2026-08-28T02:18:47-03:00,2026-08-28T05:13:47+00:00,2026-08-28T05:18:47+00:00,-16.75,-16.4375,-16.60417,60,2026-08-28T02:16:07.471155-03:00
2751,2026-08-28T02:18:47-03:00,2026-08-28T02:23:47-03:00,2026-08-28T05:18:47+00:00,2026-08-28T05:23:47+00:00,-16.4375,-16.1875,-16.32917,60,2026-08-28T02:21:37.537026-03:00
2752,2026-08-28T02:23:47-03:00,2026-08-28T02:28:47-03:00,2026-08-28T05:23:47+00:00,2026-08-28T05:28:47+00:00,-16.1875,-15.9375,-16.06897,58,2026-08-28T02:26:10.601519-03:00
2753,2026-08-28T02:28:47-03:00,2026-08-28T02:33:48-03:00,2026-08-28T05:28:47+00:00,2026-08-28T05:33:48+00:00,-15.9375,-15.6875,-15.82292,60,2026-08-28T02:31:39.566690-03:00
2754,2026-08-28T02:33:48-03:00,2026-08-28T02:38:48-03:00,2026-08-28T05:33:48+00:00,2026-08-28T05:38:48+00:00,-15.6875,-15.5,-15.57986,54,2026-08-28T02:36:17.107307-03:00
2755,2026-08-28T02:38:48-03:00,2026-08-28T02:43:48-03:00,2026-08-28T05:38:48+00:00,2026-08-28T05:43:48+00:00,-17.4375,-15.6875,-16.52263,58,2026-08-28T02:41:08.077137-03:00
2756,2026-08-28T02:43:48-03:00,2026-08-28T02:48:48-03:00,2026-08-28T05:43:48+00:00,2026-08-28T05:48:48+00:00,-19.625,-17.5,-18.58438,60,2026-08-28T02:46:08.508855-03:00
2757,2026-08-28T02:48:48-03:00,2026-08-28T02:53:48-03:00,2026-08-28T05:48:48+00:00,2026-08-28T05:53:48+00:00,-21.25,-19.625,-20.47917,60,2026-08-28T02:51:07.731124-03:00
2758,2026-08-28T02:53:48-03:00,2026-08-28T02:58:48-03:00,2026-08-28T05:53:48+00:00,2026-08-28T05:58:48+00:00,-22.375,-21.25,-21.83438,60,2026-08-28T02:56:08.213804-03:00
2759,2026-08-28T02:58:48-03:00,2026-08-28T03:03:48-03:00,2026-08-28T05:58:48+00:00,2026-08-28T06:03:48+00:00,-22.5,-21.5,-22.0875,60,2026-08-28T03:01:07.934139-03:00
2760,2026-08-28T03:03:48-03:00,2026-08-28T03:08:48-03:00,2026-08-28T06:03:48+00:00,2026-08-28T06:08:48+00:00,-21.4375,-20.5,-20.97812,60,2026-08-28T03:06:08.839521-03:00
2761,2026-08-28T03:08:48-03:00,2026-08-28T03:13:48-03:00,2026-08-28T06:08:48+00:00,2026-08-28T06:13:48+00:00,-20.5,-19.75,-20.09271,60,2026-08-28T03:11:08.224029-03:00
2762,2026-08-28T03:13:48-03:00,2026-08-28T03:18:48-03:00,2026-08-28T06:13:48+00:00,2026-08-28T06:18:48+00:00,-19.6875,-19.125,-19.40208,60,2026-08-28T03:16:08.249114-03:00
2763,2026-08-28T03:18:48-03:00,2026-08-28T03:23:48-03:00,2026-08-28T06:18:48+00:00,2026-08-28T06:23:48+00:00,-19.125,-18.625,-18.84063,60,2026-08-28T03:21:08.627694-03:00
2764,2026-08-28T03:23:48-03:00,2026-08-28T03:28:48-03:00,2026-08-28T06:23:48+00:00,2026-08-28T06:28:48+00:00,-18.5625,-18.125,-18.34792,60,2026-08-28T03:26:08.074667-03:00
2765,2026-08-28T03:28:48-03:00,2026-08-28T03:33:48-03:00,2026-08-28T06:28:48+00:00,2026-08-28T06:33:48+00:00,-18.125,-17.6875,-17.91562,60,2026-08-28T03:31:08.337409-03:00
2766,2026-08-28T03:33:48-03:00,2026-08-28T03:38:48-03:00,2026-08-28T06:33:48+00:00,2026-08-28T06:38:48+00:00,-17.6875,-17.375,-17.52708,60,2026-08-28T03:36:08.074946-03:00
2767,2026-08-28T03:38:48-03:00,2026-08-28T03:43:48-03:00,2026-08-28T06:38:48+00:00,2026-08-28T06:43:48+00:00,-17.3125,-17,-17.17083,60,2026-08-28T03:41:08.481839-03:00
2768,2026-08-28T03:43:48-03:00,2026-08-28T03:48:48-03:00,2026-08-28T06:43:48+00:00,2026-08-28T06:48:48+00:00,-17,-16.6875,-16.85104,60,2026-08-28T03:46:08.249700-03:00
2769,2026-08-28T03:48:48-03:00,2026-08-28T03:53:48-03:00,2026-08-28T06:48:48+00:00,2026-08-28T06:53:48+00:00,-16.6875,-16.4375,-16.55729,60,2026-08-28T03:51:08.641565-03:00
2770,2026-08-28T03:53:48-03:00,2026-08-28T03:58:48-03:00,2026-08-28T06:53:48+00:00,2026-08-28T06:58:48+00:00,-16.4375,-16.125,-16.27708,60,2026-08-28T03:56:08.685711-03:00
2771,2026-08-28T03:58:48-03:00,2026-08-28T04:03:48-03:00,2026-08-28T06:58:48+00:00,2026-08-28T07:03:48+00:00,-16.125,-15.875,-16.01667,60,2026-08-28T04:01:07.952882-03:00
2772,2026-08-28T04:03:48-03:00,2026-08-28T04:08:48-03:00,2026-08-28T07:03:48+00:00,2026-08-28T07:08:48+00:00,-15.875,-15.625,-15.76979,60,2026-08-28T04:06:08.433364-03:00
2773,2026-08-28T04:08:48-03:00,2026-08-28T04:13:48-03:00,2026-08-28T07:08:48+00:00,2026-08-28T07:13:48+00:00,-15.625,-15.4375,-15.52812,60,2026-08-28T04:11:08.259644-03:00
2774,2026-08-28T04:13:48-03:00,2026-08-28T04:18:49-03:00,2026-08-28T07:13:48+00:00,2026-08-28T07:18:49+00:00,-15.875,-15.25,-15.41667,60,2026-08-28T04:16:08.171004-03:00
2775,2026-08-28T04:18:49-03:00,2026-08-28T04:23:49-03:00,2026-08-28T07:18:49+00:00,2026-08-28T07:23:49+00:00,-17.875,-15.875,-16.82292,60,2026-08-28T04:21:07.882358-03:00
2776,2026-08-28T04:23:49-03:00,2026-08-28T04:28:49-03:00,2026-08-28T07:23:49+00:00,2026-08-28T07:28:49+00:00,-19.9375,-17.9375,-18.98333,60,2026-08-28T04:26:08.515877-03:00
2777,2026-08-28T04:28:49-03:00,2026-08-28T04:33:49-03:00,2026-08-28T07:28:49+00:00,2026-08-28T07:33:49+00:00,-21.4375,-20,-20.77083,60,2026-08-28T04:31:08.606548-03:00
2778,2026-08-28T04:33:49-03:00,2026-08-28T04:38:49-03:00,2026-08-28T07:33:49+00:00,2026-08-28T07:38:49+00:00,-22.5,-21.5,-22.02813,60,2026-08-28T04:36:08.918289-03:00
2779,2026-08-28T04:38:49-03:00,2026-08-28T04:43:49-03:00,2026-08-28T07:38:49+00:00,2026-08-28T07:43:49+00:00,-22.5625,-21.25,-21.88125,60,2026-08-28T04:41:08.285119-03:00
2780,2026-08-28T04:43:49-03:00,2026-08-28T04:48:49-03:00,2026-08-28T07:43:49+00:00,2026-08-28T07:48:49+00:00,-21.25,-20.3125,-20.76667,60,2026-08-28T04:46:08.679742-03:00
2781,2026-08-28T04:48:49-03:00,2026-08-28T04:53:49-03:00,2026-08-28T07:48:49+00:00,2026-08-28T07:53:49+00:00,-20.3125,-19.5625,-19.90313,60,2026-08-28T04:51:08.152224-03:00
2782,2026-08-28T04:53:49-03:00,2026-08-28T04:58:49-03:00,2026-08-28T07:53:49+00:00,2026-08-28T07:58:49+00:00,-19.5625,-19,-19.24479,60,2026-08-28T04:56:08.607231-03:00
2783,2026-08-28T04:58:49-03:00,2026-08-28T05:03:49-03:00,2026-08-28T07:58:49+00:00,2026-08-28T08:03:49+00:00,-18.9375,-18.4375,-18.70208,60,2026-08-28T05:01:08.387547-03:00
2784,2026-08-28T05:03:49-03:00,2026-08-28T05:08:49-03:00,2026-08-28T08:03:49+00:00,2026-08-28T08:08:49+00:00,-18.4375,-18,-18.22292,60,2026-08-28T05:06:08.524719-03:00
2785,2026-08-28T05:08:49-03:00,2026-08-28T05:13:49-03:00,2026-08-28T08:08:49+00:00,2026-08-28T08:13:49+00:00,-18,-17.625,-17.79792,60,2026-08-28T05:11:08.007422-03:00
2786,2026-08-28T05:13:49-03:00,2026-08-28T05:18:49-03:00,2026-08-28T08:13:49+00:00,2026-08-28T08:18:49+00:00,-17.625,-17.25,-17.42292,60,2026-08-28T05:16:08.870986-03:00
2787,2026-08-28T05:18:49-03:00,2026-08-28T05:23:49-03:00,2026-08-28T08:18:49+00:00,2026-08-28T08:23:49+00:00,-17.25,-16.9375,-17.07813,60,2026-08-28T05:21:08.148641-03:00
2788,2026-08-28T05:23:49-03:00,2026-08-28T05:28:49-03:00,2026-08-28T08:23:49+00:00,2026-08-28T08:28:49+00:00,-16.9375,-16.625,-16.75937,60,2026-08-28T05:26:08.780067-03:00
2789,2026-08-28T05:28:49-03:00,2026-08-28T05:33:49-03:00,2026-08-28T08:28:49+00:00,2026-08-28T08:33:49+00:00,-16.625,-16.3125,-16.47292,60,2026-08-28T05:31:08.462380-03:00
2790,2026-08-28T05:33:49-03:00,2026-08-28T05:38:49-03:00,2026-08-28T08:33:49+00:00,2026-08-28T08:38:49+00:00,-16.3125,-16.0625,-16.19687,60,2026-08-28T05:36:08.520701-03:00
2791,2026-08-28T05:38:49-03:00,2026-08-28T05:43:49-03:00,2026-08-28T08:38:49+00:00,2026-08-28T08:43:49+00:00,-16.0625,-15.8125,-15.94063,60,2026-08-28T05:41:08.737494-03:00
2792,2026-08-28T05:43:49-03:00,2026-08-28T05:48:49-03:00,2026-08-28T08:43:49+00:00,2026-08-28T08:48:49+00:00,-15.8125,-15.5625,-15.69375,60,2026-08-28T05:46:08.383487-03:00
2793,2026-08-28T05:48:49-03:00,2026-08-28T05:53:49-03:00,2026-08-28T08:48:49+00:00,2026-08-28T08:53:49+00:00,-15.5625,-15.3125,-15.45729,60,2026-08-28T05:51:08.424987-03:00
2794,2026-08-28T05:53:49-03:00,2026-08-28T05:58:49-03:00,2026-08-28T08:53:49+00:00,2026-08-28T08:58:49+00:00,-15.625,-15.1875,-15.29896,60,2026-08-28T05:56:08.492659-03:00
2795,2026-08-28T05:58:49-03:00,2026-08-28T06:03:49-03:00,2026-08-28T08:58:49+00:00,2026-08-28T09:03:49+00:00,-17.625,-15.6875,-16.58021,60,2026-08-28T06:01:08.658191-03:00
2796,2026-08-28T06:03:49-03:00,2026-08-28T06:08:49-03:00,2026-08-28T09:03:49+00:00,2026-08-28T09:08:49+00:00,-19.75,-17.6875,-18.74063,60,2026-08-28T06:06:08.458666-03:00
2797,2026-08-28T06:08:49-03:00,2026-08-28T06:13:49-03:00,2026-08-28T09:08:49+00:00,2026-08-28T09:13:49+00:00,-21.3125,-19.8125,-20.58438,60,2026-08-28T06:11:08.607543-03:00
2798,2026-08-28T06:13:49-03:00,2026-08-28T06:18:49-03:00,2026-08-28T09:13:49+00:00,2026-08-28T09:18:49+00:00,-22.375,-21.3125,-21.89375,60,2026-08-28T06:16:09.309227-03:00
2799,2026-08-28T06:18:49-03:00,2026-08-28T06:23:49-03:00,2026-08-28T09:18:49+00:00,2026-08-28T09:23:49+00:00,-22.5,-21.375,-21.99167,60,2026-08-28T06:21:08.320137-03:00
2800,2026-08-28T06:23:49-03:00,2026-08-28T06:28:49-03:00,2026-08-28T09:23:49+00:00,2026-08-28T09:28:49+00:00,-21.3125,-20.375,-20.83854,60,2026-08-28T06:26:09.045934-03:00
2801,2026-08-28T06:28:49-03:00,2026-08-28T06:33:50-03:00,2026-08-28T09:28:49+00:00,2026-08-28T09:33:50+00:00,-20.375,-19.5625,-19.94896,60,2026-08-28T06:31:08.535482-03:00
2802,2026-08-28T06:33:50-03:00,2026-08-28T06:38:50-03:00,2026-08-28T09:33:50+00:00,2026-08-28T09:38:50+00:00,-19.5625,-19,-19.26667,60,2026-08-28T06:36:09.604602-03:00
2803,2026-08-28T06:38:50-03:00,2026-08-28T06:43:50-03:00,2026-08-28T09:38:50+00:00,2026-08-28T09:43:50+00:00,-19,-18.4375,-18.71875,60,2026-08-28T06:41:08.655134-03:00
2804,2026-08-28T06:43:50-03:00,2026-08-28T06:48:50-03:00,2026-08-28T09:43:50+00:00,2026-08-28T09:48:50+00:00,-18.5,-18,-18.23333,60,2026-08-28T06:46:08.488069-03:00
2805,2026-08-28T06:48:50-03:00,2026-08-28T06:53:50-03:00,2026-08-28T09:48:50+00:00,2026-08-28T09:53:50+00:00,-18,-17.625,-17.80625,60,2026-08-28T06:51:08.639613-03:00
2806,2026-08-28T06:53:50-03:00,2026-08-28T06:58:50-03:00,2026-08-28T09:53:50+00:00,2026-08-28T09:58:50+00:00,-17.625,-17.25,-17.42604,60,2026-08-28T06:56:09.280883-03:00
2807,2026-08-28T06:58:50-03:00,2026-08-28T07:03:50-03:00,2026-08-28T09:58:50+00:00,2026-08-28T10:03:50+00:00,-17.25,-16.9375,-17.08333,60,2026-08-28T07:01:08.477100-03:00
2808,2026-08-28T07:03:50-03:00,2026-08-28T07:08:50-03:00,2026-08-28T10:03:50+00:00,2026-08-28T10:08:50+00:00,-16.9375,-16.625,-16.76354,60,2026-08-28T07:06:08.550268-03:00
2809,2026-08-28T07:08:50-03:00,2026-08-28T07:13:50-03:00,2026-08-28T10:08:50+00:00,2026-08-28T10:13:50+00:00,-16.625,-16.375,-16.49063,60,2026-08-28T07:11:09.102885-03:00
2810,2026-08-28T07:13:50-03:00,2026-08-28T07:18:50-03:00,2026-08-28T10:13:50+00:00,2026-08-28T10:18:50+00:00,-16.375,-16.0625,-16.21875,60,2026-08-28T07:16:08.697786-03:00
2811,2026-08-28T07:18:50-03:00,2026-08-28T07:23:50-03:00,2026-08-28T10:18:50+00:00,2026-08-28T10:23:50+00:00,-16.125,-15.875,-15.96458,60,2026-08-28T07:21:08.790878-03:00
2812,2026-08-28T07:23:50-03:00,2026-08-28T07:28:50-03:00,2026-08-28T10:23:50+00:00,2026-08-28T10:28:50+00:00,-15.8125,-15.625,-15.72083,60,2026-08-28T07:26:08.861251-03:00
2813,2026-08-28T07:28:50-03:00,2026-08-28T07:33:50-03:00,2026-08-28T10:28:50+00:00,2026-08-28T10:33:50+00:00,-15.625,-15.375,-15.49167,60,2026-08-28T07:31:09.089885-03:00
2814,2026-08-28T07:33:50-03:00,2026-08-28T07:38:50-03:00,2026-08-28T10:33:50+00:00,2026-08-28T10:38:50+00:00,-15.375,-15.1875,-15.275,60,2026-08-28T07:36:08.529697-03:00
2815,2026-08-28T07:38:50-03:00,2026-08-28T07:43:50-03:00,2026-08-28T10:38:50+00:00,2026-08-28T10:43:50+00:00,-16.9375,-15.1875,-16.03125,60,2026-08-28T07:41:08.818054-03:00
2816,2026-08-28T07:43:50-03:00,2026-08-28T07:48:50-03:00,2026-08-28T10:43:50+00:00,2026-08-28T10:48:50+00:00,-19.125,-17,-18.05729,60,2026-08-28T07:46:08.910314-03:00
2817,2026-08-28T07:48:50-03:00,2026-08-28T07:53:50-03:00,2026-08-28T10:48:50+00:00,2026-08-28T10:53:50+00:00,-20.875,-19.1875,-20.05104,60,2026-08-28T07:51:08.742770-03:00
2818,2026-08-28T07:53:50-03:00,2026-08-28T07:58:50-03:00,2026-08-28T10:53:50+00:00,2026-08-28T10:58:50+00:00,-22.0625,-20.875,-21.51979,60,2026-08-28T07:56:08.960709-03:00
2819,2026-08-28T07:58:50-03:00,2026-08-28T08:03:50-03:00,2026-08-28T10:58:50+00:00,2026-08-28T11:03:50+00:00,-22.625,-22,-22.35208,60,2026-08-28T08:01:09.231191-03:00
2820,2026-08-28T08:03:50-03:00,2026-08-28T08:08:50-03:00,2026-08-28T11:03:50+00:00,2026-08-28T11:08:50+00:00,-21.9375,-20.8125,-21.35938,60,2026-08-28T08:06:09.187186-03:00
2821,2026-08-28T08:08:50-03:00,2026-08-28T08:13:50-03:00,2026-08-28T11:08:50+00:00,2026-08-28T11:13:50+00:00,-20.8125,-19.9375,-20.37083,60,2026-08-28T08:11:08.872450-03:00
2822,2026-08-28T08:13:50-03:00,2026-08-28T08:18:50-03:00,2026-08-28T11:13:50+00:00,2026-08-28T11:18:50+00:00,-19.9375,-19.3125,-19.59063,60,2026-08-28T08:16:09.540429-03:00
2823,2026-08-28T08:18:50-03:00,2026-08-28T08:23:50-03:00,2026-08-28T11:18:50+00:00,2026-08-28T11:23:50+00:00,-19.25,-18.75,-19.00312,60,2026-08-28T08:21:12.669940-03:00
2824,2026-08-28T08:23:50-03:00,2026-08-28T08:28:50-03:00,2026-08-28T11:23:50+00:00,2026-08-28T11:28:50+00:00,-18.75,-18.25,-18.49576,59,2026-08-28T08:26:09.081913-03:00
2825,2026-08-28T08:28:50-03:00,2026-08-28T08:33:50-03:00,2026-08-28T11:28:50+00:00,2026-08-28T11:33:50+00:00,-18.25,-17.875,-18.04583,60,2026-08-28T08:31:08.902882-03:00
2826,2026-08-28T08:33:50-03:00,2026-08-28T08:38:50-03:00,2026-08-28T11:33:50+00:00,2026-08-28T11:38:50+00:00,-17.8125,-17.5,-17.64896,60,2026-08-28T08:36:10.151732-03:00
2827,2026-08-28T08:38:50-03:00,2026-08-28T08:43:50-03:00,2026-08-28T11:38:50+00:00,2026-08-28T11:43:50+00:00,-17.4375,-17.125,-17.29271,60,2026-08-28T08:41:08.805497-03:00
2828,2026-08-28T08:43:50-03:00,2026-08-28T08:48:51-03:00,2026-08-28T11:43:50+00:00,2026-08-28T11:48:51+00:00,-17.125,-16.8125,-16.97083,60,2026-08-28T08:46:09.245185-03:00
2829,2026-08-28T08:48:51-03:00,2026-08-28T08:53:51-03:00,2026-08-28T11:48:51+00:00,2026-08-28T11:53:51+00:00,-16.8125,-16.5625,-16.68021,60,2026-08-28T08:51:08.977948-03:00
2830,2026-08-28T08:53:51-03:00,2026-08-28T08:58:51-03:00,2026-08-28T11:53:51+00:00,2026-08-28T11:58:51+00:00,-16.5625,-16.25,-16.41458,60,2026-08-28T08:56:09.091491-03:00
2831,2026-08-28T08:58:51-03:00,2026-08-28T09:03:51-03:00,2026-08-28T11:58:51+00:00,2026-08-28T12:03:51+00:00,-16.3125,-16.0625,-16.16042,60,2026-08-28T09:01:08.985620-03:00
2832,2026-08-28T09:03:51-03:00,2026-08-28T09:08:51-03:00,2026-08-28T12:03:51+00:00,2026-08-28T12:08:51+00:00,-16,-15.8125,-15.91875,60,2026-08-28T09:06:11.067797-03:00
2833,2026-08-28T09:08:51-03:00,2026-08-28T09:13:51-03:00,2026-08-28T12:08:51+00:00,2026-08-28T12:13:51+00:00,-15.8125,-15.5625,-15.68854,60,2026-08-28T09:11:08.783131-03:00
2834,2026-08-28T09:13:51-03:00,2026-08-28T09:18:51-03:00,2026-08-28T12:13:51+00:00,2026-08-28T12:18:51+00:00,-15.5625,-15.375,-15.46771,60,2026-08-28T09:16:09.215805-03:00
2835,2026-08-28T09:18:51-03:00,2026-08-28T09:23:51-03:00,2026-08-28T12:18:51+00:00,2026-08-28T12:23:51+00:00,-15.375,-15.1875,-15.26042,60,2026-08-28T09:21:08.837140-03:00
2836,2026-08-28T09:23:51-03:00,2026-08-28T09:28:51-03:00,2026-08-28T12:23:51+00:00,2026-08-28T12:28:51+00:00,-16.125,-15.0625,-15.41771,60,2026-08-28T09:26:08.961110-03:00
2837,2026-08-28T09:28:51-03:00,2026-08-28T09:33:51-03:00,2026-08-28T12:28:51+00:00,2026-08-28T12:33:51+00:00,-18.3125,-16.125,-17.19271,60,2026-08-28T09:31:09.343544-03:00
2838,2026-08-28T09:33:51-03:00,2026-08-28T09:38:51-03:00,2026-08-28T12:33:51+00:00,2026-08-28T12:38:51+00:00,-20.25,-18.375,-19.35312,60,2026-08-28T09:36:10.104638-03:00
2839,2026-08-28T09:38:51-03:00,2026-08-28T09:43:51-03:00,2026-08-28T12:38:51+00:00,2026-08-28T12:43:51+00:00,-21.6875,-20.3125,-21.03854,60,2026-08-28T09:41:09.224110-03:00
2840,2026-08-28T09:43:51-03:00,2026-08-28T09:48:51-03:00,2026-08-28T12:43:51+00:00,2026-08-28T12:48:51+00:00,-22.375,-21.6875,-22.06667,60,2026-08-28T09:46:09.032735-03:00
2841,2026-08-28T09:48:51-03:00,2026-08-28T09:53:51-03:00,2026-08-28T12:48:51+00:00,2026-08-28T12:53:51+00:00,-21.8125,-20.6875,-21.20104,60,2026-08-28T09:51:09.315875-03:00
2842,2026-08-28T09:53:51-03:00,2026-08-28T09:58:51-03:00,2026-08-28T12:53:51+00:00,2026-08-28T12:58:51+00:00,-20.625,-19.8125,-20.20938,60,2026-08-28T09:56:08.959705-03:00
2843,2026-08-28T09:58:51-03:00,2026-08-28T10:03:51-03:00,2026-08-28T12:58:51+00:00,2026-08-28T13:03:51+00:00,-19.8125,-19.125,-19.43438,60,2026-08-28T10:01:09.245756-03:00
2844,2026-08-28T10:03:51-03:00,2026-08-28T10:08:51-03:00,2026-08-28T13:03:51+00:00,2026-08-28T13:08:51+00:00,-19.125,-18.625,-18.84687,60,2026-08-28T10:06:09.689531-03:00
2845,2026-08-28T10:08:51-03:00,2026-08-28T10:13:51-03:00,2026-08-28T13:08:51+00:00,2026-08-28T13:13:51+00:00,-18.5625,-18.125,-18.33958,60,2026-08-28T10:11:08.835378-03:00
2846,2026-08-28T10:13:51-03:00,2026-08-28T10:18:51-03:00,2026-08-28T13:13:51+00:00,2026-08-28T13:18:51+00:00,-18.125,-17.6875,-17.88542,60,2026-08-28T10:16:09.266048-03:00
2847,2026-08-28T10:18:51-03:00,2026-08-28T10:23:51-03:00,2026-08-28T13:18:51+00:00,2026-08-28T13:23:51+00:00,-17.6875,-17.3125,-17.49063,60,2026-08-28T10:21:08.845664-03:00
2848,2026-08-28T10:23:51-03:00,2026-08-28T10:28:51-03:00,2026-08-28T13:23:51+00:00,2026-08-28T13:28:51+00:00,-17.3125,-17,-17.13958,60,2026-08-28T10:26:09.930263-03:00
2849,2026-08-28T10:28:51-03:00,2026-08-28T10:33:51-03:00,2026-08-28T13:28:51+00:00,2026-08-28T13:33:51+00:00,-17,-16.625,-16.8125,60,2026-08-28T10:31:09.120139-03:00
2850,2026-08-28T10:33:51-03:00,2026-08-28T10:38:51-03:00,2026-08-28T13:33:51+00:00,2026-08-28T13:38:51+00:00,-16.625,-16.375,-16.52083,60,2026-08-28T10:36:19.424140-03:00
2851,2026-08-28T10:38:51-03:00,2026-08-28T10:43:51-03:00,2026-08-28T13:38:51+00:00,2026-08-28T13:43:51+00:00,-16.375,-16.125,-16.24461,58,2026-08-28T10:41:09.110102-03:00
2852,2026-08-28T10:43:51-03:00,2026-08-28T10:48:51-03:00,2026-08-28T13:43:51+00:00,2026-08-28T13:48:51+00:00,-16.125,-15.875,-15.98854,60,2026-08-28T10:46:09.414700-03:00
2853,2026-08-28T10:48:51-03:00,2026-08-28T10:53:51-03:00,2026-08-28T13:48:51+00:00,2026-08-28T13:53:51+00:00,-15.875,-15.625,-15.74271,60,2026-08-28T10:51:09.409049-03:00
2854,2026-08-28T10:53:51-03:00,2026-08-28T10:58:51-03:00,2026-08-28T13:53:51+00:00,2026-08-28T13:58:51+00:00,-15.625,-15.375,-15.50625,60,2026-08-28T10:56:09.233466-03:00
2855,2026-08-28T10:58:51-03:00,2026-08-28T11:03:51-03:00,2026-08-28T13:58:51+00:00,2026-08-28T14:03:51+00:00,-15.375,-15.1875,-15.28021,60,2026-08-28T11:01:09.332161-03:00
2856,2026-08-28T11:03:51-03:00,2026-08-28T11:08:52-03:00,2026-08-28T14:03:51+00:00,2026-08-28T14:08:52+00:00,-15.75,-15.0625,-15.22917,60,2026-08-28T11:06:09.642867-03:00
2857,2026-08-28T11:08:52-03:00,2026-08-28T11:13:52-03:00,2026-08-28T14:08:52+00:00,2026-08-28T14:13:52+00:00,-17.8125,-15.75,-16.74063,60,2026-08-28T11:11:09.927350-03:00
2858,2026-08-28T11:13:52-03:00,2026-08-28T11:18:52-03:00,2026-08-28T14:13:52+00:00,2026-08-28T14:18:52+00:00,-19.875,-17.875,-18.90625,60,2026-08-28T11:16:47.433214-03:00
2859,2026-08-28T11:18:52-03:00,2026-08-28T11:23:52-03:00,2026-08-28T14:18:52+00:00,2026-08-28T14:23:52+00:00,-21.375,-20.0625,-20.76415,53,2026-08-28T11:21:09.299384-03:00
2860,2026-08-28T11:23:52-03:00,2026-08-28T11:28:52-03:00,2026-08-28T14:23:52+00:00,2026-08-28T14:28:52+00:00,-22.4375,-21.375,-21.9375,60,2026-08-28T11:26:09.343021-03:00
2861,2026-08-28T11:28:52-03:00,2026-08-28T11:33:52-03:00,2026-08-28T14:28:52+00:00,2026-08-28T14:33:52+00:00,-22.4375,-21.125,-21.73229,60,2026-08-28T11:31:09.278195-03:00
2862,2026-08-28T11:33:52-03:00,2026-08-28T11:38:52-03:00,2026-08-28T14:33:52+00:00,2026-08-28T14:38:52+00:00,-21.0625,-20.125,-20.58333,60,2026-08-28T11:36:09.332336-03:00
2863,2026-08-28T11:38:52-03:00,2026-08-28T11:43:52-03:00,2026-08-28T14:38:52+00:00,2026-08-28T14:43:52+00:00,-20.125,-19.3125,-19.69896,60,2026-08-28T11:41:09.297339-03:00
2864,2026-08-28T11:43:52-03:00,2026-08-28T11:48:52-03:00,2026-08-28T14:43:52+00:00,2026-08-28T14:48:52+00:00,-19.3125,-18.75,-19.01667,60,2026-08-28T11:46:09.259094-03:00
2865,2026-08-28T11:48:52-03:00,2026-08-28T11:53:52-03:00,2026-08-28T14:48:52+00:00,2026-08-28T14:53:52+00:00,-18.75,-18.1875,-18.46146,60,2026-08-28T11:51:09.100663-03:00
2866,2026-08-28T11:53:52-03:00,2026-08-28T11:58:52-03:00,2026-08-28T14:53:52+00:00,2026-08-28T14:58:52+00:00,-18.1875,-17.75,-17.96667,60,2026-08-28T11:56:09.940058-03:00
2867,2026-08-28T11:58:52-03:00,2026-08-28T12:03:52-03:00,2026-08-28T14:58:52+00:00,2026-08-28T15:03:52+00:00,-17.75,-17.3125,-17.53021,60,2026-08-28T12:01:09.586177-03:00
2868,2026-08-28T12:03:52-03:00,2026-08-28T12:08:52-03:00,2026-08-28T15:03:52+00:00,2026-08-28T15:08:52+00:00,-17.3125,-16.9375,-17.14063,60,2026-08-28T12:06:09.817142-03:00
2869,2026-08-28T12:08:52-03:00,2026-08-28T12:13:52-03:00,2026-08-28T15:08:52+00:00,2026-08-28T15:13:52+00:00,-16.9375,-16.625,-16.78542,60,2026-08-28T12:11:09.344779-03:00
2870,2026-08-28T12:13:52-03:00,2026-08-28T12:18:52-03:00,2026-08-28T15:13:52+00:00,2026-08-28T15:18:52+00:00,-16.625,-16.3125,-16.47083,60,2026-08-28T12:16:09.625290-03:00
2871,2026-08-28T12:18:52-03:00,2026-08-28T12:23:52-03:00,2026-08-28T15:18:52+00:00,2026-08-28T15:23:52+00:00,-16.3125,-16,-16.17188,60,2026-08-28T12:21:09.122682-03:00
2872,2026-08-28T12:23:52-03:00,2026-08-28T12:28:52-03:00,2026-08-28T15:23:52+00:00,2026-08-28T15:28:52+00:00,-16,-15.75,-15.88542,60,2026-08-28T12:26:09.233745-03:00
2873,2026-08-28T12:28:52-03:00,2026-08-28T12:33:52-03:00,2026-08-28T15:28:52+00:00,2026-08-28T15:33:52+00:00,-16.375,-15.5625,-15.80937,60,2026-08-28T12:31:10.264307-03:00
2874,2026-08-28T12:33:52-03:00,2026-08-28T12:38:52-03:00,2026-08-28T15:33:52+00:00,2026-08-28T15:38:52+00:00,-18.375,-16.4375,-17.36146,60,2026-08-28T12:36:09.782650-03:00
2875,2026-08-28T12:38:52-03:00,2026-08-28T12:43:52-03:00,2026-08-28T15:38:52+00:00,2026-08-28T15:43:52+00:00,-20.25,-18.4375,-19.38347,59,2026-08-28T12:41:09.866718-03:00
2876,2026-08-28T12:43:52-03:00,2026-08-28T12:48:52-03:00,2026-08-28T15:43:52+00:00,2026-08-28T15:48:52+00:00,-21.625,-20.25,-20.98333,60,2026-08-28T12:46:09.393070-03:00
2877,2026-08-28T12:48:52-03:00,2026-08-28T12:53:52-03:00,2026-08-28T15:48:52+00:00,2026-08-28T15:53:52+00:00,-22.5625,-21.625,-22.11667,60,2026-08-28T12:51:09.623220-03:00
2878,2026-08-28T12:53:52-03:00,2026-08-28T12:58:52-03:00,2026-08-28T15:53:52+00:00,2026-08-28T15:58:52+00:00,-23.25,-22.5625,-22.91667,60,2026-08-28T12:56:09.417134-03:00
2879,2026-08-28T12:58:52-03:00,2026-08-28T13:03:52-03:00,2026-08-28T15:58:52+00:00,2026-08-28T16:03:52+00:00,-23.6875,-23.25,-23.49167,60,2026-08-28T13:01:09.494966-03:00
2880,2026-08-28T13:03:52-03:00,2026-08-28T13:08:52-03:00,2026-08-28T16:03:52+00:00,2026-08-28T16:08:52+00:00,-24.125,-23.75,-23.92292,60,2026-08-28T13:06:09.419141-03:00
2881,2026-08-28T13:08:52-03:00,2026-08-28T13:13:52-03:00,2026-08-28T16:08:52+00:00,2026-08-28T16:13:52+00:00,-24.4375,-24.125,-24.26563,60,2026-08-28T13:11:09.805213-03:00
2882,2026-08-28T13:13:52-03:00,2026-08-28T13:18:52-03:00,2026-08-28T16:13:52+00:00,2026-08-28T16:18:52+00:00,-24.6875,-24.4375,-24.54583,60,2026-08-28T13:16:09.723893-03:00
2883,2026-08-28T13:18:52-03:00,2026-08-28T13:23:53-03:00,2026-08-28T16:18:52+00:00,2026-08-28T16:23:53+00:00,-24.875,-24.6875,-24.77917,60,2026-08-28T13:21:09.733037-03:00
2884,2026-08-28T13:23:53-03:00,2026-08-28T13:28:53-03:00,2026-08-28T16:23:53+00:00,2026-08-28T16:28:53+00:00,-25,-24.3125,-24.83438,60,2026-08-28T13:26:09.782604-03:00
2885,2026-08-28T13:28:53-03:00,2026-08-28T13:33:53-03:00,2026-08-28T16:28:53+00:00,2026-08-28T16:33:53+00:00,-24.3125,-23.0625,-23.63854,60,2026-08-28T13:31:09.783278-03:00
2886,2026-08-28T13:33:53-03:00,2026-08-28T13:38:53-03:00,2026-08-28T16:33:53+00:00,2026-08-28T16:38:53+00:00,-23.0625,-22.0625,-22.52604,60,2026-08-28T13:36:09.658994-03:00
2887,2026-08-28T13:38:53-03:00,2026-08-28T13:43:53-03:00,2026-08-28T16:38:53+00:00,2026-08-28T16:43:53+00:00,-22.0625,-21.3125,-21.64271,60,2026-08-28T13:41:09.886104-03:00
2888,2026-08-28T13:43:53-03:00,2026-08-28T13:48:53-03:00,2026-08-28T16:43:53+00:00,2026-08-28T16:48:53+00:00,-21.25,-20.625,-20.94583,60,2026-08-28T13:46:09.476916-03:00
2889,2026-08-28T13:48:53-03:00,2026-08-28T13:53:53-03:00,2026-08-28T16:48:53+00:00,2026-08-28T16:53:53+00:00,-20.625,-20.0625,-20.3375,60,2026-08-28T13:51:09.784880-03:00
2890,2026-08-28T13:53:53-03:00,2026-08-28T13:58:53-03:00,2026-08-28T16:53:53+00:00,2026-08-28T16:58:53+00:00,-20.0625,-19.5625,-19.78958,60,2026-08-28T13:56:09.464826-03:00
2891,2026-08-28T13:58:53-03:00,2026-08-28T14:03:53-03:00,2026-08-28T16:58:53+00:00,2026-08-28T17:03:53+00:00,-19.5,-19.0625,-19.3,60,2026-08-28T14:01:09.828047-03:00
2892,2026-08-28T14:03:53-03:00,2026-08-28T14:08:53-03:00,2026-08-28T17:03:53+00:00,2026-08-28T17:08:53+00:00,-19.0625,-18.625,-18.85312,60,2026-08-28T14:06:09.634230-03:00
2893,2026-08-28T14:08:53-03:00,2026-08-28T14:13:53-03:00,2026-08-28T17:08:53+00:00,2026-08-28T17:13:53+00:00,-18.625,-18.25,-18.44479,60,2026-08-28T14:11:10.010845-03:00
2894,2026-08-28T14:13:53-03:00,2026-08-28T14:18:53-03:00,2026-08-28T17:13:53+00:00,2026-08-28T17:18:53+00:00,-18.25,-17.875,-18.06667,60,2026-08-28T14:16:09.543611-03:00
2895,2026-08-28T14:18:53-03:00,2026-08-28T14:23:53-03:00,2026-08-28T17:18:53+00:00,2026-08-28T17:23:53+00:00,-19.3125,-17.8125,-18.46979,60,2026-08-28T14:21:09.583168-03:00
2896,2026-08-28T14:23:53-03:00,2026-08-28T14:28:53-03:00,2026-08-28T17:23:53+00:00,2026-08-28T17:28:53+00:00,-20.9375,-19.3125,-20.14688,60,2026-08-28T14:26:09.665340-03:00
2897,2026-08-28T14:28:53-03:00,2026-08-28T14:33:53-03:00,2026-08-28T17:28:53+00:00,2026-08-28T17:33:53+00:00,-22.25,-21,-21.65104,60,2026-08-28T14:31:11.727401-03:00
2898,2026-08-28T14:33:53-03:00,2026-08-28T14:38:53-03:00,2026-08-28T17:33:53+00:00,2026-08-28T17:38:53+00:00,-23.1875,-22.3125,-22.75937,60,2026-08-28T14:36:09.425809-03:00
2899,2026-08-28T14:38:53-03:00,2026-08-28T14:43:53-03:00,2026-08-28T17:38:53+00:00,2026-08-28T17:43:53+00:00,-23.8125,-23.1875,-23.53229,60,2026-08-28T14:41:10.229332-03:00
2900,2026-08-28T14:43:53-03:00,2026-08-28T14:48:53-03:00,2026-08-28T17:43:53+00:00,2026-08-28T17:48:53+00:00,-24.3125,-23.875,-24.09167,60,2026-08-28T14:46:09.518473-03:00
2901,2026-08-28T14:48:53-03:00,2026-08-28T14:53:53-03:00,2026-08-28T17:48:53+00:00,2026-08-28T17:53:53+00:00,-24.6875,-24.3125,-24.51563,60,2026-08-28T14:51:09.739345-03:00
2902,2026-08-28T14:53:53-03:00,2026-08-28T14:58:53-03:00,2026-08-28T17:53:53+00:00,2026-08-28T17:58:53+00:00,-25,-24.6875,-24.84271,60,2026-08-28T14:56:09.799171-03:00
2903,2026-08-28T14:58:53-03:00,2026-08-28T15:03:53-03:00,2026-08-28T17:58:53+00:00,2026-08-28T18:03:53+00:00,-25.25,-25,-25.11042,60,2026-08-28T15:01:10.069735-03:00
2904,2026-08-28T15:03:53-03:00,2026-08-28T15:08:53-03:00,2026-08-28T18:03:53+00:00,2026-08-28T18:08:53+00:00,-25.125,-23.8125,-24.425,60,2026-08-28T15:06:10.180264-03:00
2905,2026-08-28T15:08:53-03:00,2026-08-28T15:13:53-03:00,2026-08-28T18:08:53+00:00,2026-08-28T18:13:53+00:00,-23.8125,-22.75,-23.2625,60,2026-08-28T15:11:09.632848-03:00
2906,2026-08-28T15:13:53-03:00,2026-08-28T15:18:53-03:00,2026-08-28T18:13:53+00:00,2026-08-28T18:18:53+00:00,-22.75,-22,-22.35312,60,2026-08-28T15:16:09.932388-03:00
2907,2026-08-28T15:18:53-03:00,2026-08-28T15:23:53-03:00,2026-08-28T18:18:53+00:00,2026-08-28T18:23:53+00:00,-21.9375,-21.3125,-21.63125,60,2026-08-28T15:21:10.158915-03:00
2908,2026-08-28T15:23:53-03:00,2026-08-28T15:28:53-03:00,2026-08-28T18:23:53+00:00,2026-08-28T18:28:53+00:00,-21.3125,-20.6875,-21.00312,60,2026-08-28T15:26:10.169614-03:00
2909,2026-08-28T15:28:53-03:00,2026-08-28T15:33:54-03:00,2026-08-28T18:28:53+00:00,2026-08-28T18:33:54+00:00,-20.6875,-20.1875,-20.43438,60,2026-08-28T15:31:09.793408-03:00
2910,2026-08-28T15:33:54-03:00,2026-08-28T15:38:54-03:00,2026-08-28T18:33:54+00:00,2026-08-28T18:38:54+00:00,-20.1875,-19.6875,-19.91667,60,2026-08-28T15:36:10.186815-03:00
2911,2026-08-28T15:38:54-03:00,2026-08-28T15:43:54-03:00,2026-08-28T18:38:54+00:00,2026-08-28T18:43:54+00:00,-19.6875,-19.1875,-19.44896,60,2026-08-28T15:41:10.449833-03:00
2912,2026-08-28T15:43:54-03:00,2026-08-28T15:48:54-03:00,2026-08-28T18:43:54+00:00,2026-08-28T18:48:54+00:00,-19.25,-18.8125,-19.01667,60,2026-08-28T15:46:10.336672-03:00
2913,2026-08-28T15:48:54-03:00,2026-08-28T15:53:54-03:00,2026-08-28T18:48:54+00:00,2026-08-28T18:53:54+00:00,-18.8125,-18.4375,-18.62083,60,2026-08-28T15:51:09.539807-03:00
2914,2026-08-28T15:53:54-03:00,2026-08-28T15:58:54-03:00,2026-08-28T18:53:54+00:00,2026-08-28T18:58:54+00:00,-19.8125,-18.375,-19.06042,60,2026-08-28T15:56:10.789709-03:00
2915,2026-08-28T15:58:54-03:00,2026-08-28T16:03:54-03:00,2026-08-28T18:58:54+00:00,2026-08-28T19:03:54+00:00,-21.375,-19.875,-20.62708,60,2026-08-28T16:01:10.077640-03:00
2916,2026-08-28T16:03:54-03:00,2026-08-28T16:08:54-03:00,2026-08-28T19:03:54+00:00,2026-08-28T19:08:54+00:00,-22.625,-21.4375,-22.04896,60,2026-08-28T16:06:10.372487-03:00
2917,2026-08-28T16:08:54-03:00,2026-08-28T16:13:54-03:00,2026-08-28T19:08:54+00:00,2026-08-28T19:13:54+00:00,-23.5,-22.625,-23.08646,60,2026-08-28T16:11:09.761756-03:00
2918,2026-08-28T16:13:54-03:00,2026-08-28T16:18:54-03:00,2026-08-28T19:13:54+00:00,2026-08-28T19:18:54+00:00,-24.125,-23.5,-23.81562,60,2026-08-28T16:16:10.172767-03:00
2919,2026-08-28T16:18:54-03:00,2026-08-28T16:23:54-03:00,2026-08-28T19:18:54+00:00,2026-08-28T19:23:54+00:00,-24.5625,-24.125,-24.33229,60,2026-08-28T16:21:10.289146-03:00
2920,2026-08-28T16:23:54-03:00,2026-08-28T16:28:54-03:00,2026-08-28T19:23:54+00:00,2026-08-28T19:28:54+00:00,-24.875,-24.5625,-24.72187,60,2026-08-28T16:26:10.081923-03:00
2921,2026-08-28T16:28:54-03:00,2026-08-28T16:33:54-03:00,2026-08-28T19:28:54+00:00,2026-08-28T19:33:54+00:00,-25.1875,-24.9375,-25.05729,60,2026-08-28T16:31:10.109896-03:00
2922,2026-08-28T16:33:54-03:00,2026-08-28T16:38:54-03:00,2026-08-28T19:33:54+00:00,2026-08-28T19:38:54+00:00,-25.4375,-25.1875,-25.31771,60,2026-08-28T16:36:09.833251-03:00
2923,2026-08-28T16:38:54-03:00,2026-08-28T16:43:54-03:00,2026-08-28T19:38:54+00:00,2026-08-28T19:43:54+00:00,-25.5625,-24.9375,-25.37604,60,2026-08-28T16:41:10.139461-03:00
2924,2026-08-28T16:43:54-03:00,2026-08-28T16:48:54-03:00,2026-08-28T19:43:54+00:00,2026-08-28T19:48:54+00:00,-24.875,-23.75,-24.31146,60,2026-08-28T16:46:10.301272-03:00
2925,2026-08-28T16:48:54-03:00,2026-08-28T16:53:54-03:00,2026-08-28T19:48:54+00:00,2026-08-28T19:53:54+00:00,-23.75,-22.875,-23.30313,60,2026-08-28T16:51:19.093682-03:00
2926,2026-08-28T16:53:54-03:00,2026-08-28T16:58:54-03:00,2026-08-28T19:53:54+00:00,2026-08-28T19:58:54+00:00,-22.8125,-22.125,-22.48815,58,2026-08-28T16:56:10.019492-03:00
2927,2026-08-28T16:58:54-03:00,2026-08-28T17:03:54-03:00,2026-08-28T19:58:54+00:00,2026-08-28T20:03:54+00:00,-22.125,-21.5,-21.81771,60,2026-08-28T17:01:10.152244-03:00
2928,2026-08-28T17:03:54-03:00,2026-08-28T17:08:54-03:00,2026-08-28T20:03:54+00:00,2026-08-28T20:08:54+00:00,-21.5,-20.9375,-21.2,60,2026-08-28T17:06:10.560863-03:00
2929,2026-08-28T17:08:54-03:00,2026-08-28T17:13:54-03:00,2026-08-28T20:08:54+00:00,2026-08-28T20:13:54+00:00,-20.875,-20.375,-20.64063,60,2026-08-28T17:11:10.345839-03:00
2930,2026-08-28T17:13:54-03:00,2026-08-28T17:18:54-03:00,2026-08-28T20:13:54+00:00,2026-08-28T20:18:54+00:00,-20.375,-19.9375,-20.13958,60,2026-08-28T17:16:09.976496-03:00
2931,2026-08-28T17:18:54-03:00,2026-08-28T17:23:54-03:00,2026-08-28T20:18:54+00:00,2026-08-28T20:23:54+00:00,-19.875,-19.5,-19.68125,60,2026-08-28T17:21:09.868437-03:00
2932,2026-08-28T17:23:54-03:00,2026-08-28T17:28:54-03:00,2026-08-28T20:23:54+00:00,2026-08-28T20:28:54+00:00,-21,-19.4375,-20.35938,60,2026-08-28T17:26:10.270854-03:00
2933,2026-08-28T17:28:54-03:00,2026-08-28T17:33:54-03:00,2026-08-28T20:28:54+00:00,2026-08-28T20:33:54+00:00,-22.3125,-21.0625,-21.69375,60,2026-08-28T17:31:09.993925-03:00
2934,2026-08-28T17:33:54-03:00,2026-08-28T17:38:54-03:00,2026-08-28T20:33:54+00:00,2026-08-28T20:38:54+00:00,-23.3125,-22.3125,-22.83125,60,2026-08-28T17:36:10.575340-03:00
2935,2026-08-28T17:38:54-03:00,2026-08-28T17:43:54-03:00,2026-08-28T20:38:54+00:00,2026-08-28T20:43:54+00:00,-24,-23.3125,-23.66042,60,2026-08-28T17:41:10.228488-03:00
2936,2026-08-28T17:43:54-03:00,2026-08-28T17:48:55-03:00,2026-08-28T20:43:54+00:00,2026-08-28T20:48:55+00:00,-24.4375,-24,-24.24167,60,2026-08-28T17:46:09.781412-03:00
2937,2026-08-28T17:48:55-03:00,2026-08-28T17:53:55-03:00,2026-08-28T20:48:55+00:00,2026-08-28T20:53:55+00:00,-24.8125,-24.5,-24.65313,60,2026-08-28T17:51:09.814726-03:00
2938,2026-08-28T17:53:55-03:00,2026-08-28T17:58:55-03:00,2026-08-28T20:53:55+00:00,2026-08-28T20:58:55+00:00,-25.125,-24.8125,-24.98438,60,2026-08-28T17:56:11.547896-03:00
2939,2026-08-28T17:58:55-03:00,2026-08-28T18:03:55-03:00,2026-08-28T20:58:55+00:00,2026-08-28T21:03:55+00:00,-25.375,-25.125,-25.25833,60,2026-08-28T18:01:13.111636-03:00
2940,2026-08-28T18:03:55-03:00,2026-08-28T18:08:55-03:00,2026-08-28T21:03:55+00:00,2026-08-28T21:08:55+00:00,-25.5625,-25.375,-25.47708,60,2026-08-28T18:06:11.356174-03:00
2941,2026-08-28T18:08:55-03:00,2026-08-28T18:13:55-03:00,2026-08-28T21:08:55+00:00,2026-08-28T21:13:55+00:00,-25.625,-23.8125,-24.6875,60,2026-08-28T18:11:10.774919-03:00
2942,2026-08-28T18:13:55-03:00,2026-08-28T18:18:55-03:00,2026-08-28T21:13:55+00:00,2026-08-28T21:18:55+00:00,-23.8125,-22.8125,-23.25312,60,2026-08-28T18:16:10.806864-03:00
2943,2026-08-28T18:18:55-03:00,2026-08-28T18:23:55-03:00,2026-08-28T21:18:55+00:00,2026-08-28T21:23:55+00:00,-22.8125,-22.125,-22.44687,60,2026-08-28T18:21:10.849678-03:00
2944,2026-08-28T18:23:55-03:00,2026-08-28T18:28:55-03:00,2026-08-28T21:23:55+00:00,2026-08-28T21:28:55+00:00,-22.125,-21.5,-21.80729,60,2026-08-28T18:26:11.003510-03:00
2945,2026-08-28T18:28:55-03:00,2026-08-28T18:33:56-03:00,2026-08-28T21:28:55+00:00,2026-08-28T21:33:56+00:00,-21.5,-21,-21.24167,60,2026-08-28T18:31:13.987324-03:00
2946,2026-08-28T18:33:56-03:00,2026-08-28T18:38:56-03:00,2026-08-28T21:33:56+00:00,2026-08-28T21:38:56+00:00,-21,-20.5,-20.74364,59,2026-08-28T18:36:10.535424-03:00
2947,2026-08-28T18:38:56-03:00,2026-08-28T18:43:56-03:00,2026-08-28T21:38:56+00:00,2026-08-28T21:43:56+00:00,-20.5,-20.0625,-20.28125,60,2026-08-28T18:41:12.644408-03:00
2948,2026-08-28T18:43:56-03:00,2026-08-28T18:48:56-03:00,2026-08-28T21:43:56+00:00,2026-08-28T21:48:56+00:00,-20.0625,-19.625,-19.85521,60,2026-08-28T18:46:11.239830-03:00
2949,2026-08-28T18:48:56-03:00,2026-08-28T18:53:56-03:00,2026-08-28T21:48:56+00:00,2026-08-28T21:53:56+00:00,-19.625,-19.25,-19.45833,60,2026-08-28T18:51:13.395327-03:00
2950,2026-08-28T18:53:56-03:00,2026-08-28T18:58:56-03:00,2026-08-28T21:53:56+00:00,2026-08-28T21:58:56+00:00,-20.5,-19.1875,-19.75,60,2026-08-28T18:56:10.923114-03:00
2951,2026-08-28T18:58:56-03:00,2026-08-28T19:03:56-03:00,2026-08-28T21:58:56+00:00,2026-08-28T22:03:56+00:00,-22,-20.5,-21.26042,60,2026-08-28T19:01:11.030200-03:00
2952,2026-08-28T19:03:56-03:00,2026-08-28T19:08:56-03:00,2026-08-28T22:03:56+00:00,2026-08-28T22:08:56+00:00,-23.1875,-22,-22.62917,60,2026-08-28T19:06:10.827973-03:00
2953,2026-08-28T19:08:56-03:00,2026-08-28T19:13:56-03:00,2026-08-28T22:08:56+00:00,2026-08-28T22:13:56+00:00,-24.0625,-23.1875,-23.64896,60,2026-08-28T19:11:13.139371-03:00
2954,2026-08-28T19:13:56-03:00,2026-08-28T19:18:56-03:00,2026-08-28T22:13:56+00:00,2026-08-28T22:18:56+00:00,-24.6875,-24.0625,-24.39167,60,2026-08-28T19:16:11.046961-03:00
2955,2026-08-28T19:18:56-03:00,2026-08-28T19:23:56-03:00,2026-08-28T22:18:56+00:00,2026-08-28T22:23:56+00:00,-25.125,-24.6875,-24.93958,60,2026-08-28T19:21:10.703336-03:00
2956,2026-08-28T19:23:56-03:00,2026-08-28T19:28:56-03:00,2026-08-28T22:23:56+00:00,2026-08-28T22:28:56+00:00,-25.5625,-25.1875,-25.35833,60,2026-08-28T19:26:10.895819-03:00
2957,2026-08-28T19:28:56-03:00,2026-08-28T19:33:56-03:00,2026-08-28T22:28:56+00:00,2026-08-28T22:33:56+00:00,-25.8125,-25.5625,-25.68646,60,2026-08-28T19:31:11.040832-03:00
2958,2026-08-28T19:33:56-03:00,2026-08-28T19:38:56-03:00,2026-08-28T22:33:56+00:00,2026-08-28T22:38:56+00:00,-25.875,-25,-25.55,60,2026-08-28T19:36:11.258702-03:00
2959,2026-08-28T19:38:56-03:00,2026-08-28T19:43:56-03:00,2026-08-28T22:38:56+00:00,2026-08-28T22:43:56+00:00,-25,-24,-24.47083,60,2026-08-28T19:41:11.143564-03:00
2960,2026-08-28T19:43:56-03:00,2026-08-28T19:48:56-03:00,2026-08-28T22:43:56+00:00,2026-08-28T22:48:56+00:00,-24,-23.1875,-23.57083,60,2026-08-28T19:46:11.201120-03:00
2961,2026-08-28T19:48:56-03:00,2026-08-28T19:53:56-03:00,2026-08-28T22:48:56+00:00,2026-08-28T22:53:56+00:00,-23.1875,-22.5625,-22.87292,60,2026-08-28T19:51:11.621608-03:00
2962,2026-08-28T19:53:56-03:00,2026-08-28T19:58:56-03:00,2026-08-28T22:53:56+00:00,2026-08-28T22:58:56+00:00,-22.5625,-22,-22.26563,60,2026-08-28T19:56:10.913621-03:00
2963,2026-08-28T19:58:56-03:00,2026-08-28T20:03:56-03:00,2026-08-28T22:58:56+00:00,2026-08-28T23:03:56+00:00,-22,-21.4375,-21.71354,60,2026-08-28T20:01:19.044296-03:00
2965,2026-08-28T20:03:56-03:00,2026-08-28T20:08:57-03:00,2026-08-28T23:03:56+00:00,2026-08-28T23:08:57+00:00,-21.4375,-21,-21.21186,59,2026-08-28T20:06:46.030539-03:00
2966,2026-08-28T20:08:57-03:00,2026-08-28T20:13:57-03:00,2026-08-28T23:08:57+00:00,2026-08-28T23:13:57+00:00,-20.9375,-20.5625,-20.76293,58,2026-08-28T20:11:18.210688-03:00
2967,2026-08-28T20:13:57-03:00,2026-08-28T20:18:57-03:00,2026-08-28T23:13:57+00:00,2026-08-28T23:18:57+00:00,-20.5625,-20.1875,-20.35487,59,2026-08-28T20:16:13.072079-03:00
2968,2026-08-28T20:18:57-03:00,2026-08-28T20:23:57-03:00,2026-08-28T23:18:57+00:00,2026-08-28T23:23:57+00:00,-20.1875,-19.8125,-19.98125,60,2026-08-28T20:23:01.803240-03:00
2969,2026-08-28T20:23:57-03:00,2026-08-28T20:28:57-03:00,2026-08-28T23:23:57+00:00,2026-08-28T23:28:57+00:00,-19.75,-19.5,-19.59146,41,2026-08-28T20:26:12.165113-03:00
2970,2026-08-28T20:28:57-03:00,2026-08-28T20:33:57-03:00,2026-08-28T23:28:57+00:00,2026-08-28T23:33:57+00:00,-19.4375,-19.125,-19.29896,60,2026-08-28T20:31:12.062860-03:00
2971,2026-08-28T20:33:57-03:00,2026-08-28T20:38:57-03:00,2026-08-28T23:33:57+00:00,2026-08-28T23:38:57+00:00,-19.25,-18.875,-19.01667,60,2026-08-28T20:36:14.901390-03:00
2972,2026-08-28T20:38:57-03:00,2026-08-28T20:43:57-03:00,2026-08-28T23:38:57+00:00,2026-08-28T23:43:57+00:00,-20.6875,-19.25,-19.94703,59,2026-08-28T20:41:11.655072-03:00
2973,2026-08-28T20:43:57-03:00,2026-08-28T20:48:57-03:00,2026-08-28T23:43:57+00:00,2026-08-28T23:48:57+00:00,-22.375,-20.75,-21.56667,60,2026-08-28T20:46:12.543051-03:00
2974,2026-08-28T20:48:57-03:00,2026-08-28T20:53:57-03:00,2026-08-28T23:48:57+00:00,2026-08-28T23:53:57+00:00,-23.625,-22.375,-23.01354,60,2026-08-28T20:51:11.506190-03:00
2975,2026-08-28T20:53:57-03:00,2026-08-28T20:58:57-03:00,2026-08-28T23:53:57+00:00,2026-08-28T23:58:57+00:00,-24.5,-23.625,-24.06562,60,2026-08-28T20:56:12.127271-03:00
2976,2026-08-28T20:58:57-03:00,2026-08-28T21:03:57-03:00,2026-08-28T23:58:57+00:00,2026-08-29T00:03:57+00:00,-25.125,-24.5,-24.82813,60,2026-08-28T21:01:12.120757-03:00
2977,2026-08-28T21:03:57-03:00,2026-08-28T21:08:57-03:00,2026-08-29T00:03:57+00:00,2026-08-29T00:08:57+00:00,-25.4375,-24.6875,-25.16667,60,2026-08-28T21:06:11.618388-03:00
2978,2026-08-28T21:08:57-03:00,2026-08-28T21:13:57-03:00,2026-08-29T00:08:57+00:00,2026-08-29T00:13:57+00:00,-24.6875,-24,-24.30208,60,2026-08-28T21:11:29.988826-03:00
2979,2026-08-28T21:13:57-03:00,2026-08-28T21:18:57-03:00,2026-08-29T00:13:57+00:00,2026-08-29T00:18:57+00:00,-23.9375,-23.25,-23.59822,56,2026-08-28T21:16:11.674186-03:00
2980,2026-08-28T21:18:57-03:00,2026-08-28T21:23:58-03:00,2026-08-29T00:18:57+00:00,2026-08-29T00:23:58+00:00,-23.25,-22.5,-22.86146,60,2026-08-28T21:21:11.699822-03:00
2981,2026-08-28T21:23:58-03:00,2026-08-28T21:28:58-03:00,2026-08-29T00:23:58+00:00,2026-08-29T00:28:58+00:00,-22.5,-21.8125,-22.14375,60,2026-08-28T21:26:14.851186-03:00
2982,2026-08-28T21:28:58-03:00,2026-08-28T21:33:58-03:00,2026-08-29T00:28:58+00:00,2026-08-29T00:33:58+00:00,-21.8125,-21.25,-21.50937,60,2026-08-28T21:31:12.508843-03:00
2983,2026-08-28T21:33:58-03:00,2026-08-28T21:38:58-03:00,2026-08-29T00:33:58+00:00,2026-08-29T00:38:58+00:00,-21.25,-20.75,-20.97396,60,2026-08-28T21:36:12.701708-03:00
2984,2026-08-28T21:38:58-03:00,2026-08-28T21:43:58-03:00,2026-08-29T00:38:58+00:00,2026-08-29T00:43:58+00:00,-20.75,-20.3125,-20.5125,60,2026-08-28T21:41:12.303091-03:00
2985,2026-08-28T21:43:58-03:00,2026-08-28T21:48:58-03:00,2026-08-29T00:43:58+00:00,2026-08-29T00:48:58+00:00,-20.3125,-19.875,-20.09792,60,2026-08-28T21:46:15.285369-03:00
2986,2026-08-28T21:48:58-03:00,2026-08-28T21:53:59-03:00,2026-08-29T00:48:58+00:00,2026-08-29T00:53:59+00:00,-19.875,-19.5625,-19.72083,60,2026-08-28T21:51:12.683949-03:00
2987,2026-08-28T21:53:59-03:00,2026-08-28T21:58:59-03:00,2026-08-29T00:53:59+00:00,2026-08-29T00:58:59+00:00,-19.5625,-19.1875,-19.36771,60,2026-08-28T21:56:23.188979-03:00
2988,2026-08-28T21:58:59-03:00,2026-08-28T22:03:59-03:00,2026-08-29T00:58:59+00:00,2026-08-29T01:03:59+00:00,-19.1875,-18.875,-19.03233,58,2026-08-28T22:01:13.336148-03:00
2989,2026-08-28T22:03:59-03:00,2026-08-28T22:08:59-03:00,2026-08-29T01:03:59+00:00,2026-08-29T01:08:59+00:00,-18.875,-18.5625,-18.73333,60,2026-08-28T22:06:13.176612-03:00
2990,2026-08-28T22:08:59-03:00,2026-08-28T22:13:59-03:00,2026-08-29T01:08:59+00:00,2026-08-29T01:13:59+00:00,-18.5625,-18.25,-18.42917,60,2026-08-28T22:11:13.190245-03:00
2991,2026-08-28T22:13:59-03:00,2026-08-28T22:18:59-03:00,2026-08-29T01:13:59+00:00,2026-08-29T01:18:59+00:00,-18.25,-17.875,-18.07292,60,2026-08-28T22:16:13.137806-03:00
2992,2026-08-28T22:18:59-03:00,2026-08-28T22:23:59-03:00,2026-08-29T01:18:59+00:00,2026-08-29T01:23:59+00:00,-17.875,-17.3125,-17.58229,60,2026-08-28T22:21:13.061526-03:00
2993,2026-08-28T22:23:59-03:00,2026-08-28T22:28:59-03:00,2026-08-29T01:23:59+00:00,2026-08-29T01:28:59+00:00,-17.25,-16.4375,-16.87396,60,2026-08-28T22:26:13.338593-03:00
2994,2026-08-28T22:28:59-03:00,2026-08-28T22:33:59-03:00,2026-08-29T01:28:59+00:00,2026-08-29T01:33:59+00:00,-16.4375,-15.4375,-15.95833,60,2026-08-28T22:31:13.505844-03:00
2995,2026-08-28T22:33:59-03:00,2026-08-28T22:38:59-03:00,2026-08-29T01:33:59+00:00,2026-08-29T01:38:59+00:00,-15.375,-13.8125,-14.64792,60,2026-08-28T22:36:13.144885-03:00
2996,2026-08-28T22:38:59-03:00,2026-08-28T22:43:59-03:00,2026-08-29T01:38:59+00:00,2026-08-29T01:43:59+00:00,-13.75,-11.6875,-12.76042,60,2026-08-28T22:41:13.247939-03:00
2997,2026-08-28T22:43:59-03:00,2026-08-28T22:48:59-03:00,2026-08-29T01:43:59+00:00,2026-08-29T01:48:59+00:00,-11.6875,-9.625,-10.60208,60,2026-08-28T22:46:13.151803-03:00
2998,2026-08-28T22:48:59-03:00,2026-08-28T22:53:59-03:00,2026-08-29T01:48:59+00:00,2026-08-29T01:53:59+00:00,-9.625,-7.8125,-8.792708,60,2026-08-28T22:51:13.031688-03:00
2999,2026-08-28T22:53:59-03:00,2026-08-28T22:58:59-03:00,2026-08-29T01:53:59+00:00,2026-08-29T01:58:59+00:00,-9.0625,-7.6875,-8.096875,60,2026-08-28T22:56:13.436650-03:00
3000,2026-08-28T22:58:59-03:00,2026-08-28T23:03:59-03:00,2026-08-29T01:58:59+00:00,2026-08-29T02:03:59+00:00,-12.3125,-9.125,-10.67292,60,2026-08-28T23:01:16.380138-03:00
3001,2026-08-28T23:03:59-03:00,2026-08-28T23:08:59-03:00,2026-08-29T02:03:59+00:00,2026-08-29T02:08:59+00:00,-15.125,-12.375,-13.83792,59,2026-08-28T23:06:13.600099-03:00
3002,2026-08-28T23:08:59-03:00,2026-08-28T23:13:59-03:00,2026-08-29T02:08:59+00:00,2026-08-29T02:13:59+00:00,-17.1875,-15.1875,-16.22396,60,2026-08-28T23:11:19.024804-03:00
3003,2026-08-28T23:13:59-03:00,2026-08-28T23:18:59-03:00,2026-08-29T02:13:59+00:00,2026-08-29T02:18:59+00:00,-18.625,-17.25,-17.95657,59,2026-08-28T23:16:13.131876-03:00
3004,2026-08-28T23:18:59-03:00,2026-08-28T23:24:00-03:00,2026-08-29T02:18:59+00:00,2026-08-29T02:24:00+00:00,-19.75,-18.625,-19.21771,60,2026-08-28T23:21:13.201694-03:00
3005,2026-08-28T23:24:00-03:00,2026-08-28T23:29:00-03:00,2026-08-29T02:24:00+00:00,2026-08-29T02:29:00+00:00,-20.5625,-19.75,-20.16354,60,2026-08-28T23:26:13.297382-03:00
3006,2026-08-28T23:29:00-03:00,2026-08-28T23:34:00-03:00,2026-08-29T02:29:00+00:00,2026-08-29T02:34:00+00:00,-21.1875,-20.5625,-20.88854,60,2026-08-28T23:31:13.178884-03:00
3007,2026-08-28T23:34:00-03:00,2026-08-28T23:39:00-03:00,2026-08-29T02:34:00+00:00,2026-08-29T02:39:00+00:00,-21.6875,-21.1875,-21.46563,60,2026-08-28T23:36:13.772725-03:00
3008,2026-08-28T23:39:00-03:00,2026-08-28T23:44:00-03:00,2026-08-29T02:39:00+00:00,2026-08-29T02:44:00+00:00,-22.125,-21.6875,-21.93958,60,2026-08-28T23:41:15.326172-03:00
3009,2026-08-28T23:44:00-03:00,2026-08-28T23:49:00-03:00,2026-08-29T02:44:00+00:00,2026-08-29T02:49:00+00:00,-22.5625,-22.1875,-22.34687,60,2026-08-28T23:46:13.263908-03:00
3010,2026-08-28T23:49:00-03:00,2026-08-28T23:54:00-03:00,2026-08-29T02:49:00+00:00,2026-08-29T02:54:00+00:00,-22.875,-22.5625,-22.69271,60,2026-08-28T23:52:13.516945-03:00
3011,2026-08-28T23:54:00-03:00,2026-08-28T23:59:00-03:00,2026-08-29T02:54:00+00:00,2026-08-29T02:59:00+00:00,-22.9375,-22.4375,-22.75108,58,2026-08-28T23:56:13.524806-03:00
3012,2026-08-28T23:59:00-03:00,2026-08-29T00:04:00-03:00,2026-08-29T02:59:00+00:00,2026-08-29T03:04:00+00:00,-22.4375,-21.6875,-22.06771,60,2026-08-29T00:01:13.442098-03:00
